ISO-10303-21;
HEADER;
FILE_DESCRIPTION(('FreeCAD Model'),'2;1');
FILE_NAME('Open CASCADE Shape Model','2026-07-30T14:28:25',(
    'kicad StepUp'),('ksu MCAD'),'Open CASCADE STEP processor 7.8',
  'FreeCAD','Unknown');
FILE_SCHEMA(('AUTOMOTIVE_DESIGN { 1 0 10303 214 1 1 1 1 }'));
ENDSEC;
DATA;
#1 = APPLICATION_PROTOCOL_DEFINITION('international standard',
  'automotive_design',2000,#2);
#2 = APPLICATION_CONTEXT(
  'core data for automotive mechanical design processes');
#3 = SHAPE_DEFINITION_REPRESENTATION(#4,#10);
#4 = PRODUCT_DEFINITION_SHAPE('','',#5);
#5 = PRODUCT_DEFINITION('design','',#6,#9);
#6 = PRODUCT_DEFINITION_FORMATION('','',#7);
#7 = PRODUCT('USB_B_Horizontal','USB_B_Horizontal','',(#8));
#8 = PRODUCT_CONTEXT('',#2,'mechanical');
#9 = PRODUCT_DEFINITION_CONTEXT('part definition',#2,'design');
#10 = ADVANCED_BREP_SHAPE_REPRESENTATION('',(#11,#15),#10393);
#11 = AXIS2_PLACEMENT_3D('',#12,#13,#14);
#12 = CARTESIAN_POINT('',(0.,0.,0.));
#13 = DIRECTION('',(0.,0.,1.));
#14 = DIRECTION('',(1.,0.,-0.));
#15 = MANIFOLD_SOLID_BREP('',#16);
#16 = CLOSED_SHELL('',(#17,#288,#319,#343,#367,#416,#463,#594,#634,#659,
    #683,#725,#768,#809,#833,#857,#913,#1009,#1033,#1225,#1274,#1296,
    #1318,#1381,#1405,#1429,#1446,#1509,#1533,#1557,#1574,#1665,#1704,
    #1728,#1760,#1784,#1901,#1918,#1935,#1952,#1969,#1986,#2003,#2092,
    #2109,#2126,#2143,#2160,#2177,#2189,#2224,#2275,#2299,#2343,#2401,
    #2655,#2679,#2906,#2938,#2962,#2987,#3004,#3036,#3060,#3085,#3102,
    #3135,#3176,#3200,#3224,#3248,#3272,#3296,#3320,#3344,#3378,#3411,
    #3443,#3467,#3499,#3524,#3548,#3573,#3605,#3629,#3654,#3687,#3738,
    #3777,#3801,#3833,#3872,#3896,#3928,#3945,#3957,#3974,#3991,#4008,
    #4058,#4089,#4113,#4137,#4371,#4492,#4516,#4630,#4647,#4664,#4699,
    #4743,#4770,#4804,#4889,#5003,#5025,#5042,#5059,#5094,#5116,#5156,
    #5168,#5192,#5209,#5226,#5261,#5296,#5341,#5363,#5380,#5397,#5409,
    #5454,#5476,#5493,#5510,#5522,#5557,#5579,#5601,#5613,#5625,#5666,
    #5706,#5740,#5811,#5851,#5892,#5932,#5973,#6006,#6057,#6074,#6086,
    #6098,#6110,#6141,#6165,#6189,#6206,#6237,#6261,#6285,#6302,#6324,
    #6346,#6358,#6380,#6402,#6414,#6445,#6470,#6494,#6511,#6542,#6567,
    #6591,#6608,#6625,#6642,#6659,#6676,#6688,#6705,#6722,#6739,#6756,
    #6768,#6785,#6796,#6807,#6832,#6856,#6874,#6905,#6923,#6941,#6966,
    #6990,#7008,#7020,#7071,#7122,#7139,#7151,#7163,#7180,#7212,#7229,
    #7255,#7280,#7297,#7329,#7353,#7377,#7401,#7425,#7449,#7474,#7506,
    #7523,#7561,#7586,#7598,#7622,#7647,#7672,#7689,#7713,#7737,#7754,
    #7766,#7778,#7790,#7802,#7854,#7881,#7908,#7942,#7954,#8010,#8022,
    #8039,#8050,#8061,#8228,#8252,#8412,#8429,#8441,#8497,#8521,#8570,
    #8587,#8604,#8621,#8677,#8701,#8750,#8767,#8784,#8801,#8857,#8881,
    #8930,#8947,#8964,#8981,#9037,#9061,#9110,#9127,#9144,#9161,#9173,
    #9185,#9197,#9209,#9221,#9233,#9245,#9257,#9337,#9368,#9426,#9450,
    #9501,#9518,#9535,#9552,#9569,#9581,#9612,#9670,#9694,#9719,#9762,
    #9779,#9796,#9813,#9825,#9905,#9936,#9994,#10018,#10069,#10086,
    #10103,#10120,#10137,#10149,#10180,#10238,#10262,#10287,#10330,
    #10347,#10364,#10381));
#17 = ADVANCED_FACE('',(#18,#52,#175,#195,#215,#249),#283,.F.);
#18 = FACE_BOUND('',#19,.T.);
#19 = EDGE_LOOP('',(#20,#30,#38,#46));
#20 = ORIENTED_EDGE('',*,*,#21,.F.);
#21 = EDGE_CURVE('',#22,#24,#26,.T.);
#22 = VERTEX_POINT('',#23);
#23 = CARTESIAN_POINT('',(0.13,4.8,6.29));
#24 = VERTEX_POINT('',#25);
#25 = CARTESIAN_POINT('',(1.7,4.8,6.29));
#26 = LINE('',#27,#28);
#27 = CARTESIAN_POINT('',(0.13,4.8,6.29));
#28 = VECTOR('',#29,1.);
#29 = DIRECTION('',(1.,0.,0.));
#30 = ORIENTED_EDGE('',*,*,#31,.F.);
#31 = EDGE_CURVE('',#32,#22,#34,.T.);
#32 = VERTEX_POINT('',#33);
#33 = CARTESIAN_POINT('',(0.13,4.8,4.69));
#34 = LINE('',#35,#36);
#35 = CARTESIAN_POINT('',(0.13,4.8,4.69));
#36 = VECTOR('',#37,1.);
#37 = DIRECTION('',(0.,0.,1.));
#38 = ORIENTED_EDGE('',*,*,#39,.F.);
#39 = EDGE_CURVE('',#40,#32,#42,.T.);
#40 = VERTEX_POINT('',#41);
#41 = CARTESIAN_POINT('',(1.7,4.8,4.69));
#42 = LINE('',#43,#44);
#43 = CARTESIAN_POINT('',(1.7,4.8,4.69));
#44 = VECTOR('',#45,1.);
#45 = DIRECTION('',(-1.,0.,0.));
#46 = ORIENTED_EDGE('',*,*,#47,.F.);
#47 = EDGE_CURVE('',#24,#40,#48,.T.);
#48 = LINE('',#49,#50);
#49 = CARTESIAN_POINT('',(1.7,4.8,6.29));
#50 = VECTOR('',#51,1.);
#51 = DIRECTION('',(0.,0.,-1.));
#52 = FACE_BOUND('',#53,.T.);
#53 = EDGE_LOOP('',(#54,#64,#72,#80,#89,#97,#105,#113,#121,#129,#137,
    #145,#153,#161,#169));
#54 = ORIENTED_EDGE('',*,*,#55,.T.);
#55 = EDGE_CURVE('',#56,#58,#60,.T.);
#56 = VERTEX_POINT('',#57);
#57 = CARTESIAN_POINT('',(14.487,4.8,0.49));
#58 = VERTEX_POINT('',#59);
#59 = CARTESIAN_POINT('',(14.487,4.8,9.E-02));
#60 = LINE('',#61,#62);
#61 = CARTESIAN_POINT('',(14.487,4.8,0.49));
#62 = VECTOR('',#63,1.);
#63 = DIRECTION('',(0.,0.,-1.));
#64 = ORIENTED_EDGE('',*,*,#65,.F.);
#65 = EDGE_CURVE('',#66,#58,#68,.T.);
#66 = VERTEX_POINT('',#67);
#67 = CARTESIAN_POINT('',(6.887,4.8,9.E-02));
#68 = LINE('',#69,#70);
#69 = CARTESIAN_POINT('',(15.1,4.8,9.E-02));
#70 = VECTOR('',#71,1.);
#71 = DIRECTION('',(1.,0.,0.));
#72 = ORIENTED_EDGE('',*,*,#73,.F.);
#73 = EDGE_CURVE('',#74,#66,#76,.T.);
#74 = VERTEX_POINT('',#75);
#75 = CARTESIAN_POINT('',(6.887,4.8,0.49));
#76 = LINE('',#77,#78);
#77 = CARTESIAN_POINT('',(6.887,4.8,-0.132594935395));
#78 = VECTOR('',#79,1.);
#79 = DIRECTION('',(-1.66E-15,0.,-1.));
#80 = ORIENTED_EDGE('',*,*,#81,.T.);
#81 = EDGE_CURVE('',#74,#82,#84,.T.);
#82 = VERTEX_POINT('',#83);
#83 = CARTESIAN_POINT('',(6.387,4.8,0.49));
#84 = CIRCLE('',#85,0.25);
#85 = AXIS2_PLACEMENT_3D('',#86,#87,#88);
#86 = CARTESIAN_POINT('',(6.637,4.8,0.490000017473));
#87 = DIRECTION('',(0.,-1.,0.));
#88 = DIRECTION('',(1.,0.,0.));
#89 = ORIENTED_EDGE('',*,*,#90,.F.);
#90 = EDGE_CURVE('',#91,#82,#93,.T.);
#91 = VERTEX_POINT('',#92);
#92 = CARTESIAN_POINT('',(5.7,4.8,0.49));
#93 = LINE('',#94,#95);
#94 = CARTESIAN_POINT('',(15.1,4.8,0.49));
#95 = VECTOR('',#96,1.);
#96 = DIRECTION('',(1.,0.,0.));
#97 = ORIENTED_EDGE('',*,*,#98,.F.);
#98 = EDGE_CURVE('',#99,#91,#101,.T.);
#99 = VERTEX_POINT('',#100);
#100 = CARTESIAN_POINT('',(5.7,4.8,-0.132594935395));
#101 = LINE('',#102,#103);
#102 = CARTESIAN_POINT('',(5.7,4.8,-0.132594935395));
#103 = VECTOR('',#104,1.);
#104 = DIRECTION('',(0.,0.,1.));
#105 = ORIENTED_EDGE('',*,*,#106,.T.);
#106 = EDGE_CURVE('',#99,#107,#109,.T.);
#107 = VERTEX_POINT('',#108);
#108 = CARTESIAN_POINT('',(3.7,4.8,-0.132594935395));
#109 = LINE('',#110,#111);
#110 = CARTESIAN_POINT('',(15.1,4.8,-0.132594935395));
#111 = VECTOR('',#112,1.);
#112 = DIRECTION('',(-1.,0.,0.));
#113 = ORIENTED_EDGE('',*,*,#114,.F.);
#114 = EDGE_CURVE('',#115,#107,#117,.T.);
#115 = VERTEX_POINT('',#116);
#116 = CARTESIAN_POINT('',(3.7,4.8,9.E-02));
#117 = LINE('',#118,#119);
#118 = CARTESIAN_POINT('',(3.7,4.8,-0.132594935395));
#119 = VECTOR('',#120,1.);
#120 = DIRECTION('',(0.,0.,-1.));
#121 = ORIENTED_EDGE('',*,*,#122,.F.);
#122 = EDGE_CURVE('',#123,#115,#125,.T.);
#123 = VERTEX_POINT('',#124);
#124 = CARTESIAN_POINT('',(2.9,4.8,9.E-02));
#125 = LINE('',#126,#127);
#126 = CARTESIAN_POINT('',(15.1,4.8,9.E-02));
#127 = VECTOR('',#128,1.);
#128 = DIRECTION('',(1.,0.,0.));
#129 = ORIENTED_EDGE('',*,*,#130,.F.);
#130 = EDGE_CURVE('',#131,#123,#133,.T.);
#131 = VERTEX_POINT('',#132);
#132 = CARTESIAN_POINT('',(2.9,4.8,0.24));
#133 = LINE('',#134,#135);
#134 = CARTESIAN_POINT('',(2.9,4.8,-0.132594935395));
#135 = VECTOR('',#136,1.);
#136 = DIRECTION('',(0.,0.,-1.));
#137 = ORIENTED_EDGE('',*,*,#138,.F.);
#138 = EDGE_CURVE('',#139,#131,#141,.T.);
#139 = VERTEX_POINT('',#140);
#140 = CARTESIAN_POINT('',(-1.1,4.8,0.24));
#141 = LINE('',#142,#143);
#142 = CARTESIAN_POINT('',(15.1,4.8,0.24));
#143 = VECTOR('',#144,1.);
#144 = DIRECTION('',(1.,0.,-4.E-17));
#145 = ORIENTED_EDGE('',*,*,#146,.T.);
#146 = EDGE_CURVE('',#139,#147,#149,.T.);
#147 = VERTEX_POINT('',#148);
#148 = CARTESIAN_POINT('',(-1.1,4.8,10.79));
#149 = LINE('',#150,#151);
#150 = CARTESIAN_POINT('',(-1.1,4.8,-0.132594935395));
#151 = VECTOR('',#152,1.);
#152 = DIRECTION('',(0.,0.,1.));
#153 = ORIENTED_EDGE('',*,*,#154,.F.);
#154 = EDGE_CURVE('',#155,#147,#157,.T.);
#155 = VERTEX_POINT('',#156);
#156 = CARTESIAN_POINT('',(15.1,4.8,10.79));
#157 = LINE('',#158,#159);
#158 = CARTESIAN_POINT('',(15.1,4.8,10.79));
#159 = VECTOR('',#160,1.);
#160 = DIRECTION('',(-1.,0.,0.));
#161 = ORIENTED_EDGE('',*,*,#162,.F.);
#162 = EDGE_CURVE('',#163,#155,#165,.T.);
#163 = VERTEX_POINT('',#164);
#164 = CARTESIAN_POINT('',(15.1,4.8,0.49));
#165 = LINE('',#166,#167);
#166 = CARTESIAN_POINT('',(15.1,4.8,-0.132594935395));
#167 = VECTOR('',#168,1.);
#168 = DIRECTION('',(0.,0.,1.));
#169 = ORIENTED_EDGE('',*,*,#170,.F.);
#170 = EDGE_CURVE('',#56,#163,#171,.T.);
#171 = LINE('',#172,#173);
#172 = CARTESIAN_POINT('',(15.1,4.8,0.49));
#173 = VECTOR('',#174,1.);
#174 = DIRECTION('',(1.,0.,-2.98E-15));
#175 = FACE_BOUND('',#176,.T.);
#176 = EDGE_LOOP('',(#177,#188));
#177 = ORIENTED_EDGE('',*,*,#178,.T.);
#178 = EDGE_CURVE('',#179,#181,#183,.T.);
#179 = VERTEX_POINT('',#180);
#180 = CARTESIAN_POINT('',(1.882842712475,4.8,8.89));
#181 = VERTEX_POINT('',#182);
#182 = CARTESIAN_POINT('',(1.6,4.8,9.172842712475));
#183 = CIRCLE('',#184,0.282842712475);
#184 = AXIS2_PLACEMENT_3D('',#185,#186,#187);
#185 = CARTESIAN_POINT('',(1.6,4.8,8.89));
#186 = DIRECTION('',(0.,-1.,0.));
#187 = DIRECTION('',(1.,0.,0.));
#188 = ORIENTED_EDGE('',*,*,#189,.T.);
#189 = EDGE_CURVE('',#181,#179,#190,.T.);
#190 = CIRCLE('',#191,0.282842712475);
#191 = AXIS2_PLACEMENT_3D('',#192,#193,#194);
#192 = CARTESIAN_POINT('',(1.6,4.8,8.89));
#193 = DIRECTION('',(0.,-1.,0.));
#194 = DIRECTION('',(1.,0.,0.));
#195 = FACE_BOUND('',#196,.T.);
#196 = EDGE_LOOP('',(#197,#208));
#197 = ORIENTED_EDGE('',*,*,#198,.T.);
#198 = EDGE_CURVE('',#199,#201,#203,.T.);
#199 = VERTEX_POINT('',#200);
#200 = CARTESIAN_POINT('',(1.882842712475,4.8,2.39));
#201 = VERTEX_POINT('',#202);
#202 = CARTESIAN_POINT('',(1.6,4.8,2.672842712475));
#203 = CIRCLE('',#204,0.282842712475);
#204 = AXIS2_PLACEMENT_3D('',#205,#206,#207);
#205 = CARTESIAN_POINT('',(1.6,4.8,2.39));
#206 = DIRECTION('',(0.,-1.,0.));
#207 = DIRECTION('',(1.,0.,0.));
#208 = ORIENTED_EDGE('',*,*,#209,.T.);
#209 = EDGE_CURVE('',#201,#199,#210,.T.);
#210 = CIRCLE('',#211,0.282842712475);
#211 = AXIS2_PLACEMENT_3D('',#212,#213,#214);
#212 = CARTESIAN_POINT('',(1.6,4.8,2.39));
#213 = DIRECTION('',(0.,-1.,0.));
#214 = DIRECTION('',(1.,0.,0.));
#215 = FACE_BOUND('',#216,.T.);
#216 = EDGE_LOOP('',(#217,#227,#235,#243));
#217 = ORIENTED_EDGE('',*,*,#218,.F.);
#218 = EDGE_CURVE('',#219,#221,#223,.T.);
#219 = VERTEX_POINT('',#220);
#220 = CARTESIAN_POINT('',(4.03,4.8,3.79));
#221 = VERTEX_POINT('',#222);
#222 = CARTESIAN_POINT('',(5.6,4.8,3.79));
#223 = LINE('',#224,#225);
#224 = CARTESIAN_POINT('',(4.03,4.8,3.79));
#225 = VECTOR('',#226,1.);
#226 = DIRECTION('',(1.,0.,0.));
#227 = ORIENTED_EDGE('',*,*,#228,.F.);
#228 = EDGE_CURVE('',#229,#219,#231,.T.);
#229 = VERTEX_POINT('',#230);
#230 = CARTESIAN_POINT('',(4.03,4.8,2.39));
#231 = LINE('',#232,#233);
#232 = CARTESIAN_POINT('',(4.03,4.8,2.39));
#233 = VECTOR('',#234,1.);
#234 = DIRECTION('',(0.,0.,1.));
#235 = ORIENTED_EDGE('',*,*,#236,.F.);
#236 = EDGE_CURVE('',#237,#229,#239,.T.);
#237 = VERTEX_POINT('',#238);
#238 = CARTESIAN_POINT('',(5.6,4.8,2.39));
#239 = LINE('',#240,#241);
#240 = CARTESIAN_POINT('',(5.6,4.8,2.39));
#241 = VECTOR('',#242,1.);
#242 = DIRECTION('',(-1.,0.,0.));
#243 = ORIENTED_EDGE('',*,*,#244,.F.);
#244 = EDGE_CURVE('',#221,#237,#245,.T.);
#245 = LINE('',#246,#247);
#246 = CARTESIAN_POINT('',(5.6,4.8,3.79));
#247 = VECTOR('',#248,1.);
#248 = DIRECTION('',(0.,0.,-1.));
#249 = FACE_BOUND('',#250,.T.);
#250 = EDGE_LOOP('',(#251,#261,#269,#277));
#251 = ORIENTED_EDGE('',*,*,#252,.F.);
#252 = EDGE_CURVE('',#253,#255,#257,.T.);
#253 = VERTEX_POINT('',#254);
#254 = CARTESIAN_POINT('',(4.03,4.8,8.74));
#255 = VERTEX_POINT('',#256);
#256 = CARTESIAN_POINT('',(5.6,4.8,8.74));
#257 = LINE('',#258,#259);
#258 = CARTESIAN_POINT('',(4.03,4.8,8.74));
#259 = VECTOR('',#260,1.);
#260 = DIRECTION('',(1.,0.,0.));
#261 = ORIENTED_EDGE('',*,*,#262,.F.);
#262 = EDGE_CURVE('',#263,#253,#265,.T.);
#263 = VERTEX_POINT('',#264);
#264 = CARTESIAN_POINT('',(4.03,4.8,7.34));
#265 = LINE('',#266,#267);
#266 = CARTESIAN_POINT('',(4.03,4.8,7.34));
#267 = VECTOR('',#268,1.);
#268 = DIRECTION('',(0.,0.,1.));
#269 = ORIENTED_EDGE('',*,*,#270,.F.);
#270 = EDGE_CURVE('',#271,#263,#273,.T.);
#271 = VERTEX_POINT('',#272);
#272 = CARTESIAN_POINT('',(5.6,4.8,7.34));
#273 = LINE('',#274,#275);
#274 = CARTESIAN_POINT('',(5.6,4.8,7.34));
#275 = VECTOR('',#276,1.);
#276 = DIRECTION('',(-1.,0.,0.));
#277 = ORIENTED_EDGE('',*,*,#278,.F.);
#278 = EDGE_CURVE('',#255,#271,#279,.T.);
#279 = LINE('',#280,#281);
#280 = CARTESIAN_POINT('',(5.6,4.8,8.74));
#281 = VECTOR('',#282,1.);
#282 = DIRECTION('',(0.,0.,-1.));
#283 = PLANE('',#284);
#284 = AXIS2_PLACEMENT_3D('',#285,#286,#287);
#285 = CARTESIAN_POINT('',(15.1,4.8,-0.132594935395));
#286 = DIRECTION('',(0.,-1.,0.));
#287 = DIRECTION('',(1.,0.,0.));
#288 = ADVANCED_FACE('',(#289),#314,.T.);
#289 = FACE_BOUND('',#290,.T.);
#290 = EDGE_LOOP('',(#291,#301,#307,#308));
#291 = ORIENTED_EDGE('',*,*,#292,.T.);
#292 = EDGE_CURVE('',#293,#295,#297,.T.);
#293 = VERTEX_POINT('',#294);
#294 = CARTESIAN_POINT('',(1.7,4.5,6.29));
#295 = VERTEX_POINT('',#296);
#296 = CARTESIAN_POINT('',(0.13,4.5,6.29));
#297 = LINE('',#298,#299);
#298 = CARTESIAN_POINT('',(15.1,4.5,6.29));
#299 = VECTOR('',#300,1.);
#300 = DIRECTION('',(-1.,0.,0.));
#301 = ORIENTED_EDGE('',*,*,#302,.F.);
#302 = EDGE_CURVE('',#22,#295,#303,.T.);
#303 = LINE('',#304,#305);
#304 = CARTESIAN_POINT('',(0.13,4.8,6.29));
#305 = VECTOR('',#306,1.);
#306 = DIRECTION('',(0.,-1.,0.));
#307 = ORIENTED_EDGE('',*,*,#21,.T.);
#308 = ORIENTED_EDGE('',*,*,#309,.T.);
#309 = EDGE_CURVE('',#24,#293,#310,.T.);
#310 = LINE('',#311,#312);
#311 = CARTESIAN_POINT('',(1.7,4.8,6.29));
#312 = VECTOR('',#313,1.);
#313 = DIRECTION('',(0.,-1.,0.));
#314 = PLANE('',#315);
#315 = AXIS2_PLACEMENT_3D('',#316,#317,#318);
#316 = CARTESIAN_POINT('',(0.13,4.8,6.29));
#317 = DIRECTION('',(0.,0.,-1.));
#318 = DIRECTION('',(-1.,0.,0.));
#319 = ADVANCED_FACE('',(#320),#338,.T.);
#320 = FACE_BOUND('',#321,.T.);
#321 = EDGE_LOOP('',(#322,#330,#336,#337));
#322 = ORIENTED_EDGE('',*,*,#323,.T.);
#323 = EDGE_CURVE('',#295,#324,#326,.T.);
#324 = VERTEX_POINT('',#325);
#325 = CARTESIAN_POINT('',(0.13,4.5,4.69));
#326 = LINE('',#327,#328);
#327 = CARTESIAN_POINT('',(0.13,4.5,9.E-02));
#328 = VECTOR('',#329,1.);
#329 = DIRECTION('',(0.,0.,-1.));
#330 = ORIENTED_EDGE('',*,*,#331,.F.);
#331 = EDGE_CURVE('',#32,#324,#332,.T.);
#332 = LINE('',#333,#334);
#333 = CARTESIAN_POINT('',(0.13,4.8,4.69));
#334 = VECTOR('',#335,1.);
#335 = DIRECTION('',(0.,-1.,0.));
#336 = ORIENTED_EDGE('',*,*,#31,.T.);
#337 = ORIENTED_EDGE('',*,*,#302,.T.);
#338 = PLANE('',#339);
#339 = AXIS2_PLACEMENT_3D('',#340,#341,#342);
#340 = CARTESIAN_POINT('',(0.13,4.8,4.69));
#341 = DIRECTION('',(1.,0.,0.));
#342 = DIRECTION('',(0.,1.,0.));
#343 = ADVANCED_FACE('',(#344),#362,.T.);
#344 = FACE_BOUND('',#345,.T.);
#345 = EDGE_LOOP('',(#346,#354,#360,#361));
#346 = ORIENTED_EDGE('',*,*,#347,.T.);
#347 = EDGE_CURVE('',#324,#348,#350,.T.);
#348 = VERTEX_POINT('',#349);
#349 = CARTESIAN_POINT('',(1.7,4.5,4.69));
#350 = LINE('',#351,#352);
#351 = CARTESIAN_POINT('',(15.1,4.5,4.69));
#352 = VECTOR('',#353,1.);
#353 = DIRECTION('',(1.,0.,0.));
#354 = ORIENTED_EDGE('',*,*,#355,.F.);
#355 = EDGE_CURVE('',#40,#348,#356,.T.);
#356 = LINE('',#357,#358);
#357 = CARTESIAN_POINT('',(1.7,4.8,4.69));
#358 = VECTOR('',#359,1.);
#359 = DIRECTION('',(0.,-1.,0.));
#360 = ORIENTED_EDGE('',*,*,#39,.T.);
#361 = ORIENTED_EDGE('',*,*,#331,.T.);
#362 = PLANE('',#363);
#363 = AXIS2_PLACEMENT_3D('',#364,#365,#366);
#364 = CARTESIAN_POINT('',(1.7,4.8,4.69));
#365 = DIRECTION('',(0.,0.,1.));
#366 = DIRECTION('',(1.,0.,0.));
#367 = ADVANCED_FACE('',(#368),#411,.T.);
#368 = FACE_BOUND('',#369,.T.);
#369 = EDGE_LOOP('',(#370,#371,#379,#387,#395,#403,#409,#410));
#370 = ORIENTED_EDGE('',*,*,#355,.T.);
#371 = ORIENTED_EDGE('',*,*,#372,.T.);
#372 = EDGE_CURVE('',#348,#373,#375,.T.);
#373 = VERTEX_POINT('',#374);
#374 = CARTESIAN_POINT('',(1.7,4.5,4.89));
#375 = LINE('',#376,#377);
#376 = CARTESIAN_POINT('',(1.7,4.5,9.E-02));
#377 = VECTOR('',#378,1.);
#378 = DIRECTION('',(0.,0.,1.));
#379 = ORIENTED_EDGE('',*,*,#380,.T.);
#380 = EDGE_CURVE('',#373,#381,#383,.T.);
#381 = VERTEX_POINT('',#382);
#382 = CARTESIAN_POINT('',(1.7,4.65,4.89));
#383 = LINE('',#384,#385);
#384 = CARTESIAN_POINT('',(1.7,4.4,4.89));
#385 = VECTOR('',#386,1.);
#386 = DIRECTION('',(0.,1.,0.));
#387 = ORIENTED_EDGE('',*,*,#388,.F.);
#388 = EDGE_CURVE('',#389,#381,#391,.T.);
#389 = VERTEX_POINT('',#390);
#390 = CARTESIAN_POINT('',(1.7,4.65,6.19));
#391 = LINE('',#392,#393);
#392 = CARTESIAN_POINT('',(1.7,4.65,6.19));
#393 = VECTOR('',#394,1.);
#394 = DIRECTION('',(0.,0.,-1.));
#395 = ORIENTED_EDGE('',*,*,#396,.F.);
#396 = EDGE_CURVE('',#397,#389,#399,.T.);
#397 = VERTEX_POINT('',#398);
#398 = CARTESIAN_POINT('',(1.7,4.5,6.19));
#399 = LINE('',#400,#401);
#400 = CARTESIAN_POINT('',(1.7,4.4,6.19));
#401 = VECTOR('',#402,1.);
#402 = DIRECTION('',(0.,1.,0.));
#403 = ORIENTED_EDGE('',*,*,#404,.T.);
#404 = EDGE_CURVE('',#397,#293,#405,.T.);
#405 = LINE('',#406,#407);
#406 = CARTESIAN_POINT('',(1.7,4.5,9.E-02));
#407 = VECTOR('',#408,1.);
#408 = DIRECTION('',(0.,0.,1.));
#409 = ORIENTED_EDGE('',*,*,#309,.F.);
#410 = ORIENTED_EDGE('',*,*,#47,.T.);
#411 = PLANE('',#412);
#412 = AXIS2_PLACEMENT_3D('',#413,#414,#415);
#413 = CARTESIAN_POINT('',(1.7,4.8,6.29));
#414 = DIRECTION('',(-1.,0.,0.));
#415 = DIRECTION('',(0.,-1.,0.));
#416 = ADVANCED_FACE('',(#417),#458,.T.);
#417 = FACE_BOUND('',#418,.T.);
#418 = EDGE_LOOP('',(#419,#429,#435,#436,#444,#452));
#419 = ORIENTED_EDGE('',*,*,#420,.T.);
#420 = EDGE_CURVE('',#421,#423,#425,.T.);
#421 = VERTEX_POINT('',#422);
#422 = CARTESIAN_POINT('',(14.487,4.2,0.39));
#423 = VERTEX_POINT('',#424);
#424 = CARTESIAN_POINT('',(14.487,4.2,9.E-02));
#425 = LINE('',#426,#427);
#426 = CARTESIAN_POINT('',(14.487,4.2,0.49));
#427 = VECTOR('',#428,1.);
#428 = DIRECTION('',(0.,0.,-1.));
#429 = ORIENTED_EDGE('',*,*,#430,.F.);
#430 = EDGE_CURVE('',#58,#423,#431,.T.);
#431 = LINE('',#432,#433);
#432 = CARTESIAN_POINT('',(14.487,4.8,9.E-02));
#433 = VECTOR('',#434,1.);
#434 = DIRECTION('',(-2.89E-15,-1.,0.));
#435 = ORIENTED_EDGE('',*,*,#55,.F.);
#436 = ORIENTED_EDGE('',*,*,#437,.T.);
#437 = EDGE_CURVE('',#56,#438,#440,.T.);
#438 = VERTEX_POINT('',#439);
#439 = CARTESIAN_POINT('',(14.487,4.5,0.49));
#440 = LINE('',#441,#442);
#441 = CARTESIAN_POINT('',(14.487,4.8,0.49));
#442 = VECTOR('',#443,1.);
#443 = DIRECTION('',(-2.89E-15,-1.,0.));
#444 = ORIENTED_EDGE('',*,*,#445,.F.);
#445 = EDGE_CURVE('',#446,#438,#448,.T.);
#446 = VERTEX_POINT('',#447);
#447 = CARTESIAN_POINT('',(14.487,4.5,0.39));
#448 = LINE('',#449,#450);
#449 = CARTESIAN_POINT('',(14.487,4.5,0.39));
#450 = VECTOR('',#451,1.);
#451 = DIRECTION('',(0.,0.,1.));
#452 = ORIENTED_EDGE('',*,*,#453,.F.);
#453 = EDGE_CURVE('',#421,#446,#454,.T.);
#454 = LINE('',#455,#456);
#455 = CARTESIAN_POINT('',(14.487,-7.,0.39));
#456 = VECTOR('',#457,1.);
#457 = DIRECTION('',(2.89E-15,1.,-7.E-17));
#458 = PLANE('',#459);
#459 = AXIS2_PLACEMENT_3D('',#460,#461,#462);
#460 = CARTESIAN_POINT('',(14.487,4.8,0.49));
#461 = DIRECTION('',(1.,-2.89E-15,0.));
#462 = DIRECTION('',(2.89E-15,1.,0.));
#463 = ADVANCED_FACE('',(#464),#589,.F.);
#464 = FACE_BOUND('',#465,.T.);
#465 = EDGE_LOOP('',(#466,#467,#475,#483,#491,#499,#507,#515,#523,#532,
    #541,#549,#557,#565,#574,#582,#588));
#466 = ORIENTED_EDGE('',*,*,#430,.T.);
#467 = ORIENTED_EDGE('',*,*,#468,.T.);
#468 = EDGE_CURVE('',#423,#469,#471,.T.);
#469 = VERTEX_POINT('',#470);
#470 = CARTESIAN_POINT('',(14.69,4.2,9.E-02));
#471 = LINE('',#472,#473);
#472 = CARTESIAN_POINT('',(14.487,4.2,9.E-02));
#473 = VECTOR('',#474,1.);
#474 = DIRECTION('',(1.,8.55E-15,0.));
#475 = ORIENTED_EDGE('',*,*,#476,.T.);
#476 = EDGE_CURVE('',#469,#477,#479,.T.);
#477 = VERTEX_POINT('',#478);
#478 = CARTESIAN_POINT('',(14.69,1.498,9.E-02));
#479 = LINE('',#480,#481);
#480 = CARTESIAN_POINT('',(14.69,6.25,9.E-02));
#481 = VECTOR('',#482,1.);
#482 = DIRECTION('',(0.,-1.,0.));
#483 = ORIENTED_EDGE('',*,*,#484,.T.);
#484 = EDGE_CURVE('',#477,#485,#487,.T.);
#485 = VERTEX_POINT('',#486);
#486 = CARTESIAN_POINT('',(13.737,1.498,9.E-02));
#487 = LINE('',#488,#489);
#488 = CARTESIAN_POINT('',(14.69,1.498,9.E-02));
#489 = VECTOR('',#490,1.);
#490 = DIRECTION('',(-1.,0.,0.));
#491 = ORIENTED_EDGE('',*,*,#492,.T.);
#492 = EDGE_CURVE('',#485,#493,#495,.T.);
#493 = VERTEX_POINT('',#494);
#494 = CARTESIAN_POINT('',(13.737,-0.2,9.E-02));
#495 = LINE('',#496,#497);
#496 = CARTESIAN_POINT('',(13.737,1.498,9.E-02));
#497 = VECTOR('',#498,1.);
#498 = DIRECTION('',(0.,-1.,0.));
#499 = ORIENTED_EDGE('',*,*,#500,.T.);
#500 = EDGE_CURVE('',#493,#501,#503,.T.);
#501 = VERTEX_POINT('',#502);
#502 = CARTESIAN_POINT('',(14.69,-0.2,9.E-02));
#503 = LINE('',#504,#505);
#504 = CARTESIAN_POINT('',(13.737,-0.2,9.E-02));
#505 = VECTOR('',#506,1.);
#506 = DIRECTION('',(1.,0.,0.));
#507 = ORIENTED_EDGE('',*,*,#508,.T.);
#508 = EDGE_CURVE('',#501,#509,#511,.T.);
#509 = VERTEX_POINT('',#510);
#510 = CARTESIAN_POINT('',(14.69,-1.051,9.E-02));
#511 = LINE('',#512,#513);
#512 = CARTESIAN_POINT('',(14.69,6.25,9.E-02));
#513 = VECTOR('',#514,1.);
#514 = DIRECTION('',(0.,-1.,0.));
#515 = ORIENTED_EDGE('',*,*,#516,.T.);
#516 = EDGE_CURVE('',#509,#517,#519,.T.);
#517 = VERTEX_POINT('',#518);
#518 = CARTESIAN_POINT('',(12.796037984591,-1.051,9.E-02));
#519 = LINE('',#520,#521);
#520 = CARTESIAN_POINT('',(14.69,-1.051,9.E-02));
#521 = VECTOR('',#522,1.);
#522 = DIRECTION('',(-1.,9.E-17,0.));
#523 = ORIENTED_EDGE('',*,*,#524,.T.);
#524 = EDGE_CURVE('',#517,#525,#527,.T.);
#525 = VERTEX_POINT('',#526);
#526 = CARTESIAN_POINT('',(12.730381034033,-0.918912668953,9.E-02));
#527 = CIRCLE('',#528,0.6);
#528 = AXIS2_PLACEMENT_3D('',#529,#530,#531);
#529 = CARTESIAN_POINT('',(12.23,-1.25,9.E-02));
#530 = DIRECTION('',(0.,-0.,1.));
#531 = DIRECTION('',(0.,1.,0.));
#532 = ORIENTED_EDGE('',*,*,#533,.T.);
#533 = EDGE_CURVE('',#525,#534,#536,.T.);
#534 = VERTEX_POINT('',#535);
#535 = CARTESIAN_POINT('',(12.237,-0.5,9.E-02));
#536 = CIRCLE('',#537,0.5);
#537 = AXIS2_PLACEMENT_3D('',#538,#539,#540);
#538 = CARTESIAN_POINT('',(12.237,-1.,9.E-02));
#539 = DIRECTION('',(0.,-0.,1.));
#540 = DIRECTION('',(0.,1.,0.));
#541 = ORIENTED_EDGE('',*,*,#542,.T.);
#542 = EDGE_CURVE('',#534,#543,#545,.T.);
#543 = VERTEX_POINT('',#544);
#544 = CARTESIAN_POINT('',(6.887,-0.5,9.E-02));
#545 = LINE('',#546,#547);
#546 = CARTESIAN_POINT('',(12.237,-0.5,9.E-02));
#547 = VECTOR('',#548,1.);
#548 = DIRECTION('',(-1.,0.,0.));
#549 = ORIENTED_EDGE('',*,*,#550,.F.);
#550 = EDGE_CURVE('',#551,#543,#553,.T.);
#551 = VERTEX_POINT('',#552);
#552 = CARTESIAN_POINT('',(6.887,1.97,9.E-02));
#553 = LINE('',#554,#555);
#554 = CARTESIAN_POINT('',(6.887,6.25,9.E-02));
#555 = VECTOR('',#556,1.);
#556 = DIRECTION('',(0.,-1.,0.));
#557 = ORIENTED_EDGE('',*,*,#558,.T.);
#558 = EDGE_CURVE('',#551,#559,#561,.T.);
#559 = VERTEX_POINT('',#560);
#560 = CARTESIAN_POINT('',(8.437,1.97,9.E-02));
#561 = LINE('',#562,#563);
#562 = CARTESIAN_POINT('',(6.887,1.97,9.E-02));
#563 = VECTOR('',#564,1.);
#564 = DIRECTION('',(1.,5.6E-16,0.));
#565 = ORIENTED_EDGE('',*,*,#566,.T.);
#566 = EDGE_CURVE('',#559,#567,#569,.T.);
#567 = VERTEX_POINT('',#568);
#568 = CARTESIAN_POINT('',(8.437,3.27,9.E-02));
#569 = CIRCLE('',#570,0.65);
#570 = AXIS2_PLACEMENT_3D('',#571,#572,#573);
#571 = CARTESIAN_POINT('',(8.43699998334,2.62,9.E-02));
#572 = DIRECTION('',(0.,-0.,1.));
#573 = DIRECTION('',(0.,1.,0.));
#574 = ORIENTED_EDGE('',*,*,#575,.T.);
#575 = EDGE_CURVE('',#567,#576,#578,.T.);
#576 = VERTEX_POINT('',#577);
#577 = CARTESIAN_POINT('',(6.887,3.27,9.E-02));
#578 = LINE('',#579,#580);
#579 = CARTESIAN_POINT('',(8.437,3.27,9.E-02));
#580 = VECTOR('',#581,1.);
#581 = DIRECTION('',(-1.,0.,0.));
#582 = ORIENTED_EDGE('',*,*,#583,.F.);
#583 = EDGE_CURVE('',#66,#576,#584,.T.);
#584 = LINE('',#585,#586);
#585 = CARTESIAN_POINT('',(6.887,6.25,9.E-02));
#586 = VECTOR('',#587,1.);
#587 = DIRECTION('',(0.,-1.,0.));
#588 = ORIENTED_EDGE('',*,*,#65,.T.);
#589 = PLANE('',#590);
#590 = AXIS2_PLACEMENT_3D('',#591,#592,#593);
#591 = CARTESIAN_POINT('',(15.1,-7.,9.E-02));
#592 = DIRECTION('',(0.,0.,1.));
#593 = DIRECTION('',(1.,0.,0.));
#594 = ADVANCED_FACE('',(#595),#629,.T.);
#595 = FACE_BOUND('',#596,.T.);
#596 = EDGE_LOOP('',(#597,#598,#606,#614,#622,#628));
#597 = ORIENTED_EDGE('',*,*,#583,.T.);
#598 = ORIENTED_EDGE('',*,*,#599,.F.);
#599 = EDGE_CURVE('',#600,#576,#602,.T.);
#600 = VERTEX_POINT('',#601);
#601 = CARTESIAN_POINT('',(6.887,3.27,0.39));
#602 = LINE('',#603,#604);
#603 = CARTESIAN_POINT('',(6.887,3.27,0.49));
#604 = VECTOR('',#605,1.);
#605 = DIRECTION('',(0.,0.,-1.));
#606 = ORIENTED_EDGE('',*,*,#607,.T.);
#607 = EDGE_CURVE('',#600,#608,#610,.T.);
#608 = VERTEX_POINT('',#609);
#609 = CARTESIAN_POINT('',(6.887,4.5,0.39));
#610 = LINE('',#611,#612);
#611 = CARTESIAN_POINT('',(6.887,6.25,0.39));
#612 = VECTOR('',#613,1.);
#613 = DIRECTION('',(0.,1.,-7.E-17));
#614 = ORIENTED_EDGE('',*,*,#615,.T.);
#615 = EDGE_CURVE('',#608,#616,#618,.T.);
#616 = VERTEX_POINT('',#617);
#617 = CARTESIAN_POINT('',(6.887,4.5,0.490000017473));
#618 = LINE('',#619,#620);
#619 = CARTESIAN_POINT('',(6.887,4.5,0.49));
#620 = VECTOR('',#621,1.);
#621 = DIRECTION('',(1.66E-15,0.,1.));
#622 = ORIENTED_EDGE('',*,*,#623,.F.);
#623 = EDGE_CURVE('',#74,#616,#624,.T.);
#624 = LINE('',#625,#626);
#625 = CARTESIAN_POINT('',(6.887,6.25,0.49));
#626 = VECTOR('',#627,1.);
#627 = DIRECTION('',(0.,-1.,0.));
#628 = ORIENTED_EDGE('',*,*,#73,.T.);
#629 = PLANE('',#630);
#630 = AXIS2_PLACEMENT_3D('',#631,#632,#633);
#631 = CARTESIAN_POINT('',(6.887,6.25,0.49));
#632 = DIRECTION('',(-1.,0.,1.66E-15));
#633 = DIRECTION('',(1.66E-15,0.,1.));
#634 = ADVANCED_FACE('',(#635),#654,.F.);
#635 = FACE_BOUND('',#636,.F.);
#636 = EDGE_LOOP('',(#637,#638,#646,#653));
#637 = ORIENTED_EDGE('',*,*,#81,.T.);
#638 = ORIENTED_EDGE('',*,*,#639,.T.);
#639 = EDGE_CURVE('',#82,#640,#642,.T.);
#640 = VERTEX_POINT('',#641);
#641 = CARTESIAN_POINT('',(6.387,4.5,0.49));
#642 = LINE('',#643,#644);
#643 = CARTESIAN_POINT('',(6.387,6.25,0.49));
#644 = VECTOR('',#645,1.);
#645 = DIRECTION('',(0.,-1.,0.));
#646 = ORIENTED_EDGE('',*,*,#647,.F.);
#647 = EDGE_CURVE('',#616,#640,#648,.T.);
#648 = CIRCLE('',#649,0.25);
#649 = AXIS2_PLACEMENT_3D('',#650,#651,#652);
#650 = CARTESIAN_POINT('',(6.637,4.5,0.490000017473));
#651 = DIRECTION('',(0.,-1.,0.));
#652 = DIRECTION('',(1.,0.,0.));
#653 = ORIENTED_EDGE('',*,*,#623,.F.);
#654 = CYLINDRICAL_SURFACE('',#655,0.25);
#655 = AXIS2_PLACEMENT_3D('',#656,#657,#658);
#656 = CARTESIAN_POINT('',(6.637,6.25,0.490000017473));
#657 = DIRECTION('',(0.,-1.,0.));
#658 = DIRECTION('',(1.,0.,0.));
#659 = ADVANCED_FACE('',(#660),#678,.T.);
#660 = FACE_BOUND('',#661,.T.);
#661 = EDGE_LOOP('',(#662,#663,#671,#677));
#662 = ORIENTED_EDGE('',*,*,#639,.T.);
#663 = ORIENTED_EDGE('',*,*,#664,.T.);
#664 = EDGE_CURVE('',#640,#665,#667,.T.);
#665 = VERTEX_POINT('',#666);
#666 = CARTESIAN_POINT('',(5.7,4.5,0.49));
#667 = LINE('',#668,#669);
#668 = CARTESIAN_POINT('',(5.7,4.5,0.49));
#669 = VECTOR('',#670,1.);
#670 = DIRECTION('',(-1.,0.,0.));
#671 = ORIENTED_EDGE('',*,*,#672,.F.);
#672 = EDGE_CURVE('',#91,#665,#673,.T.);
#673 = LINE('',#674,#675);
#674 = CARTESIAN_POINT('',(5.7,6.25,0.49));
#675 = VECTOR('',#676,1.);
#676 = DIRECTION('',(0.,-1.,0.));
#677 = ORIENTED_EDGE('',*,*,#90,.T.);
#678 = PLANE('',#679);
#679 = AXIS2_PLACEMENT_3D('',#680,#681,#682);
#680 = CARTESIAN_POINT('',(5.7,6.25,0.49));
#681 = DIRECTION('',(0.,0.,-1.));
#682 = DIRECTION('',(-1.,0.,0.));
#683 = ADVANCED_FACE('',(#684),#720,.T.);
#684 = FACE_BOUND('',#685,.T.);
#685 = EDGE_LOOP('',(#686,#687,#695,#704,#712,#719));
#686 = ORIENTED_EDGE('',*,*,#672,.T.);
#687 = ORIENTED_EDGE('',*,*,#688,.T.);
#688 = EDGE_CURVE('',#665,#689,#691,.T.);
#689 = VERTEX_POINT('',#690);
#690 = CARTESIAN_POINT('',(5.7,4.5,-0.132594935395));
#691 = LINE('',#692,#693);
#692 = CARTESIAN_POINT('',(5.7,4.5,9.E-02));
#693 = VECTOR('',#694,1.);
#694 = DIRECTION('',(0.,0.,-1.));
#695 = ORIENTED_EDGE('',*,*,#696,.T.);
#696 = EDGE_CURVE('',#689,#697,#699,.T.);
#697 = VERTEX_POINT('',#698);
#698 = CARTESIAN_POINT('',(5.7,4.585162306782,-0.71));
#699 = CIRCLE('',#700,2.);
#700 = AXIS2_PLACEMENT_3D('',#701,#702,#703);
#701 = CARTESIAN_POINT('',(5.7,6.5,-0.132594935395));
#702 = DIRECTION('',(1.,0.,0.));
#703 = DIRECTION('',(0.,1.,0.));
#704 = ORIENTED_EDGE('',*,*,#705,.F.);
#705 = EDGE_CURVE('',#706,#697,#708,.T.);
#706 = VERTEX_POINT('',#707);
#707 = CARTESIAN_POINT('',(5.7,4.901061792511,-0.71));
#708 = LINE('',#709,#710);
#709 = CARTESIAN_POINT('',(5.7,6.25,-0.71));
#710 = VECTOR('',#711,1.);
#711 = DIRECTION('',(0.,-1.,0.));
#712 = ORIENTED_EDGE('',*,*,#713,.F.);
#713 = EDGE_CURVE('',#99,#706,#714,.T.);
#714 = CIRCLE('',#715,1.7);
#715 = AXIS2_PLACEMENT_3D('',#716,#717,#718);
#716 = CARTESIAN_POINT('',(5.7,6.5,-0.132594935395));
#717 = DIRECTION('',(1.,0.,0.));
#718 = DIRECTION('',(0.,1.,0.));
#719 = ORIENTED_EDGE('',*,*,#98,.T.);
#720 = PLANE('',#721);
#721 = AXIS2_PLACEMENT_3D('',#722,#723,#724);
#722 = CARTESIAN_POINT('',(5.7,6.25,-0.71));
#723 = DIRECTION('',(1.,0.,0.));
#724 = DIRECTION('',(0.,1.,0.));
#725 = ADVANCED_FACE('',(#726),#763,.F.);
#726 = FACE_BOUND('',#727,.F.);
#727 = EDGE_LOOP('',(#728,#738,#745,#746,#747,#756));
#728 = ORIENTED_EDGE('',*,*,#729,.F.);
#729 = EDGE_CURVE('',#730,#732,#734,.T.);
#730 = VERTEX_POINT('',#731);
#731 = CARTESIAN_POINT('',(5.650576450084,5.216993713621,-1.247895284679
    ));
#732 = VERTEX_POINT('',#733);
#733 = CARTESIAN_POINT('',(3.749423549916,5.216993713621,-1.247895284679
    ));
#734 = LINE('',#735,#736);
#735 = CARTESIAN_POINT('',(15.1,5.216993713621,-1.247895284679));
#736 = VECTOR('',#737,1.);
#737 = DIRECTION('',(-1.,0.,0.));
#738 = ORIENTED_EDGE('',*,*,#739,.F.);
#739 = EDGE_CURVE('',#706,#730,#740,.T.);
#740 = ELLIPSE('',#741,1.707161064348,1.7);
#741 = AXIS2_PLACEMENT_3D('',#742,#743,#744);
#742 = CARTESIAN_POINT('',(5.753053835653,6.5,-0.132594935395));
#743 = DIRECTION('',(0.995805279011,0.,-9.149779393031E-02));
#744 = DIRECTION('',(-9.149779393031E-02,0.,-0.995805279011));
#745 = ORIENTED_EDGE('',*,*,#713,.F.);
#746 = ORIENTED_EDGE('',*,*,#106,.T.);
#747 = ORIENTED_EDGE('',*,*,#748,.F.);
#748 = EDGE_CURVE('',#749,#107,#751,.T.);
#749 = VERTEX_POINT('',#750);
#750 = CARTESIAN_POINT('',(3.7,4.901061792511,-0.71));
#751 = CIRCLE('',#752,1.7);
#752 = AXIS2_PLACEMENT_3D('',#753,#754,#755);
#753 = CARTESIAN_POINT('',(3.7,6.5,-0.132594935395));
#754 = DIRECTION('',(-1.,0.,0.));
#755 = DIRECTION('',(0.,-1.,0.));
#756 = ORIENTED_EDGE('',*,*,#757,.F.);
#757 = EDGE_CURVE('',#732,#749,#758,.T.);
#758 = ELLIPSE('',#759,1.707161064348,1.7);
#759 = AXIS2_PLACEMENT_3D('',#760,#761,#762);
#760 = CARTESIAN_POINT('',(3.646946164347,6.5,-0.132594935395));
#761 = DIRECTION('',(-0.995805279011,0.,-9.149779393031E-02));
#762 = DIRECTION('',(-9.149779393031E-02,0.,0.995805279011));
#763 = CYLINDRICAL_SURFACE('',#764,1.7);
#764 = AXIS2_PLACEMENT_3D('',#765,#766,#767);
#765 = CARTESIAN_POINT('',(15.1,6.5,-0.132594935395));
#766 = DIRECTION('',(-1.,0.,0.));
#767 = DIRECTION('',(0.,-1.,0.));
#768 = ADVANCED_FACE('',(#769),#804,.T.);
#769 = FACE_BOUND('',#770,.T.);
#770 = EDGE_LOOP('',(#771,#781,#787,#788,#789,#797));
#771 = ORIENTED_EDGE('',*,*,#772,.T.);
#772 = EDGE_CURVE('',#773,#775,#777,.T.);
#773 = VERTEX_POINT('',#774);
#774 = CARTESIAN_POINT('',(3.7,4.5,-0.132594935395));
#775 = VERTEX_POINT('',#776);
#776 = CARTESIAN_POINT('',(3.7,4.5,9.E-02));
#777 = LINE('',#778,#779);
#778 = CARTESIAN_POINT('',(3.7,4.5,9.E-02));
#779 = VECTOR('',#780,1.);
#780 = DIRECTION('',(0.,0.,1.));
#781 = ORIENTED_EDGE('',*,*,#782,.F.);
#782 = EDGE_CURVE('',#115,#775,#783,.T.);
#783 = LINE('',#784,#785);
#784 = CARTESIAN_POINT('',(3.7,6.25,9.E-02));
#785 = VECTOR('',#786,1.);
#786 = DIRECTION('',(0.,-1.,0.));
#787 = ORIENTED_EDGE('',*,*,#114,.T.);
#788 = ORIENTED_EDGE('',*,*,#748,.F.);
#789 = ORIENTED_EDGE('',*,*,#790,.T.);
#790 = EDGE_CURVE('',#749,#791,#793,.T.);
#791 = VERTEX_POINT('',#792);
#792 = CARTESIAN_POINT('',(3.7,4.585162306782,-0.71));
#793 = LINE('',#794,#795);
#794 = CARTESIAN_POINT('',(3.7,6.25,-0.71));
#795 = VECTOR('',#796,1.);
#796 = DIRECTION('',(0.,-1.,0.));
#797 = ORIENTED_EDGE('',*,*,#798,.T.);
#798 = EDGE_CURVE('',#791,#773,#799,.T.);
#799 = CIRCLE('',#800,2.);
#800 = AXIS2_PLACEMENT_3D('',#801,#802,#803);
#801 = CARTESIAN_POINT('',(3.7,6.5,-0.132594935395));
#802 = DIRECTION('',(-1.,0.,0.));
#803 = DIRECTION('',(0.,-1.,0.));
#804 = PLANE('',#805);
#805 = AXIS2_PLACEMENT_3D('',#806,#807,#808);
#806 = CARTESIAN_POINT('',(3.7,6.25,9.E-02));
#807 = DIRECTION('',(-1.,0.,0.));
#808 = DIRECTION('',(0.,-1.,0.));
#809 = ADVANCED_FACE('',(#810),#828,.F.);
#810 = FACE_BOUND('',#811,.T.);
#811 = EDGE_LOOP('',(#812,#820,#826,#827));
#812 = ORIENTED_EDGE('',*,*,#813,.T.);
#813 = EDGE_CURVE('',#775,#814,#816,.T.);
#814 = VERTEX_POINT('',#815);
#815 = CARTESIAN_POINT('',(2.9,4.5,9.E-02));
#816 = LINE('',#817,#818);
#817 = CARTESIAN_POINT('',(6.887,4.5,9.E-02));
#818 = VECTOR('',#819,1.);
#819 = DIRECTION('',(-1.,0.,0.));
#820 = ORIENTED_EDGE('',*,*,#821,.F.);
#821 = EDGE_CURVE('',#123,#814,#822,.T.);
#822 = LINE('',#823,#824);
#823 = CARTESIAN_POINT('',(2.9,6.25,9.E-02));
#824 = VECTOR('',#825,1.);
#825 = DIRECTION('',(0.,-1.,0.));
#826 = ORIENTED_EDGE('',*,*,#122,.T.);
#827 = ORIENTED_EDGE('',*,*,#782,.T.);
#828 = PLANE('',#829);
#829 = AXIS2_PLACEMENT_3D('',#830,#831,#832);
#830 = CARTESIAN_POINT('',(15.1,-7.,9.E-02));
#831 = DIRECTION('',(0.,0.,1.));
#832 = DIRECTION('',(1.,0.,0.));
#833 = ADVANCED_FACE('',(#834),#852,.T.);
#834 = FACE_BOUND('',#835,.T.);
#835 = EDGE_LOOP('',(#836,#837,#845,#851));
#836 = ORIENTED_EDGE('',*,*,#821,.T.);
#837 = ORIENTED_EDGE('',*,*,#838,.T.);
#838 = EDGE_CURVE('',#814,#839,#841,.T.);
#839 = VERTEX_POINT('',#840);
#840 = CARTESIAN_POINT('',(2.9,4.5,0.24));
#841 = LINE('',#842,#843);
#842 = CARTESIAN_POINT('',(2.9,4.5,0.24));
#843 = VECTOR('',#844,1.);
#844 = DIRECTION('',(0.,0.,1.));
#845 = ORIENTED_EDGE('',*,*,#846,.F.);
#846 = EDGE_CURVE('',#131,#839,#847,.T.);
#847 = LINE('',#848,#849);
#848 = CARTESIAN_POINT('',(2.9,6.25,0.24));
#849 = VECTOR('',#850,1.);
#850 = DIRECTION('',(0.,-1.,0.));
#851 = ORIENTED_EDGE('',*,*,#130,.T.);
#852 = PLANE('',#853);
#853 = AXIS2_PLACEMENT_3D('',#854,#855,#856);
#854 = CARTESIAN_POINT('',(2.9,6.25,0.24));
#855 = DIRECTION('',(-1.,0.,0.));
#856 = DIRECTION('',(0.,-1.,0.));
#857 = ADVANCED_FACE('',(#858),#908,.T.);
#858 = FACE_BOUND('',#859,.T.);
#859 = EDGE_LOOP('',(#860,#861,#869,#877,#885,#893,#901,#907));
#860 = ORIENTED_EDGE('',*,*,#846,.T.);
#861 = ORIENTED_EDGE('',*,*,#862,.T.);
#862 = EDGE_CURVE('',#839,#863,#865,.T.);
#863 = VERTEX_POINT('',#864);
#864 = CARTESIAN_POINT('',(-0.8,4.5,0.24));
#865 = LINE('',#866,#867);
#866 = CARTESIAN_POINT('',(-6.1,4.5,0.24));
#867 = VECTOR('',#868,1.);
#868 = DIRECTION('',(-1.,0.,4.E-17));
#869 = ORIENTED_EDGE('',*,*,#870,.T.);
#870 = EDGE_CURVE('',#863,#871,#873,.T.);
#871 = VERTEX_POINT('',#872);
#872 = CARTESIAN_POINT('',(-0.8,-7.,0.24));
#873 = LINE('',#874,#875);
#874 = CARTESIAN_POINT('',(-0.8,6.25,0.24));
#875 = VECTOR('',#876,1.);
#876 = DIRECTION('',(-8.E-17,-1.,0.));
#877 = ORIENTED_EDGE('',*,*,#878,.T.);
#878 = EDGE_CURVE('',#871,#879,#881,.T.);
#879 = VERTEX_POINT('',#880);
#880 = CARTESIAN_POINT('',(2.9,-7.,0.24));
#881 = LINE('',#882,#883);
#882 = CARTESIAN_POINT('',(-6.1,-7.,0.24));
#883 = VECTOR('',#884,1.);
#884 = DIRECTION('',(1.,0.,-4.E-17));
#885 = ORIENTED_EDGE('',*,*,#886,.T.);
#886 = EDGE_CURVE('',#879,#887,#889,.T.);
#887 = VERTEX_POINT('',#888);
#888 = CARTESIAN_POINT('',(2.9,-7.3,0.24));
#889 = LINE('',#890,#891);
#890 = CARTESIAN_POINT('',(2.9,6.25,0.24));
#891 = VECTOR('',#892,1.);
#892 = DIRECTION('',(0.,-1.,0.));
#893 = ORIENTED_EDGE('',*,*,#894,.T.);
#894 = EDGE_CURVE('',#887,#895,#897,.T.);
#895 = VERTEX_POINT('',#896);
#896 = CARTESIAN_POINT('',(-1.1,-7.3,0.24));
#897 = LINE('',#898,#899);
#898 = CARTESIAN_POINT('',(15.1,-7.3,0.24));
#899 = VECTOR('',#900,1.);
#900 = DIRECTION('',(-1.,0.,4.E-17));
#901 = ORIENTED_EDGE('',*,*,#902,.T.);
#902 = EDGE_CURVE('',#895,#139,#903,.T.);
#903 = LINE('',#904,#905);
#904 = CARTESIAN_POINT('',(-1.1,-7.6,0.24));
#905 = VECTOR('',#906,1.);
#906 = DIRECTION('',(0.,1.,0.));
#907 = ORIENTED_EDGE('',*,*,#138,.T.);
#908 = PLANE('',#909);
#909 = AXIS2_PLACEMENT_3D('',#910,#911,#912);
#910 = CARTESIAN_POINT('',(-6.1,6.25,0.24));
#911 = DIRECTION('',(-4.E-17,0.,-1.));
#912 = DIRECTION('',(-1.,0.,4.E-17));
#913 = ADVANCED_FACE('',(#914,#950,#986),#1004,.F.);
#914 = FACE_BOUND('',#915,.T.);
#915 = EDGE_LOOP('',(#916,#927,#935,#944));
#916 = ORIENTED_EDGE('',*,*,#917,.T.);
#917 = EDGE_CURVE('',#918,#920,#922,.T.);
#918 = VERTEX_POINT('',#919);
#919 = CARTESIAN_POINT('',(-1.1,1.7,3.89));
#920 = VERTEX_POINT('',#921);
#921 = CARTESIAN_POINT('',(-1.1,1.7,4.89));
#922 = CIRCLE('',#923,0.5);
#923 = AXIS2_PLACEMENT_3D('',#924,#925,#926);
#924 = CARTESIAN_POINT('',(-1.1,1.7,4.39));
#925 = DIRECTION('',(1.,0.,0.));
#926 = DIRECTION('',(0.,1.,0.));
#927 = ORIENTED_EDGE('',*,*,#928,.T.);
#928 = EDGE_CURVE('',#920,#929,#931,.T.);
#929 = VERTEX_POINT('',#930);
#930 = CARTESIAN_POINT('',(-1.1,-4.2,4.89));
#931 = LINE('',#932,#933);
#932 = CARTESIAN_POINT('',(-1.1,1.7,4.89));
#933 = VECTOR('',#934,1.);
#934 = DIRECTION('',(0.,-1.,0.));
#935 = ORIENTED_EDGE('',*,*,#936,.T.);
#936 = EDGE_CURVE('',#929,#937,#939,.T.);
#937 = VERTEX_POINT('',#938);
#938 = CARTESIAN_POINT('',(-1.1,-4.2,3.89));
#939 = CIRCLE('',#940,0.5);
#940 = AXIS2_PLACEMENT_3D('',#941,#942,#943);
#941 = CARTESIAN_POINT('',(-1.1,-4.2,4.39));
#942 = DIRECTION('',(1.,0.,0.));
#943 = DIRECTION('',(0.,1.,0.));
#944 = ORIENTED_EDGE('',*,*,#945,.T.);
#945 = EDGE_CURVE('',#937,#918,#946,.T.);
#946 = LINE('',#947,#948);
#947 = CARTESIAN_POINT('',(-1.1,-4.2,3.89));
#948 = VECTOR('',#949,1.);
#949 = DIRECTION('',(0.,1.,0.));
#950 = FACE_BOUND('',#951,.T.);
#951 = EDGE_LOOP('',(#952,#963,#971,#980));
#952 = ORIENTED_EDGE('',*,*,#953,.T.);
#953 = EDGE_CURVE('',#954,#956,#958,.T.);
#954 = VERTEX_POINT('',#955);
#955 = CARTESIAN_POINT('',(-1.1,1.7,7.89));
#956 = VERTEX_POINT('',#957);
#957 = CARTESIAN_POINT('',(-1.1,1.7,8.89));
#958 = CIRCLE('',#959,0.5);
#959 = AXIS2_PLACEMENT_3D('',#960,#961,#962);
#960 = CARTESIAN_POINT('',(-1.1,1.7,8.39));
#961 = DIRECTION('',(1.,0.,0.));
#962 = DIRECTION('',(0.,1.,0.));
#963 = ORIENTED_EDGE('',*,*,#964,.T.);
#964 = EDGE_CURVE('',#956,#965,#967,.T.);
#965 = VERTEX_POINT('',#966);
#966 = CARTESIAN_POINT('',(-1.1,-4.2,8.89));
#967 = LINE('',#968,#969);
#968 = CARTESIAN_POINT('',(-1.1,1.7,8.89));
#969 = VECTOR('',#970,1.);
#970 = DIRECTION('',(0.,-1.,0.));
#971 = ORIENTED_EDGE('',*,*,#972,.T.);
#972 = EDGE_CURVE('',#965,#973,#975,.T.);
#973 = VERTEX_POINT('',#974);
#974 = CARTESIAN_POINT('',(-1.1,-4.2,7.89));
#975 = CIRCLE('',#976,0.5);
#976 = AXIS2_PLACEMENT_3D('',#977,#978,#979);
#977 = CARTESIAN_POINT('',(-1.1,-4.2,8.39));
#978 = DIRECTION('',(1.,0.,0.));
#979 = DIRECTION('',(0.,1.,0.));
#980 = ORIENTED_EDGE('',*,*,#981,.T.);
#981 = EDGE_CURVE('',#973,#954,#982,.T.);
#982 = LINE('',#983,#984);
#983 = CARTESIAN_POINT('',(-1.1,-4.2,7.89));
#984 = VECTOR('',#985,1.);
#985 = DIRECTION('',(0.,1.,0.));
#986 = FACE_BOUND('',#987,.T.);
#987 = EDGE_LOOP('',(#988,#989,#997,#1003));
#988 = ORIENTED_EDGE('',*,*,#902,.F.);
#989 = ORIENTED_EDGE('',*,*,#990,.F.);
#990 = EDGE_CURVE('',#991,#895,#993,.T.);
#991 = VERTEX_POINT('',#992);
#992 = CARTESIAN_POINT('',(-1.1,-7.3,10.79));
#993 = LINE('',#994,#995);
#994 = CARTESIAN_POINT('',(-1.1,-7.3,10.79));
#995 = VECTOR('',#996,1.);
#996 = DIRECTION('',(0.,0.,-1.));
#997 = ORIENTED_EDGE('',*,*,#998,.F.);
#998 = EDGE_CURVE('',#147,#991,#999,.T.);
#999 = LINE('',#1000,#1001);
#1000 = CARTESIAN_POINT('',(-1.1,4.8,10.79));
#1001 = VECTOR('',#1002,1.);
#1002 = DIRECTION('',(0.,-1.,0.));
#1003 = ORIENTED_EDGE('',*,*,#146,.F.);
#1004 = PLANE('',#1005);
#1005 = AXIS2_PLACEMENT_3D('',#1006,#1007,#1008);
#1006 = CARTESIAN_POINT('',(-1.1,-7.6,-2.485));
#1007 = DIRECTION('',(1.,0.,0.));
#1008 = DIRECTION('',(0.,1.,0.));
#1009 = ADVANCED_FACE('',(#1010),#1028,.F.);
#1010 = FACE_BOUND('',#1011,.T.);
#1011 = EDGE_LOOP('',(#1012,#1013,#1021,#1027));
#1012 = ORIENTED_EDGE('',*,*,#998,.T.);
#1013 = ORIENTED_EDGE('',*,*,#1014,.F.);
#1014 = EDGE_CURVE('',#1015,#991,#1017,.T.);
#1015 = VERTEX_POINT('',#1016);
#1016 = CARTESIAN_POINT('',(15.1,-7.3,10.79));
#1017 = LINE('',#1018,#1019);
#1018 = CARTESIAN_POINT('',(15.1,-7.3,10.79));
#1019 = VECTOR('',#1020,1.);
#1020 = DIRECTION('',(-1.,0.,0.));
#1021 = ORIENTED_EDGE('',*,*,#1022,.F.);
#1022 = EDGE_CURVE('',#155,#1015,#1023,.T.);
#1023 = LINE('',#1024,#1025);
#1024 = CARTESIAN_POINT('',(15.1,4.8,10.79));
#1025 = VECTOR('',#1026,1.);
#1026 = DIRECTION('',(0.,-1.,0.));
#1027 = ORIENTED_EDGE('',*,*,#154,.T.);
#1028 = PLANE('',#1029);
#1029 = AXIS2_PLACEMENT_3D('',#1030,#1031,#1032);
#1030 = CARTESIAN_POINT('',(15.1,4.8,10.79));
#1031 = DIRECTION('',(0.,0.,-1.));
#1032 = DIRECTION('',(-1.,0.,0.));
#1033 = ADVANCED_FACE('',(#1034,#1202),#1220,.T.);
#1034 = FACE_BOUND('',#1035,.T.);
#1035 = EDGE_LOOP('',(#1036,#1046,#1055,#1063,#1071,#1079,#1087,#1095,
    #1103,#1111,#1120,#1128,#1137,#1145,#1153,#1162,#1170,#1179,#1187,
    #1195));
#1036 = ORIENTED_EDGE('',*,*,#1037,.F.);
#1037 = EDGE_CURVE('',#1038,#1040,#1042,.T.);
#1038 = VERTEX_POINT('',#1039);
#1039 = CARTESIAN_POINT('',(15.1,-5.95,6.39));
#1040 = VERTEX_POINT('',#1041);
#1041 = CARTESIAN_POINT('',(15.1,-5.95,3.19));
#1042 = LINE('',#1043,#1044);
#1043 = CARTESIAN_POINT('',(15.1,-5.95,6.39));
#1044 = VECTOR('',#1045,1.);
#1045 = DIRECTION('',(0.,0.,-1.));
#1046 = ORIENTED_EDGE('',*,*,#1047,.F.);
#1047 = EDGE_CURVE('',#1048,#1038,#1050,.T.);
#1048 = VERTEX_POINT('',#1049);
#1049 = CARTESIAN_POINT('',(15.1,-5.95,6.69));
#1050 = CIRCLE('',#1051,0.15);
#1051 = AXIS2_PLACEMENT_3D('',#1052,#1053,#1054);
#1052 = CARTESIAN_POINT('',(15.1,-5.95,6.54));
#1053 = DIRECTION('',(1.,0.,0.));
#1054 = DIRECTION('',(0.,1.,0.));
#1055 = ORIENTED_EDGE('',*,*,#1056,.F.);
#1056 = EDGE_CURVE('',#1057,#1048,#1059,.T.);
#1057 = VERTEX_POINT('',#1058);
#1058 = CARTESIAN_POINT('',(15.1,-5.8,6.69));
#1059 = LINE('',#1060,#1061);
#1060 = CARTESIAN_POINT('',(15.1,-5.8,6.69));
#1061 = VECTOR('',#1062,1.);
#1062 = DIRECTION('',(0.,-1.,0.));
#1063 = ORIENTED_EDGE('',*,*,#1064,.F.);
#1064 = EDGE_CURVE('',#1065,#1057,#1067,.T.);
#1065 = VERTEX_POINT('',#1066);
#1066 = CARTESIAN_POINT('',(15.1,-5.8,7.69));
#1067 = LINE('',#1068,#1069);
#1068 = CARTESIAN_POINT('',(15.1,-5.8,7.69));
#1069 = VECTOR('',#1070,1.);
#1070 = DIRECTION('',(0.,0.,-1.));
#1071 = ORIENTED_EDGE('',*,*,#1072,.F.);
#1072 = EDGE_CURVE('',#1073,#1065,#1075,.T.);
#1073 = VERTEX_POINT('',#1074);
#1074 = CARTESIAN_POINT('',(15.1,-3.85,9.69));
#1075 = LINE('',#1076,#1077);
#1076 = CARTESIAN_POINT('',(15.1,-3.85,9.69));
#1077 = VECTOR('',#1078,1.);
#1078 = DIRECTION('',(0.,-0.69810013613,-0.71600013962));
#1079 = ORIENTED_EDGE('',*,*,#1080,.F.);
#1080 = EDGE_CURVE('',#1081,#1073,#1083,.T.);
#1081 = VERTEX_POINT('',#1082);
#1082 = CARTESIAN_POINT('',(15.1,1.35,9.69));
#1083 = LINE('',#1084,#1085);
#1084 = CARTESIAN_POINT('',(15.1,1.35,9.69));
#1085 = VECTOR('',#1086,1.);
#1086 = DIRECTION('',(0.,-1.,0.));
#1087 = ORIENTED_EDGE('',*,*,#1088,.F.);
#1088 = EDGE_CURVE('',#1089,#1081,#1091,.T.);
#1089 = VERTEX_POINT('',#1090);
#1090 = CARTESIAN_POINT('',(15.1,3.3,7.69));
#1091 = LINE('',#1092,#1093);
#1092 = CARTESIAN_POINT('',(15.1,3.3,7.69));
#1093 = VECTOR('',#1094,1.);
#1094 = DIRECTION('',(0.,-0.69810013613,0.71600013962));
#1095 = ORIENTED_EDGE('',*,*,#1096,.F.);
#1096 = EDGE_CURVE('',#1097,#1089,#1099,.T.);
#1097 = VERTEX_POINT('',#1098);
#1098 = CARTESIAN_POINT('',(15.1,3.3,6.69));
#1099 = LINE('',#1100,#1101);
#1100 = CARTESIAN_POINT('',(15.1,3.3,6.69));
#1101 = VECTOR('',#1102,1.);
#1102 = DIRECTION('',(0.,0.,1.));
#1103 = ORIENTED_EDGE('',*,*,#1104,.F.);
#1104 = EDGE_CURVE('',#1105,#1097,#1107,.T.);
#1105 = VERTEX_POINT('',#1106);
#1106 = CARTESIAN_POINT('',(15.1,3.45,6.69));
#1107 = LINE('',#1108,#1109);
#1108 = CARTESIAN_POINT('',(15.1,3.45,6.69));
#1109 = VECTOR('',#1110,1.);
#1110 = DIRECTION('',(0.,-1.,0.));
#1111 = ORIENTED_EDGE('',*,*,#1112,.F.);
#1112 = EDGE_CURVE('',#1113,#1105,#1115,.T.);
#1113 = VERTEX_POINT('',#1114);
#1114 = CARTESIAN_POINT('',(15.1,3.45,6.39));
#1115 = CIRCLE('',#1116,0.15);
#1116 = AXIS2_PLACEMENT_3D('',#1117,#1118,#1119);
#1117 = CARTESIAN_POINT('',(15.1,3.45,6.54));
#1118 = DIRECTION('',(1.,0.,0.));
#1119 = DIRECTION('',(0.,1.,0.));
#1120 = ORIENTED_EDGE('',*,*,#1121,.F.);
#1121 = EDGE_CURVE('',#1122,#1113,#1124,.T.);
#1122 = VERTEX_POINT('',#1123);
#1123 = CARTESIAN_POINT('',(15.1,3.45,3.19));
#1124 = LINE('',#1125,#1126);
#1125 = CARTESIAN_POINT('',(15.1,3.45,3.19));
#1126 = VECTOR('',#1127,1.);
#1127 = DIRECTION('',(0.,0.,1.));
#1128 = ORIENTED_EDGE('',*,*,#1129,.F.);
#1129 = EDGE_CURVE('',#1130,#1122,#1132,.T.);
#1130 = VERTEX_POINT('',#1131);
#1131 = CARTESIAN_POINT('',(15.1,3.45,2.89));
#1132 = CIRCLE('',#1133,0.15);
#1133 = AXIS2_PLACEMENT_3D('',#1134,#1135,#1136);
#1134 = CARTESIAN_POINT('',(15.1,3.45,3.04));
#1135 = DIRECTION('',(1.,0.,0.));
#1136 = DIRECTION('',(0.,1.,0.));
#1137 = ORIENTED_EDGE('',*,*,#1138,.F.);
#1138 = EDGE_CURVE('',#1139,#1130,#1141,.T.);
#1139 = VERTEX_POINT('',#1140);
#1140 = CARTESIAN_POINT('',(15.1,3.3,2.89));
#1141 = LINE('',#1142,#1143);
#1142 = CARTESIAN_POINT('',(15.1,3.3,2.89));
#1143 = VECTOR('',#1144,1.);
#1144 = DIRECTION('',(0.,1.,0.));
#1145 = ORIENTED_EDGE('',*,*,#1146,.F.);
#1146 = EDGE_CURVE('',#1147,#1139,#1149,.T.);
#1147 = VERTEX_POINT('',#1148);
#1148 = CARTESIAN_POINT('',(15.1,3.3,1.79));
#1149 = LINE('',#1150,#1151);
#1150 = CARTESIAN_POINT('',(15.1,3.3,1.79));
#1151 = VECTOR('',#1152,1.);
#1152 = DIRECTION('',(0.,0.,1.));
#1153 = ORIENTED_EDGE('',*,*,#1154,.F.);
#1154 = EDGE_CURVE('',#1155,#1147,#1157,.T.);
#1155 = VERTEX_POINT('',#1156);
#1156 = CARTESIAN_POINT('',(15.1,2.8,1.29));
#1157 = CIRCLE('',#1158,0.5);
#1158 = AXIS2_PLACEMENT_3D('',#1159,#1160,#1161);
#1159 = CARTESIAN_POINT('',(15.1,2.8,1.79));
#1160 = DIRECTION('',(1.,0.,0.));
#1161 = DIRECTION('',(0.,1.,0.));
#1162 = ORIENTED_EDGE('',*,*,#1163,.F.);
#1163 = EDGE_CURVE('',#1164,#1155,#1166,.T.);
#1164 = VERTEX_POINT('',#1165);
#1165 = CARTESIAN_POINT('',(15.1,-5.3,1.29));
#1166 = LINE('',#1167,#1168);
#1167 = CARTESIAN_POINT('',(15.1,-5.3,1.29));
#1168 = VECTOR('',#1169,1.);
#1169 = DIRECTION('',(0.,1.,0.));
#1170 = ORIENTED_EDGE('',*,*,#1171,.F.);
#1171 = EDGE_CURVE('',#1172,#1164,#1174,.T.);
#1172 = VERTEX_POINT('',#1173);
#1173 = CARTESIAN_POINT('',(15.1,-5.8,1.79));
#1174 = CIRCLE('',#1175,0.5);
#1175 = AXIS2_PLACEMENT_3D('',#1176,#1177,#1178);
#1176 = CARTESIAN_POINT('',(15.1,-5.3,1.79));
#1177 = DIRECTION('',(1.,0.,0.));
#1178 = DIRECTION('',(0.,1.,0.));
#1179 = ORIENTED_EDGE('',*,*,#1180,.F.);
#1180 = EDGE_CURVE('',#1181,#1172,#1183,.T.);
#1181 = VERTEX_POINT('',#1182);
#1182 = CARTESIAN_POINT('',(15.1,-5.8,2.89));
#1183 = LINE('',#1184,#1185);
#1184 = CARTESIAN_POINT('',(15.1,-5.8,2.89));
#1185 = VECTOR('',#1186,1.);
#1186 = DIRECTION('',(0.,0.,-1.));
#1187 = ORIENTED_EDGE('',*,*,#1188,.F.);
#1188 = EDGE_CURVE('',#1189,#1181,#1191,.T.);
#1189 = VERTEX_POINT('',#1190);
#1190 = CARTESIAN_POINT('',(15.1,-5.95,2.89));
#1191 = LINE('',#1192,#1193);
#1192 = CARTESIAN_POINT('',(15.1,-5.95,2.89));
#1193 = VECTOR('',#1194,1.);
#1194 = DIRECTION('',(0.,1.,0.));
#1195 = ORIENTED_EDGE('',*,*,#1196,.F.);
#1196 = EDGE_CURVE('',#1040,#1189,#1197,.T.);
#1197 = CIRCLE('',#1198,0.15);
#1198 = AXIS2_PLACEMENT_3D('',#1199,#1200,#1201);
#1199 = CARTESIAN_POINT('',(15.1,-5.95,3.04));
#1200 = DIRECTION('',(1.,0.,0.));
#1201 = DIRECTION('',(0.,1.,0.));
#1202 = FACE_BOUND('',#1203,.T.);
#1203 = EDGE_LOOP('',(#1204,#1212,#1218,#1219));
#1204 = ORIENTED_EDGE('',*,*,#1205,.T.);
#1205 = EDGE_CURVE('',#1015,#1206,#1208,.T.);
#1206 = VERTEX_POINT('',#1207);
#1207 = CARTESIAN_POINT('',(15.1,-7.3,0.49));
#1208 = LINE('',#1209,#1210);
#1209 = CARTESIAN_POINT('',(15.1,-7.3,10.79));
#1210 = VECTOR('',#1211,1.);
#1211 = DIRECTION('',(0.,0.,-1.));
#1212 = ORIENTED_EDGE('',*,*,#1213,.T.);
#1213 = EDGE_CURVE('',#1206,#163,#1214,.T.);
#1214 = LINE('',#1215,#1216);
#1215 = CARTESIAN_POINT('',(15.1,-7.6,0.49));
#1216 = VECTOR('',#1217,1.);
#1217 = DIRECTION('',(0.,1.,0.));
#1218 = ORIENTED_EDGE('',*,*,#162,.T.);
#1219 = ORIENTED_EDGE('',*,*,#1022,.T.);
#1220 = PLANE('',#1221);
#1221 = AXIS2_PLACEMENT_3D('',#1222,#1223,#1224);
#1222 = CARTESIAN_POINT('',(15.1,-7.6,-2.485));
#1223 = DIRECTION('',(1.,0.,0.));
#1224 = DIRECTION('',(0.,1.,0.));
#1225 = ADVANCED_FACE('',(#1226),#1269,.T.);
#1226 = FACE_BOUND('',#1227,.T.);
#1227 = EDGE_LOOP('',(#1228,#1236,#1244,#1252,#1260,#1266,#1267,#1268));
#1228 = ORIENTED_EDGE('',*,*,#1229,.T.);
#1229 = EDGE_CURVE('',#1206,#1230,#1232,.T.);
#1230 = VERTEX_POINT('',#1231);
#1231 = CARTESIAN_POINT('',(14.487,-7.3,0.49));
#1232 = LINE('',#1233,#1234);
#1233 = CARTESIAN_POINT('',(15.1,-7.3,0.49));
#1234 = VECTOR('',#1235,1.);
#1235 = DIRECTION('',(-1.,0.,2.98E-15));
#1236 = ORIENTED_EDGE('',*,*,#1237,.F.);
#1237 = EDGE_CURVE('',#1238,#1230,#1240,.T.);
#1238 = VERTEX_POINT('',#1239);
#1239 = CARTESIAN_POINT('',(14.487,-7.,0.49));
#1240 = LINE('',#1241,#1242);
#1241 = CARTESIAN_POINT('',(14.487,-6.7,0.49));
#1242 = VECTOR('',#1243,1.);
#1243 = DIRECTION('',(0.,-1.,0.));
#1244 = ORIENTED_EDGE('',*,*,#1245,.T.);
#1245 = EDGE_CURVE('',#1238,#1246,#1248,.T.);
#1246 = VERTEX_POINT('',#1247);
#1247 = CARTESIAN_POINT('',(14.8,-7.,0.49));
#1248 = LINE('',#1249,#1250);
#1249 = CARTESIAN_POINT('',(14.69,-7.,0.49));
#1250 = VECTOR('',#1251,1.);
#1251 = DIRECTION('',(1.,0.,-2.98E-15));
#1252 = ORIENTED_EDGE('',*,*,#1253,.F.);
#1253 = EDGE_CURVE('',#1254,#1246,#1256,.T.);
#1254 = VERTEX_POINT('',#1255);
#1255 = CARTESIAN_POINT('',(14.8,4.5,0.49));
#1256 = LINE('',#1257,#1258);
#1257 = CARTESIAN_POINT('',(14.8,6.25,0.49));
#1258 = VECTOR('',#1259,1.);
#1259 = DIRECTION('',(0.,-1.,0.));
#1260 = ORIENTED_EDGE('',*,*,#1261,.T.);
#1261 = EDGE_CURVE('',#1254,#438,#1262,.T.);
#1262 = LINE('',#1263,#1264);
#1263 = CARTESIAN_POINT('',(14.69,4.5,0.49));
#1264 = VECTOR('',#1265,1.);
#1265 = DIRECTION('',(-1.,0.,2.98E-15));
#1266 = ORIENTED_EDGE('',*,*,#437,.F.);
#1267 = ORIENTED_EDGE('',*,*,#170,.T.);
#1268 = ORIENTED_EDGE('',*,*,#1213,.F.);
#1269 = PLANE('',#1270);
#1270 = AXIS2_PLACEMENT_3D('',#1271,#1272,#1273);
#1271 = CARTESIAN_POINT('',(14.69,6.25,0.49));
#1272 = DIRECTION('',(-2.98E-15,0.,-1.));
#1273 = DIRECTION('',(-1.,0.,2.98E-15));
#1274 = ADVANCED_FACE('',(#1275),#1291,.T.);
#1275 = FACE_BOUND('',#1276,.T.);
#1276 = EDGE_LOOP('',(#1277,#1278,#1289,#1290));
#1277 = ORIENTED_EDGE('',*,*,#189,.F.);
#1278 = ORIENTED_EDGE('',*,*,#1279,.T.);
#1279 = EDGE_CURVE('',#181,#1280,#1282,.T.);
#1280 = VERTEX_POINT('',#1281);
#1281 = CARTESIAN_POINT('',(1.6,5.,8.89));
#1282 = B_SPLINE_CURVE_WITH_KNOTS('',5,(#1283,#1284,#1285,#1286,#1287,
    #1288),.UNSPECIFIED.,.F.,.F.,(6,6),(0.339836909454,1.570796326795),
  .PIECEWISE_BEZIER_KNOTS.);
#1283 = CARTESIAN_POINT('',(1.6,4.8,9.172842712475));
#1284 = CARTESIAN_POINT('',(1.6,4.869633580109,9.148223524128));
#1285 = CARTESIAN_POINT('',(1.6,4.931715808187,9.10219590451));
#1286 = CARTESIAN_POINT('',(1.6,4.977298820088,9.037731790866));
#1287 = CARTESIAN_POINT('',(1.6,5.,8.96385756504));
#1288 = CARTESIAN_POINT('',(1.6,5.,8.89));
#1289 = ORIENTED_EDGE('',*,*,#1279,.F.);
#1290 = ORIENTED_EDGE('',*,*,#178,.F.);
#1291 = SPHERICAL_SURFACE('',#1292,0.3);
#1292 = AXIS2_PLACEMENT_3D('',#1293,#1294,#1295);
#1293 = CARTESIAN_POINT('',(1.6,4.7,8.89));
#1294 = DIRECTION('',(0.,1.,0.));
#1295 = DIRECTION('',(0.,0.,1.));
#1296 = ADVANCED_FACE('',(#1297),#1313,.T.);
#1297 = FACE_BOUND('',#1298,.T.);
#1298 = EDGE_LOOP('',(#1299,#1300,#1311,#1312));
#1299 = ORIENTED_EDGE('',*,*,#209,.F.);
#1300 = ORIENTED_EDGE('',*,*,#1301,.T.);
#1301 = EDGE_CURVE('',#201,#1302,#1304,.T.);
#1302 = VERTEX_POINT('',#1303);
#1303 = CARTESIAN_POINT('',(1.6,5.,2.39));
#1304 = B_SPLINE_CURVE_WITH_KNOTS('',5,(#1305,#1306,#1307,#1308,#1309,
    #1310),.UNSPECIFIED.,.F.,.F.,(6,6),(0.339836909454,1.570796326795),
  .PIECEWISE_BEZIER_KNOTS.);
#1305 = CARTESIAN_POINT('',(1.6,4.8,2.672842712475));
#1306 = CARTESIAN_POINT('',(1.6,4.869633580109,2.648223524128));
#1307 = CARTESIAN_POINT('',(1.6,4.931715808186,2.60219590451));
#1308 = CARTESIAN_POINT('',(1.6,4.977298820088,2.537731790866));
#1309 = CARTESIAN_POINT('',(1.6,5.,2.46385756504));
#1310 = CARTESIAN_POINT('',(1.6,5.,2.39));
#1311 = ORIENTED_EDGE('',*,*,#1301,.F.);
#1312 = ORIENTED_EDGE('',*,*,#198,.F.);
#1313 = SPHERICAL_SURFACE('',#1314,0.3);
#1314 = AXIS2_PLACEMENT_3D('',#1315,#1316,#1317);
#1315 = CARTESIAN_POINT('',(1.6,4.7,2.39));
#1316 = DIRECTION('',(0.,1.,0.));
#1317 = DIRECTION('',(0.,0.,1.));
#1318 = ADVANCED_FACE('',(#1319),#1376,.T.);
#1319 = FACE_BOUND('',#1320,.T.);
#1320 = EDGE_LOOP('',(#1321,#1329,#1337,#1345,#1353,#1361,#1369,#1375));
#1321 = ORIENTED_EDGE('',*,*,#1322,.T.);
#1322 = EDGE_CURVE('',#221,#1323,#1325,.T.);
#1323 = VERTEX_POINT('',#1324);
#1324 = CARTESIAN_POINT('',(5.6,4.5,3.79));
#1325 = LINE('',#1326,#1327);
#1326 = CARTESIAN_POINT('',(5.6,4.8,3.79));
#1327 = VECTOR('',#1328,1.);
#1328 = DIRECTION('',(0.,-1.,0.));
#1329 = ORIENTED_EDGE('',*,*,#1330,.T.);
#1330 = EDGE_CURVE('',#1323,#1331,#1333,.T.);
#1331 = VERTEX_POINT('',#1332);
#1332 = CARTESIAN_POINT('',(4.859807621135,4.5,3.79));
#1333 = LINE('',#1334,#1335);
#1334 = CARTESIAN_POINT('',(15.1,4.5,3.79));
#1335 = VECTOR('',#1336,1.);
#1336 = DIRECTION('',(-1.,0.,0.));
#1337 = ORIENTED_EDGE('',*,*,#1338,.T.);
#1338 = EDGE_CURVE('',#1331,#1339,#1341,.T.);
#1339 = VERTEX_POINT('',#1340);
#1340 = CARTESIAN_POINT('',(4.6,4.65,3.79));
#1341 = LINE('',#1342,#1343);
#1342 = CARTESIAN_POINT('',(5.033012701892,4.4,3.79));
#1343 = VECTOR('',#1344,1.);
#1344 = DIRECTION('',(-0.866025403784,0.5,0.));
#1345 = ORIENTED_EDGE('',*,*,#1346,.T.);
#1346 = EDGE_CURVE('',#1339,#1347,#1349,.T.);
#1347 = VERTEX_POINT('',#1348);
#1348 = CARTESIAN_POINT('',(4.1,4.65,3.79));
#1349 = LINE('',#1350,#1351);
#1350 = CARTESIAN_POINT('',(4.6,4.65,3.79));
#1351 = VECTOR('',#1352,1.);
#1352 = DIRECTION('',(-1.,0.,0.));
#1353 = ORIENTED_EDGE('',*,*,#1354,.T.);
#1354 = EDGE_CURVE('',#1347,#1355,#1357,.T.);
#1355 = VERTEX_POINT('',#1356);
#1356 = CARTESIAN_POINT('',(4.1,4.5,3.79));
#1357 = LINE('',#1358,#1359);
#1358 = CARTESIAN_POINT('',(4.1,4.65,3.79));
#1359 = VECTOR('',#1360,1.);
#1360 = DIRECTION('',(0.,-1.,0.));
#1361 = ORIENTED_EDGE('',*,*,#1362,.T.);
#1362 = EDGE_CURVE('',#1355,#1363,#1365,.T.);
#1363 = VERTEX_POINT('',#1364);
#1364 = CARTESIAN_POINT('',(4.03,4.5,3.79));
#1365 = LINE('',#1366,#1367);
#1366 = CARTESIAN_POINT('',(15.1,4.5,3.79));
#1367 = VECTOR('',#1368,1.);
#1368 = DIRECTION('',(-1.,0.,0.));
#1369 = ORIENTED_EDGE('',*,*,#1370,.F.);
#1370 = EDGE_CURVE('',#219,#1363,#1371,.T.);
#1371 = LINE('',#1372,#1373);
#1372 = CARTESIAN_POINT('',(4.03,4.8,3.79));
#1373 = VECTOR('',#1374,1.);
#1374 = DIRECTION('',(0.,-1.,0.));
#1375 = ORIENTED_EDGE('',*,*,#218,.T.);
#1376 = PLANE('',#1377);
#1377 = AXIS2_PLACEMENT_3D('',#1378,#1379,#1380);
#1378 = CARTESIAN_POINT('',(4.03,4.8,3.79));
#1379 = DIRECTION('',(0.,0.,-1.));
#1380 = DIRECTION('',(-1.,0.,0.));
#1381 = ADVANCED_FACE('',(#1382),#1400,.T.);
#1382 = FACE_BOUND('',#1383,.T.);
#1383 = EDGE_LOOP('',(#1384,#1392,#1398,#1399));
#1384 = ORIENTED_EDGE('',*,*,#1385,.T.);
#1385 = EDGE_CURVE('',#1363,#1386,#1388,.T.);
#1386 = VERTEX_POINT('',#1387);
#1387 = CARTESIAN_POINT('',(4.03,4.5,2.39));
#1388 = LINE('',#1389,#1390);
#1389 = CARTESIAN_POINT('',(4.03,4.5,9.E-02));
#1390 = VECTOR('',#1391,1.);
#1391 = DIRECTION('',(0.,0.,-1.));
#1392 = ORIENTED_EDGE('',*,*,#1393,.F.);
#1393 = EDGE_CURVE('',#229,#1386,#1394,.T.);
#1394 = LINE('',#1395,#1396);
#1395 = CARTESIAN_POINT('',(4.03,4.8,2.39));
#1396 = VECTOR('',#1397,1.);
#1397 = DIRECTION('',(0.,-1.,0.));
#1398 = ORIENTED_EDGE('',*,*,#228,.T.);
#1399 = ORIENTED_EDGE('',*,*,#1370,.T.);
#1400 = PLANE('',#1401);
#1401 = AXIS2_PLACEMENT_3D('',#1402,#1403,#1404);
#1402 = CARTESIAN_POINT('',(4.03,4.8,2.39));
#1403 = DIRECTION('',(1.,0.,0.));
#1404 = DIRECTION('',(0.,1.,0.));
#1405 = ADVANCED_FACE('',(#1406),#1424,.T.);
#1406 = FACE_BOUND('',#1407,.T.);
#1407 = EDGE_LOOP('',(#1408,#1416,#1422,#1423));
#1408 = ORIENTED_EDGE('',*,*,#1409,.T.);
#1409 = EDGE_CURVE('',#1386,#1410,#1412,.T.);
#1410 = VERTEX_POINT('',#1411);
#1411 = CARTESIAN_POINT('',(5.6,4.5,2.39));
#1412 = LINE('',#1413,#1414);
#1413 = CARTESIAN_POINT('',(15.1,4.5,2.39));
#1414 = VECTOR('',#1415,1.);
#1415 = DIRECTION('',(1.,0.,0.));
#1416 = ORIENTED_EDGE('',*,*,#1417,.F.);
#1417 = EDGE_CURVE('',#237,#1410,#1418,.T.);
#1418 = LINE('',#1419,#1420);
#1419 = CARTESIAN_POINT('',(5.6,4.8,2.39));
#1420 = VECTOR('',#1421,1.);
#1421 = DIRECTION('',(0.,-1.,0.));
#1422 = ORIENTED_EDGE('',*,*,#236,.T.);
#1423 = ORIENTED_EDGE('',*,*,#1393,.T.);
#1424 = PLANE('',#1425);
#1425 = AXIS2_PLACEMENT_3D('',#1426,#1427,#1428);
#1426 = CARTESIAN_POINT('',(5.6,4.8,2.39));
#1427 = DIRECTION('',(0.,0.,1.));
#1428 = DIRECTION('',(1.,0.,0.));
#1429 = ADVANCED_FACE('',(#1430),#1441,.T.);
#1430 = FACE_BOUND('',#1431,.T.);
#1431 = EDGE_LOOP('',(#1432,#1438,#1439,#1440));
#1432 = ORIENTED_EDGE('',*,*,#1433,.T.);
#1433 = EDGE_CURVE('',#1410,#1323,#1434,.T.);
#1434 = LINE('',#1435,#1436);
#1435 = CARTESIAN_POINT('',(5.6,4.5,9.E-02));
#1436 = VECTOR('',#1437,1.);
#1437 = DIRECTION('',(0.,0.,1.));
#1438 = ORIENTED_EDGE('',*,*,#1322,.F.);
#1439 = ORIENTED_EDGE('',*,*,#244,.T.);
#1440 = ORIENTED_EDGE('',*,*,#1417,.T.);
#1441 = PLANE('',#1442);
#1442 = AXIS2_PLACEMENT_3D('',#1443,#1444,#1445);
#1443 = CARTESIAN_POINT('',(5.6,4.8,3.79));
#1444 = DIRECTION('',(-1.,0.,0.));
#1445 = DIRECTION('',(0.,-1.,0.));
#1446 = ADVANCED_FACE('',(#1447),#1504,.T.);
#1447 = FACE_BOUND('',#1448,.T.);
#1448 = EDGE_LOOP('',(#1449,#1457,#1465,#1473,#1481,#1489,#1497,#1503));
#1449 = ORIENTED_EDGE('',*,*,#1450,.T.);
#1450 = EDGE_CURVE('',#255,#1451,#1453,.T.);
#1451 = VERTEX_POINT('',#1452);
#1452 = CARTESIAN_POINT('',(5.6,4.5,8.74));
#1453 = LINE('',#1454,#1455);
#1454 = CARTESIAN_POINT('',(5.6,4.8,8.74));
#1455 = VECTOR('',#1456,1.);
#1456 = DIRECTION('',(0.,-1.,0.));
#1457 = ORIENTED_EDGE('',*,*,#1458,.T.);
#1458 = EDGE_CURVE('',#1451,#1459,#1461,.T.);
#1459 = VERTEX_POINT('',#1460);
#1460 = CARTESIAN_POINT('',(4.859807621135,4.5,8.74));
#1461 = LINE('',#1462,#1463);
#1462 = CARTESIAN_POINT('',(15.1,4.5,8.74));
#1463 = VECTOR('',#1464,1.);
#1464 = DIRECTION('',(-1.,0.,0.));
#1465 = ORIENTED_EDGE('',*,*,#1466,.T.);
#1466 = EDGE_CURVE('',#1459,#1467,#1469,.T.);
#1467 = VERTEX_POINT('',#1468);
#1468 = CARTESIAN_POINT('',(4.6,4.65,8.74));
#1469 = LINE('',#1470,#1471);
#1470 = CARTESIAN_POINT('',(5.033012701892,4.4,8.74));
#1471 = VECTOR('',#1472,1.);
#1472 = DIRECTION('',(-0.866025403784,0.5,0.));
#1473 = ORIENTED_EDGE('',*,*,#1474,.T.);
#1474 = EDGE_CURVE('',#1467,#1475,#1477,.T.);
#1475 = VERTEX_POINT('',#1476);
#1476 = CARTESIAN_POINT('',(4.1,4.65,8.74));
#1477 = LINE('',#1478,#1479);
#1478 = CARTESIAN_POINT('',(4.6,4.65,8.74));
#1479 = VECTOR('',#1480,1.);
#1480 = DIRECTION('',(-1.,0.,0.));
#1481 = ORIENTED_EDGE('',*,*,#1482,.T.);
#1482 = EDGE_CURVE('',#1475,#1483,#1485,.T.);
#1483 = VERTEX_POINT('',#1484);
#1484 = CARTESIAN_POINT('',(4.1,4.5,8.74));
#1485 = LINE('',#1486,#1487);
#1486 = CARTESIAN_POINT('',(4.1,4.65,8.74));
#1487 = VECTOR('',#1488,1.);
#1488 = DIRECTION('',(0.,-1.,0.));
#1489 = ORIENTED_EDGE('',*,*,#1490,.T.);
#1490 = EDGE_CURVE('',#1483,#1491,#1493,.T.);
#1491 = VERTEX_POINT('',#1492);
#1492 = CARTESIAN_POINT('',(4.03,4.5,8.74));
#1493 = LINE('',#1494,#1495);
#1494 = CARTESIAN_POINT('',(15.1,4.5,8.74));
#1495 = VECTOR('',#1496,1.);
#1496 = DIRECTION('',(-1.,0.,0.));
#1497 = ORIENTED_EDGE('',*,*,#1498,.F.);
#1498 = EDGE_CURVE('',#253,#1491,#1499,.T.);
#1499 = LINE('',#1500,#1501);
#1500 = CARTESIAN_POINT('',(4.03,4.8,8.74));
#1501 = VECTOR('',#1502,1.);
#1502 = DIRECTION('',(0.,-1.,0.));
#1503 = ORIENTED_EDGE('',*,*,#252,.T.);
#1504 = PLANE('',#1505);
#1505 = AXIS2_PLACEMENT_3D('',#1506,#1507,#1508);
#1506 = CARTESIAN_POINT('',(4.03,4.8,8.74));
#1507 = DIRECTION('',(0.,0.,-1.));
#1508 = DIRECTION('',(-1.,0.,0.));
#1509 = ADVANCED_FACE('',(#1510),#1528,.T.);
#1510 = FACE_BOUND('',#1511,.T.);
#1511 = EDGE_LOOP('',(#1512,#1520,#1526,#1527));
#1512 = ORIENTED_EDGE('',*,*,#1513,.T.);
#1513 = EDGE_CURVE('',#1491,#1514,#1516,.T.);
#1514 = VERTEX_POINT('',#1515);
#1515 = CARTESIAN_POINT('',(4.03,4.5,7.34));
#1516 = LINE('',#1517,#1518);
#1517 = CARTESIAN_POINT('',(4.03,4.5,9.E-02));
#1518 = VECTOR('',#1519,1.);
#1519 = DIRECTION('',(0.,0.,-1.));
#1520 = ORIENTED_EDGE('',*,*,#1521,.F.);
#1521 = EDGE_CURVE('',#263,#1514,#1522,.T.);
#1522 = LINE('',#1523,#1524);
#1523 = CARTESIAN_POINT('',(4.03,4.8,7.34));
#1524 = VECTOR('',#1525,1.);
#1525 = DIRECTION('',(0.,-1.,0.));
#1526 = ORIENTED_EDGE('',*,*,#262,.T.);
#1527 = ORIENTED_EDGE('',*,*,#1498,.T.);
#1528 = PLANE('',#1529);
#1529 = AXIS2_PLACEMENT_3D('',#1530,#1531,#1532);
#1530 = CARTESIAN_POINT('',(4.03,4.8,7.34));
#1531 = DIRECTION('',(1.,0.,0.));
#1532 = DIRECTION('',(0.,1.,0.));
#1533 = ADVANCED_FACE('',(#1534),#1552,.T.);
#1534 = FACE_BOUND('',#1535,.T.);
#1535 = EDGE_LOOP('',(#1536,#1544,#1550,#1551));
#1536 = ORIENTED_EDGE('',*,*,#1537,.T.);
#1537 = EDGE_CURVE('',#1514,#1538,#1540,.T.);
#1538 = VERTEX_POINT('',#1539);
#1539 = CARTESIAN_POINT('',(5.6,4.5,7.34));
#1540 = LINE('',#1541,#1542);
#1541 = CARTESIAN_POINT('',(15.1,4.5,7.34));
#1542 = VECTOR('',#1543,1.);
#1543 = DIRECTION('',(1.,0.,0.));
#1544 = ORIENTED_EDGE('',*,*,#1545,.F.);
#1545 = EDGE_CURVE('',#271,#1538,#1546,.T.);
#1546 = LINE('',#1547,#1548);
#1547 = CARTESIAN_POINT('',(5.6,4.8,7.34));
#1548 = VECTOR('',#1549,1.);
#1549 = DIRECTION('',(0.,-1.,0.));
#1550 = ORIENTED_EDGE('',*,*,#270,.T.);
#1551 = ORIENTED_EDGE('',*,*,#1521,.T.);
#1552 = PLANE('',#1553);
#1553 = AXIS2_PLACEMENT_3D('',#1554,#1555,#1556);
#1554 = CARTESIAN_POINT('',(5.6,4.8,7.34));
#1555 = DIRECTION('',(0.,0.,1.));
#1556 = DIRECTION('',(1.,0.,0.));
#1557 = ADVANCED_FACE('',(#1558),#1569,.T.);
#1558 = FACE_BOUND('',#1559,.T.);
#1559 = EDGE_LOOP('',(#1560,#1566,#1567,#1568));
#1560 = ORIENTED_EDGE('',*,*,#1561,.T.);
#1561 = EDGE_CURVE('',#1538,#1451,#1562,.T.);
#1562 = LINE('',#1563,#1564);
#1563 = CARTESIAN_POINT('',(5.6,4.5,9.E-02));
#1564 = VECTOR('',#1565,1.);
#1565 = DIRECTION('',(0.,0.,1.));
#1566 = ORIENTED_EDGE('',*,*,#1450,.F.);
#1567 = ORIENTED_EDGE('',*,*,#278,.T.);
#1568 = ORIENTED_EDGE('',*,*,#1545,.T.);
#1569 = PLANE('',#1570);
#1570 = AXIS2_PLACEMENT_3D('',#1571,#1572,#1573);
#1571 = CARTESIAN_POINT('',(5.6,4.8,8.74));
#1572 = DIRECTION('',(-1.,0.,0.));
#1573 = DIRECTION('',(0.,-1.,0.));
#1574 = ADVANCED_FACE('',(#1575,#1588,#1634,#1647),#1660,.F.);
#1575 = FACE_BOUND('',#1576,.T.);
#1576 = EDGE_LOOP('',(#1577,#1578,#1579,#1585,#1586,#1587));
#1577 = ORIENTED_EDGE('',*,*,#292,.F.);
#1578 = ORIENTED_EDGE('',*,*,#404,.F.);
#1579 = ORIENTED_EDGE('',*,*,#1580,.F.);
#1580 = EDGE_CURVE('',#373,#397,#1581,.T.);
#1581 = LINE('',#1582,#1583);
#1582 = CARTESIAN_POINT('',(1.7,4.5,9.E-02));
#1583 = VECTOR('',#1584,1.);
#1584 = DIRECTION('',(0.,0.,1.));
#1585 = ORIENTED_EDGE('',*,*,#372,.F.);
#1586 = ORIENTED_EDGE('',*,*,#347,.F.);
#1587 = ORIENTED_EDGE('',*,*,#323,.F.);
#1588 = FACE_BOUND('',#1589,.T.);
#1589 = EDGE_LOOP('',(#1590,#1591,#1597,#1598,#1599,#1600,#1601,#1607,
    #1608,#1609,#1617,#1625,#1631,#1632,#1633));
#1590 = ORIENTED_EDGE('',*,*,#772,.F.);
#1591 = ORIENTED_EDGE('',*,*,#1592,.F.);
#1592 = EDGE_CURVE('',#689,#773,#1593,.T.);
#1593 = LINE('',#1594,#1595);
#1594 = CARTESIAN_POINT('',(15.1,4.5,-0.132594935395));
#1595 = VECTOR('',#1596,1.);
#1596 = DIRECTION('',(-1.,0.,0.));
#1597 = ORIENTED_EDGE('',*,*,#688,.F.);
#1598 = ORIENTED_EDGE('',*,*,#664,.F.);
#1599 = ORIENTED_EDGE('',*,*,#647,.F.);
#1600 = ORIENTED_EDGE('',*,*,#615,.F.);
#1601 = ORIENTED_EDGE('',*,*,#1602,.F.);
#1602 = EDGE_CURVE('',#446,#608,#1603,.T.);
#1603 = LINE('',#1604,#1605);
#1604 = CARTESIAN_POINT('',(14.8,4.5,0.39));
#1605 = VECTOR('',#1606,1.);
#1606 = DIRECTION('',(-1.,0.,0.));
#1607 = ORIENTED_EDGE('',*,*,#445,.T.);
#1608 = ORIENTED_EDGE('',*,*,#1261,.F.);
#1609 = ORIENTED_EDGE('',*,*,#1610,.T.);
#1610 = EDGE_CURVE('',#1254,#1611,#1613,.T.);
#1611 = VERTEX_POINT('',#1612);
#1612 = CARTESIAN_POINT('',(14.8,4.5,10.49));
#1613 = LINE('',#1614,#1615);
#1614 = CARTESIAN_POINT('',(14.8,4.5,0.39));
#1615 = VECTOR('',#1616,1.);
#1616 = DIRECTION('',(0.,0.,1.));
#1617 = ORIENTED_EDGE('',*,*,#1618,.T.);
#1618 = EDGE_CURVE('',#1611,#1619,#1621,.T.);
#1619 = VERTEX_POINT('',#1620);
#1620 = CARTESIAN_POINT('',(-0.8,4.5,10.49));
#1621 = LINE('',#1622,#1623);
#1622 = CARTESIAN_POINT('',(14.8,4.5,10.49));
#1623 = VECTOR('',#1624,1.);
#1624 = DIRECTION('',(-1.,0.,0.));
#1625 = ORIENTED_EDGE('',*,*,#1626,.F.);
#1626 = EDGE_CURVE('',#863,#1619,#1627,.T.);
#1627 = LINE('',#1628,#1629);
#1628 = CARTESIAN_POINT('',(-0.8,4.5,0.39));
#1629 = VECTOR('',#1630,1.);
#1630 = DIRECTION('',(0.,0.,1.));
#1631 = ORIENTED_EDGE('',*,*,#862,.F.);
#1632 = ORIENTED_EDGE('',*,*,#838,.F.);
#1633 = ORIENTED_EDGE('',*,*,#813,.F.);
#1634 = FACE_BOUND('',#1635,.T.);
#1635 = EDGE_LOOP('',(#1636,#1637,#1638,#1639,#1640,#1641));
#1636 = ORIENTED_EDGE('',*,*,#1330,.F.);
#1637 = ORIENTED_EDGE('',*,*,#1433,.F.);
#1638 = ORIENTED_EDGE('',*,*,#1409,.F.);
#1639 = ORIENTED_EDGE('',*,*,#1385,.F.);
#1640 = ORIENTED_EDGE('',*,*,#1362,.F.);
#1641 = ORIENTED_EDGE('',*,*,#1642,.F.);
#1642 = EDGE_CURVE('',#1331,#1355,#1643,.T.);
#1643 = LINE('',#1644,#1645);
#1644 = CARTESIAN_POINT('',(15.1,4.5,3.79));
#1645 = VECTOR('',#1646,1.);
#1646 = DIRECTION('',(-1.,0.,0.));
#1647 = FACE_BOUND('',#1648,.T.);
#1648 = EDGE_LOOP('',(#1649,#1650,#1651,#1652,#1653,#1654));
#1649 = ORIENTED_EDGE('',*,*,#1458,.F.);
#1650 = ORIENTED_EDGE('',*,*,#1561,.F.);
#1651 = ORIENTED_EDGE('',*,*,#1537,.F.);
#1652 = ORIENTED_EDGE('',*,*,#1513,.F.);
#1653 = ORIENTED_EDGE('',*,*,#1490,.F.);
#1654 = ORIENTED_EDGE('',*,*,#1655,.F.);
#1655 = EDGE_CURVE('',#1459,#1483,#1656,.T.);
#1656 = LINE('',#1657,#1658);
#1657 = CARTESIAN_POINT('',(15.1,4.5,8.74));
#1658 = VECTOR('',#1659,1.);
#1659 = DIRECTION('',(-1.,0.,0.));
#1660 = PLANE('',#1661);
#1661 = AXIS2_PLACEMENT_3D('',#1662,#1663,#1664);
#1662 = CARTESIAN_POINT('',(15.1,4.5,9.E-02));
#1663 = DIRECTION('',(0.,1.,0.));
#1664 = DIRECTION('',(-1.,0.,0.));
#1665 = ADVANCED_FACE('',(#1666),#1699,.F.);
#1666 = FACE_BOUND('',#1667,.T.);
#1667 = EDGE_LOOP('',(#1668,#1678,#1686,#1692,#1693));
#1668 = ORIENTED_EDGE('',*,*,#1669,.T.);
#1669 = EDGE_CURVE('',#1670,#1672,#1674,.T.);
#1670 = VERTEX_POINT('',#1671);
#1671 = CARTESIAN_POINT('',(1.5,4.65,6.19));
#1672 = VERTEX_POINT('',#1673);
#1673 = CARTESIAN_POINT('',(1.066987298108,4.4,6.19));
#1674 = LINE('',#1675,#1676);
#1675 = CARTESIAN_POINT('',(1.5,4.65,6.19));
#1676 = VECTOR('',#1677,1.);
#1677 = DIRECTION('',(-0.866025403784,-0.5,0.));
#1678 = ORIENTED_EDGE('',*,*,#1679,.T.);
#1679 = EDGE_CURVE('',#1672,#1680,#1682,.T.);
#1680 = VERTEX_POINT('',#1681);
#1681 = CARTESIAN_POINT('',(1.7,4.4,6.19));
#1682 = LINE('',#1683,#1684);
#1683 = CARTESIAN_POINT('',(1.066987298108,4.4,6.19));
#1684 = VECTOR('',#1685,1.);
#1685 = DIRECTION('',(1.,0.,0.));
#1686 = ORIENTED_EDGE('',*,*,#1687,.T.);
#1687 = EDGE_CURVE('',#1680,#397,#1688,.T.);
#1688 = LINE('',#1689,#1690);
#1689 = CARTESIAN_POINT('',(1.7,4.4,6.19));
#1690 = VECTOR('',#1691,1.);
#1691 = DIRECTION('',(0.,1.,0.));
#1692 = ORIENTED_EDGE('',*,*,#396,.T.);
#1693 = ORIENTED_EDGE('',*,*,#1694,.T.);
#1694 = EDGE_CURVE('',#389,#1670,#1695,.T.);
#1695 = LINE('',#1696,#1697);
#1696 = CARTESIAN_POINT('',(1.7,4.65,6.19));
#1697 = VECTOR('',#1698,1.);
#1698 = DIRECTION('',(-1.,0.,0.));
#1699 = PLANE('',#1700);
#1700 = AXIS2_PLACEMENT_3D('',#1701,#1702,#1703);
#1701 = CARTESIAN_POINT('',(7.,-1.25,6.19));
#1702 = DIRECTION('',(0.,0.,-1.));
#1703 = DIRECTION('',(-1.,0.,0.));
#1704 = ADVANCED_FACE('',(#1705),#1723,.F.);
#1705 = FACE_BOUND('',#1706,.T.);
#1706 = EDGE_LOOP('',(#1707,#1715,#1721,#1722));
#1707 = ORIENTED_EDGE('',*,*,#1708,.T.);
#1708 = EDGE_CURVE('',#381,#1709,#1711,.T.);
#1709 = VERTEX_POINT('',#1710);
#1710 = CARTESIAN_POINT('',(1.5,4.65,4.89));
#1711 = LINE('',#1712,#1713);
#1712 = CARTESIAN_POINT('',(1.7,4.65,4.89));
#1713 = VECTOR('',#1714,1.);
#1714 = DIRECTION('',(-1.,0.,0.));
#1715 = ORIENTED_EDGE('',*,*,#1716,.F.);
#1716 = EDGE_CURVE('',#1670,#1709,#1717,.T.);
#1717 = LINE('',#1718,#1719);
#1718 = CARTESIAN_POINT('',(1.5,4.65,6.19));
#1719 = VECTOR('',#1720,1.);
#1720 = DIRECTION('',(0.,0.,-1.));
#1721 = ORIENTED_EDGE('',*,*,#1694,.F.);
#1722 = ORIENTED_EDGE('',*,*,#388,.T.);
#1723 = PLANE('',#1724);
#1724 = AXIS2_PLACEMENT_3D('',#1725,#1726,#1727);
#1725 = CARTESIAN_POINT('',(1.7,4.65,6.19));
#1726 = DIRECTION('',(0.,-1.,0.));
#1727 = DIRECTION('',(1.,0.,0.));
#1728 = ADVANCED_FACE('',(#1729),#1755,.T.);
#1729 = FACE_BOUND('',#1730,.T.);
#1730 = EDGE_LOOP('',(#1731,#1739,#1740,#1741,#1749));
#1731 = ORIENTED_EDGE('',*,*,#1732,.F.);
#1732 = EDGE_CURVE('',#1709,#1733,#1735,.T.);
#1733 = VERTEX_POINT('',#1734);
#1734 = CARTESIAN_POINT('',(1.066987298108,4.4,4.89));
#1735 = LINE('',#1736,#1737);
#1736 = CARTESIAN_POINT('',(1.5,4.65,4.89));
#1737 = VECTOR('',#1738,1.);
#1738 = DIRECTION('',(-0.866025403784,-0.5,0.));
#1739 = ORIENTED_EDGE('',*,*,#1708,.F.);
#1740 = ORIENTED_EDGE('',*,*,#380,.F.);
#1741 = ORIENTED_EDGE('',*,*,#1742,.F.);
#1742 = EDGE_CURVE('',#1743,#373,#1745,.T.);
#1743 = VERTEX_POINT('',#1744);
#1744 = CARTESIAN_POINT('',(1.7,4.4,4.89));
#1745 = LINE('',#1746,#1747);
#1746 = CARTESIAN_POINT('',(1.7,4.4,4.89));
#1747 = VECTOR('',#1748,1.);
#1748 = DIRECTION('',(0.,1.,0.));
#1749 = ORIENTED_EDGE('',*,*,#1750,.F.);
#1750 = EDGE_CURVE('',#1733,#1743,#1751,.T.);
#1751 = LINE('',#1752,#1753);
#1752 = CARTESIAN_POINT('',(1.066987298108,4.4,4.89));
#1753 = VECTOR('',#1754,1.);
#1754 = DIRECTION('',(1.,0.,0.));
#1755 = PLANE('',#1756);
#1756 = AXIS2_PLACEMENT_3D('',#1757,#1758,#1759);
#1757 = CARTESIAN_POINT('',(7.,-1.25,4.89));
#1758 = DIRECTION('',(0.,0.,-1.));
#1759 = DIRECTION('',(-1.,0.,0.));
#1760 = ADVANCED_FACE('',(#1761),#1779,.T.);
#1761 = FACE_BOUND('',#1762,.T.);
#1762 = EDGE_LOOP('',(#1763,#1771,#1772,#1773));
#1763 = ORIENTED_EDGE('',*,*,#1764,.T.);
#1764 = EDGE_CURVE('',#1765,#469,#1767,.T.);
#1765 = VERTEX_POINT('',#1766);
#1766 = CARTESIAN_POINT('',(14.69,4.2,0.39));
#1767 = LINE('',#1768,#1769);
#1768 = CARTESIAN_POINT('',(14.69,4.2,0.49));
#1769 = VECTOR('',#1770,1.);
#1770 = DIRECTION('',(0.,0.,-1.));
#1771 = ORIENTED_EDGE('',*,*,#468,.F.);
#1772 = ORIENTED_EDGE('',*,*,#420,.F.);
#1773 = ORIENTED_EDGE('',*,*,#1774,.F.);
#1774 = EDGE_CURVE('',#1765,#421,#1775,.T.);
#1775 = LINE('',#1776,#1777);
#1776 = CARTESIAN_POINT('',(14.8,4.2,0.39));
#1777 = VECTOR('',#1778,1.);
#1778 = DIRECTION('',(-1.,-8.55E-15,0.));
#1779 = PLANE('',#1780);
#1780 = AXIS2_PLACEMENT_3D('',#1781,#1782,#1783);
#1781 = CARTESIAN_POINT('',(14.487,4.2,0.49));
#1782 = DIRECTION('',(-8.55E-15,1.,0.));
#1783 = DIRECTION('',(-1.,-8.55E-15,0.));
#1784 = ADVANCED_FACE('',(#1785),#1896,.T.);
#1785 = FACE_BOUND('',#1786,.T.);
#1786 = EDGE_LOOP('',(#1787,#1788,#1789,#1790,#1791,#1799,#1808,#1816,
    #1824,#1832,#1841,#1850,#1858,#1866,#1874,#1882,#1890));
#1787 = ORIENTED_EDGE('',*,*,#1774,.T.);
#1788 = ORIENTED_EDGE('',*,*,#453,.T.);
#1789 = ORIENTED_EDGE('',*,*,#1602,.T.);
#1790 = ORIENTED_EDGE('',*,*,#607,.F.);
#1791 = ORIENTED_EDGE('',*,*,#1792,.T.);
#1792 = EDGE_CURVE('',#600,#1793,#1795,.T.);
#1793 = VERTEX_POINT('',#1794);
#1794 = CARTESIAN_POINT('',(8.437,3.27,0.39));
#1795 = LINE('',#1796,#1797);
#1796 = CARTESIAN_POINT('',(14.8,3.27,0.39));
#1797 = VECTOR('',#1798,1.);
#1798 = DIRECTION('',(1.,0.,0.));
#1799 = ORIENTED_EDGE('',*,*,#1800,.F.);
#1800 = EDGE_CURVE('',#1801,#1793,#1803,.T.);
#1801 = VERTEX_POINT('',#1802);
#1802 = CARTESIAN_POINT('',(8.437,1.97,0.39));
#1803 = CIRCLE('',#1804,0.65);
#1804 = AXIS2_PLACEMENT_3D('',#1805,#1806,#1807);
#1805 = CARTESIAN_POINT('',(8.43699998334,2.62,0.39));
#1806 = DIRECTION('',(-0.,7.E-17,1.));
#1807 = DIRECTION('',(0.,-1.,7.E-17));
#1808 = ORIENTED_EDGE('',*,*,#1809,.T.);
#1809 = EDGE_CURVE('',#1801,#1810,#1812,.T.);
#1810 = VERTEX_POINT('',#1811);
#1811 = CARTESIAN_POINT('',(6.887,1.97,0.39));
#1812 = LINE('',#1813,#1814);
#1813 = CARTESIAN_POINT('',(14.8,1.97,0.39));
#1814 = VECTOR('',#1815,1.);
#1815 = DIRECTION('',(-1.,-5.6E-16,0.));
#1816 = ORIENTED_EDGE('',*,*,#1817,.F.);
#1817 = EDGE_CURVE('',#1818,#1810,#1820,.T.);
#1818 = VERTEX_POINT('',#1819);
#1819 = CARTESIAN_POINT('',(6.887,-0.5,0.39));
#1820 = LINE('',#1821,#1822);
#1821 = CARTESIAN_POINT('',(6.887,6.25,0.39));
#1822 = VECTOR('',#1823,1.);
#1823 = DIRECTION('',(0.,1.,-7.E-17));
#1824 = ORIENTED_EDGE('',*,*,#1825,.T.);
#1825 = EDGE_CURVE('',#1818,#1826,#1828,.T.);
#1826 = VERTEX_POINT('',#1827);
#1827 = CARTESIAN_POINT('',(12.237,-0.5,0.39));
#1828 = LINE('',#1829,#1830);
#1829 = CARTESIAN_POINT('',(14.8,-0.5,0.39));
#1830 = VECTOR('',#1831,1.);
#1831 = DIRECTION('',(1.,0.,0.));
#1832 = ORIENTED_EDGE('',*,*,#1833,.F.);
#1833 = EDGE_CURVE('',#1834,#1826,#1836,.T.);
#1834 = VERTEX_POINT('',#1835);
#1835 = CARTESIAN_POINT('',(12.730381034033,-0.918912668953,0.39));
#1836 = CIRCLE('',#1837,0.5);
#1837 = AXIS2_PLACEMENT_3D('',#1838,#1839,#1840);
#1838 = CARTESIAN_POINT('',(12.237,-1.,0.39));
#1839 = DIRECTION('',(-0.,7.E-17,1.));
#1840 = DIRECTION('',(0.,-1.,7.E-17));
#1841 = ORIENTED_EDGE('',*,*,#1842,.F.);
#1842 = EDGE_CURVE('',#1843,#1834,#1845,.T.);
#1843 = VERTEX_POINT('',#1844);
#1844 = CARTESIAN_POINT('',(12.796037984591,-1.051,0.39));
#1845 = CIRCLE('',#1846,0.6);
#1846 = AXIS2_PLACEMENT_3D('',#1847,#1848,#1849);
#1847 = CARTESIAN_POINT('',(12.23,-1.25,0.39));
#1848 = DIRECTION('',(-0.,7.E-17,1.));
#1849 = DIRECTION('',(0.,-1.,7.E-17));
#1850 = ORIENTED_EDGE('',*,*,#1851,.T.);
#1851 = EDGE_CURVE('',#1843,#1852,#1854,.T.);
#1852 = VERTEX_POINT('',#1853);
#1853 = CARTESIAN_POINT('',(14.69,-1.051,0.39));
#1854 = LINE('',#1855,#1856);
#1855 = CARTESIAN_POINT('',(14.8,-1.051,0.39));
#1856 = VECTOR('',#1857,1.);
#1857 = DIRECTION('',(1.,-9.E-17,0.));
#1858 = ORIENTED_EDGE('',*,*,#1859,.F.);
#1859 = EDGE_CURVE('',#1860,#1852,#1862,.T.);
#1860 = VERTEX_POINT('',#1861);
#1861 = CARTESIAN_POINT('',(14.69,-0.2,0.39));
#1862 = LINE('',#1863,#1864);
#1863 = CARTESIAN_POINT('',(14.69,6.25,0.39));
#1864 = VECTOR('',#1865,1.);
#1865 = DIRECTION('',(0.,-1.,7.E-17));
#1866 = ORIENTED_EDGE('',*,*,#1867,.T.);
#1867 = EDGE_CURVE('',#1860,#1868,#1870,.T.);
#1868 = VERTEX_POINT('',#1869);
#1869 = CARTESIAN_POINT('',(13.737,-0.2,0.39));
#1870 = LINE('',#1871,#1872);
#1871 = CARTESIAN_POINT('',(14.8,-0.2,0.39));
#1872 = VECTOR('',#1873,1.);
#1873 = DIRECTION('',(-1.,0.,0.));
#1874 = ORIENTED_EDGE('',*,*,#1875,.T.);
#1875 = EDGE_CURVE('',#1868,#1876,#1878,.T.);
#1876 = VERTEX_POINT('',#1877);
#1877 = CARTESIAN_POINT('',(13.737,1.498,0.39));
#1878 = LINE('',#1879,#1880);
#1879 = CARTESIAN_POINT('',(13.737,-7.,0.39));
#1880 = VECTOR('',#1881,1.);
#1881 = DIRECTION('',(0.,1.,-7.E-17));
#1882 = ORIENTED_EDGE('',*,*,#1883,.T.);
#1883 = EDGE_CURVE('',#1876,#1884,#1886,.T.);
#1884 = VERTEX_POINT('',#1885);
#1885 = CARTESIAN_POINT('',(14.69,1.498,0.39));
#1886 = LINE('',#1887,#1888);
#1887 = CARTESIAN_POINT('',(14.8,1.498,0.39));
#1888 = VECTOR('',#1889,1.);
#1889 = DIRECTION('',(1.,0.,0.));
#1890 = ORIENTED_EDGE('',*,*,#1891,.F.);
#1891 = EDGE_CURVE('',#1765,#1884,#1892,.T.);
#1892 = LINE('',#1893,#1894);
#1893 = CARTESIAN_POINT('',(14.69,6.25,0.39));
#1894 = VECTOR('',#1895,1.);
#1895 = DIRECTION('',(0.,-1.,7.E-17));
#1896 = PLANE('',#1897);
#1897 = AXIS2_PLACEMENT_3D('',#1898,#1899,#1900);
#1898 = CARTESIAN_POINT('',(14.8,-7.,0.39));
#1899 = DIRECTION('',(0.,7.E-17,1.));
#1900 = DIRECTION('',(0.,-1.,7.E-17));
#1901 = ADVANCED_FACE('',(#1902),#1913,.T.);
#1902 = FACE_BOUND('',#1903,.T.);
#1903 = EDGE_LOOP('',(#1904,#1905,#1906,#1907));
#1904 = ORIENTED_EDGE('',*,*,#476,.F.);
#1905 = ORIENTED_EDGE('',*,*,#1764,.F.);
#1906 = ORIENTED_EDGE('',*,*,#1891,.T.);
#1907 = ORIENTED_EDGE('',*,*,#1908,.T.);
#1908 = EDGE_CURVE('',#1884,#477,#1909,.T.);
#1909 = LINE('',#1910,#1911);
#1910 = CARTESIAN_POINT('',(14.69,1.498,0.49));
#1911 = VECTOR('',#1912,1.);
#1912 = DIRECTION('',(0.,0.,-1.));
#1913 = PLANE('',#1914);
#1914 = AXIS2_PLACEMENT_3D('',#1915,#1916,#1917);
#1915 = CARTESIAN_POINT('',(14.69,6.25,9.E-02));
#1916 = DIRECTION('',(1.,0.,0.));
#1917 = DIRECTION('',(0.,1.,0.));
#1918 = ADVANCED_FACE('',(#1919),#1930,.T.);
#1919 = FACE_BOUND('',#1920,.T.);
#1920 = EDGE_LOOP('',(#1921,#1927,#1928,#1929));
#1921 = ORIENTED_EDGE('',*,*,#1922,.T.);
#1922 = EDGE_CURVE('',#1876,#485,#1923,.T.);
#1923 = LINE('',#1924,#1925);
#1924 = CARTESIAN_POINT('',(13.737,1.498,0.49));
#1925 = VECTOR('',#1926,1.);
#1926 = DIRECTION('',(0.,0.,-1.));
#1927 = ORIENTED_EDGE('',*,*,#484,.F.);
#1928 = ORIENTED_EDGE('',*,*,#1908,.F.);
#1929 = ORIENTED_EDGE('',*,*,#1883,.F.);
#1930 = PLANE('',#1931);
#1931 = AXIS2_PLACEMENT_3D('',#1932,#1933,#1934);
#1932 = CARTESIAN_POINT('',(14.69,1.498,0.49));
#1933 = DIRECTION('',(0.,-1.,0.));
#1934 = DIRECTION('',(1.,0.,0.));
#1935 = ADVANCED_FACE('',(#1936),#1947,.T.);
#1936 = FACE_BOUND('',#1937,.T.);
#1937 = EDGE_LOOP('',(#1938,#1944,#1945,#1946));
#1938 = ORIENTED_EDGE('',*,*,#1939,.T.);
#1939 = EDGE_CURVE('',#1868,#493,#1940,.T.);
#1940 = LINE('',#1941,#1942);
#1941 = CARTESIAN_POINT('',(13.737,-0.2,0.49));
#1942 = VECTOR('',#1943,1.);
#1943 = DIRECTION('',(0.,0.,-1.));
#1944 = ORIENTED_EDGE('',*,*,#492,.F.);
#1945 = ORIENTED_EDGE('',*,*,#1922,.F.);
#1946 = ORIENTED_EDGE('',*,*,#1875,.F.);
#1947 = PLANE('',#1948);
#1948 = AXIS2_PLACEMENT_3D('',#1949,#1950,#1951);
#1949 = CARTESIAN_POINT('',(13.737,1.498,0.49));
#1950 = DIRECTION('',(1.,0.,0.));
#1951 = DIRECTION('',(0.,1.,0.));
#1952 = ADVANCED_FACE('',(#1953),#1964,.T.);
#1953 = FACE_BOUND('',#1954,.T.);
#1954 = EDGE_LOOP('',(#1955,#1961,#1962,#1963));
#1955 = ORIENTED_EDGE('',*,*,#1956,.T.);
#1956 = EDGE_CURVE('',#1860,#501,#1957,.T.);
#1957 = LINE('',#1958,#1959);
#1958 = CARTESIAN_POINT('',(14.69,-0.2,0.49));
#1959 = VECTOR('',#1960,1.);
#1960 = DIRECTION('',(0.,0.,-1.));
#1961 = ORIENTED_EDGE('',*,*,#500,.F.);
#1962 = ORIENTED_EDGE('',*,*,#1939,.F.);
#1963 = ORIENTED_EDGE('',*,*,#1867,.F.);
#1964 = PLANE('',#1965);
#1965 = AXIS2_PLACEMENT_3D('',#1966,#1967,#1968);
#1966 = CARTESIAN_POINT('',(13.737,-0.2,0.49));
#1967 = DIRECTION('',(0.,1.,0.));
#1968 = DIRECTION('',(-1.,0.,0.));
#1969 = ADVANCED_FACE('',(#1970),#1981,.T.);
#1970 = FACE_BOUND('',#1971,.T.);
#1971 = EDGE_LOOP('',(#1972,#1973,#1974,#1975));
#1972 = ORIENTED_EDGE('',*,*,#508,.F.);
#1973 = ORIENTED_EDGE('',*,*,#1956,.F.);
#1974 = ORIENTED_EDGE('',*,*,#1859,.T.);
#1975 = ORIENTED_EDGE('',*,*,#1976,.T.);
#1976 = EDGE_CURVE('',#1852,#509,#1977,.T.);
#1977 = LINE('',#1978,#1979);
#1978 = CARTESIAN_POINT('',(14.69,-1.051,0.49));
#1979 = VECTOR('',#1980,1.);
#1980 = DIRECTION('',(0.,0.,-1.));
#1981 = PLANE('',#1982);
#1982 = AXIS2_PLACEMENT_3D('',#1983,#1984,#1985);
#1983 = CARTESIAN_POINT('',(14.69,6.25,9.E-02));
#1984 = DIRECTION('',(1.,0.,0.));
#1985 = DIRECTION('',(0.,1.,0.));
#1986 = ADVANCED_FACE('',(#1987),#1998,.T.);
#1987 = FACE_BOUND('',#1988,.T.);
#1988 = EDGE_LOOP('',(#1989,#1995,#1996,#1997));
#1989 = ORIENTED_EDGE('',*,*,#1990,.T.);
#1990 = EDGE_CURVE('',#1843,#517,#1991,.T.);
#1991 = LINE('',#1992,#1993);
#1992 = CARTESIAN_POINT('',(12.796037984591,-1.051,0.49));
#1993 = VECTOR('',#1994,1.);
#1994 = DIRECTION('',(0.,0.,-1.));
#1995 = ORIENTED_EDGE('',*,*,#516,.F.);
#1996 = ORIENTED_EDGE('',*,*,#1976,.F.);
#1997 = ORIENTED_EDGE('',*,*,#1851,.F.);
#1998 = PLANE('',#1999);
#1999 = AXIS2_PLACEMENT_3D('',#2000,#2001,#2002);
#2000 = CARTESIAN_POINT('',(14.69,-1.051,0.49));
#2001 = DIRECTION('',(-9.E-17,-1.,0.));
#2002 = DIRECTION('',(1.,-9.E-17,0.));
#2003 = ADVANCED_FACE('',(#2004,#2040,#2051),#2087,.T.);
#2004 = FACE_BOUND('',#2005,.T.);
#2005 = EDGE_LOOP('',(#2006,#2017,#2025,#2034));
#2006 = ORIENTED_EDGE('',*,*,#2007,.T.);
#2007 = EDGE_CURVE('',#2008,#2010,#2012,.T.);
#2008 = VERTEX_POINT('',#2009);
#2009 = CARTESIAN_POINT('',(12.23,-1.85,-1.E-02));
#2010 = VERTEX_POINT('',#2011);
#2011 = CARTESIAN_POINT('',(12.23,-0.65,-1.E-02));
#2012 = CIRCLE('',#2013,0.6);
#2013 = AXIS2_PLACEMENT_3D('',#2014,#2015,#2016);
#2014 = CARTESIAN_POINT('',(12.23,-1.25,-1.E-02));
#2015 = DIRECTION('',(0.,-0.,1.));
#2016 = DIRECTION('',(0.,1.,0.));
#2017 = ORIENTED_EDGE('',*,*,#2018,.F.);
#2018 = EDGE_CURVE('',#2019,#2010,#2021,.T.);
#2019 = VERTEX_POINT('',#2020);
#2020 = CARTESIAN_POINT('',(12.23,-0.65,0.59));
#2021 = LINE('',#2022,#2023);
#2022 = CARTESIAN_POINT('',(12.23,-0.65,0.59));
#2023 = VECTOR('',#2024,1.);
#2024 = DIRECTION('',(0.,0.,-1.));
#2025 = ORIENTED_EDGE('',*,*,#2026,.F.);
#2026 = EDGE_CURVE('',#2027,#2019,#2029,.T.);
#2027 = VERTEX_POINT('',#2028);
#2028 = CARTESIAN_POINT('',(12.23,-1.85,0.59));
#2029 = CIRCLE('',#2030,0.6);
#2030 = AXIS2_PLACEMENT_3D('',#2031,#2032,#2033);
#2031 = CARTESIAN_POINT('',(12.23,-1.25,0.59));
#2032 = DIRECTION('',(0.,-0.,1.));
#2033 = DIRECTION('',(0.,1.,0.));
#2034 = ORIENTED_EDGE('',*,*,#2035,.T.);
#2035 = EDGE_CURVE('',#2027,#2008,#2036,.T.);
#2036 = LINE('',#2037,#2038);
#2037 = CARTESIAN_POINT('',(12.23,-1.85,0.59));
#2038 = VECTOR('',#2039,1.);
#2039 = DIRECTION('',(0.,0.,-1.));
#2040 = FACE_BOUND('',#2041,.T.);
#2041 = EDGE_LOOP('',(#2042,#2043,#2044,#2045));
#2042 = ORIENTED_EDGE('',*,*,#524,.F.);
#2043 = ORIENTED_EDGE('',*,*,#1990,.F.);
#2044 = ORIENTED_EDGE('',*,*,#1842,.T.);
#2045 = ORIENTED_EDGE('',*,*,#2046,.T.);
#2046 = EDGE_CURVE('',#1834,#525,#2047,.T.);
#2047 = LINE('',#2048,#2049);
#2048 = CARTESIAN_POINT('',(12.730381034033,-0.918912668953,0.49));
#2049 = VECTOR('',#2050,1.);
#2050 = DIRECTION('',(0.,0.,-1.));
#2051 = FACE_BOUND('',#2052,.T.);
#2052 = EDGE_LOOP('',(#2053,#2064,#2072,#2081));
#2053 = ORIENTED_EDGE('',*,*,#2054,.F.);
#2054 = EDGE_CURVE('',#2055,#2057,#2059,.T.);
#2055 = VERTEX_POINT('',#2056);
#2056 = CARTESIAN_POINT('',(12.730381034033,-1.581087331047,9.E-02));
#2057 = VERTEX_POINT('',#2058);
#2058 = CARTESIAN_POINT('',(12.796037984591,-1.449,9.E-02));
#2059 = CIRCLE('',#2060,0.6);
#2060 = AXIS2_PLACEMENT_3D('',#2061,#2062,#2063);
#2061 = CARTESIAN_POINT('',(12.23,-1.25,9.E-02));
#2062 = DIRECTION('',(0.,-0.,1.));
#2063 = DIRECTION('',(0.,1.,0.));
#2064 = ORIENTED_EDGE('',*,*,#2065,.F.);
#2065 = EDGE_CURVE('',#2066,#2055,#2068,.T.);
#2066 = VERTEX_POINT('',#2067);
#2067 = CARTESIAN_POINT('',(12.730381034033,-1.581087331047,0.39));
#2068 = LINE('',#2069,#2070);
#2069 = CARTESIAN_POINT('',(12.730381034033,-1.581087331047,0.49));
#2070 = VECTOR('',#2071,1.);
#2071 = DIRECTION('',(0.,0.,-1.));
#2072 = ORIENTED_EDGE('',*,*,#2073,.T.);
#2073 = EDGE_CURVE('',#2066,#2074,#2076,.T.);
#2074 = VERTEX_POINT('',#2075);
#2075 = CARTESIAN_POINT('',(12.796037984591,-1.449,0.39));
#2076 = CIRCLE('',#2077,0.6);
#2077 = AXIS2_PLACEMENT_3D('',#2078,#2079,#2080);
#2078 = CARTESIAN_POINT('',(12.23,-1.25,0.39));
#2079 = DIRECTION('',(-0.,7.E-17,1.));
#2080 = DIRECTION('',(0.,-1.,7.E-17));
#2081 = ORIENTED_EDGE('',*,*,#2082,.T.);
#2082 = EDGE_CURVE('',#2074,#2057,#2083,.T.);
#2083 = LINE('',#2084,#2085);
#2084 = CARTESIAN_POINT('',(12.796037984591,-1.449,0.49));
#2085 = VECTOR('',#2086,1.);
#2086 = DIRECTION('',(0.,0.,-1.));
#2087 = CYLINDRICAL_SURFACE('',#2088,0.6);
#2088 = AXIS2_PLACEMENT_3D('',#2089,#2090,#2091);
#2089 = CARTESIAN_POINT('',(12.23,-1.25,0.59));
#2090 = DIRECTION('',(0.,0.,-1.));
#2091 = DIRECTION('',(-1.,0.,0.));
#2092 = ADVANCED_FACE('',(#2093),#2104,.F.);
#2093 = FACE_BOUND('',#2094,.F.);
#2094 = EDGE_LOOP('',(#2095,#2096,#2097,#2098));
#2095 = ORIENTED_EDGE('',*,*,#1833,.F.);
#2096 = ORIENTED_EDGE('',*,*,#2046,.T.);
#2097 = ORIENTED_EDGE('',*,*,#533,.T.);
#2098 = ORIENTED_EDGE('',*,*,#2099,.F.);
#2099 = EDGE_CURVE('',#1826,#534,#2100,.T.);
#2100 = LINE('',#2101,#2102);
#2101 = CARTESIAN_POINT('',(12.237,-0.5,0.49));
#2102 = VECTOR('',#2103,1.);
#2103 = DIRECTION('',(0.,0.,-1.));
#2104 = CYLINDRICAL_SURFACE('',#2105,0.5);
#2105 = AXIS2_PLACEMENT_3D('',#2106,#2107,#2108);
#2106 = CARTESIAN_POINT('',(12.237,-1.,0.49));
#2107 = DIRECTION('',(0.,0.,-1.));
#2108 = DIRECTION('',(-1.,0.,0.));
#2109 = ADVANCED_FACE('',(#2110),#2121,.T.);
#2110 = FACE_BOUND('',#2111,.T.);
#2111 = EDGE_LOOP('',(#2112,#2118,#2119,#2120));
#2112 = ORIENTED_EDGE('',*,*,#2113,.T.);
#2113 = EDGE_CURVE('',#1818,#543,#2114,.T.);
#2114 = LINE('',#2115,#2116);
#2115 = CARTESIAN_POINT('',(6.887,-0.5,0.49));
#2116 = VECTOR('',#2117,1.);
#2117 = DIRECTION('',(0.,0.,-1.));
#2118 = ORIENTED_EDGE('',*,*,#542,.F.);
#2119 = ORIENTED_EDGE('',*,*,#2099,.F.);
#2120 = ORIENTED_EDGE('',*,*,#1825,.F.);
#2121 = PLANE('',#2122);
#2122 = AXIS2_PLACEMENT_3D('',#2123,#2124,#2125);
#2123 = CARTESIAN_POINT('',(12.237,-0.5,0.49));
#2124 = DIRECTION('',(0.,-1.,0.));
#2125 = DIRECTION('',(1.,0.,0.));
#2126 = ADVANCED_FACE('',(#2127),#2138,.T.);
#2127 = FACE_BOUND('',#2128,.T.);
#2128 = EDGE_LOOP('',(#2129,#2130,#2131,#2132));
#2129 = ORIENTED_EDGE('',*,*,#550,.T.);
#2130 = ORIENTED_EDGE('',*,*,#2113,.F.);
#2131 = ORIENTED_EDGE('',*,*,#1817,.T.);
#2132 = ORIENTED_EDGE('',*,*,#2133,.T.);
#2133 = EDGE_CURVE('',#1810,#551,#2134,.T.);
#2134 = LINE('',#2135,#2136);
#2135 = CARTESIAN_POINT('',(6.887,1.97,0.49));
#2136 = VECTOR('',#2137,1.);
#2137 = DIRECTION('',(0.,0.,-1.));
#2138 = PLANE('',#2139);
#2139 = AXIS2_PLACEMENT_3D('',#2140,#2141,#2142);
#2140 = CARTESIAN_POINT('',(6.887,6.25,0.49));
#2141 = DIRECTION('',(-1.,0.,1.66E-15));
#2142 = DIRECTION('',(1.66E-15,0.,1.));
#2143 = ADVANCED_FACE('',(#2144),#2155,.T.);
#2144 = FACE_BOUND('',#2145,.T.);
#2145 = EDGE_LOOP('',(#2146,#2152,#2153,#2154));
#2146 = ORIENTED_EDGE('',*,*,#2147,.T.);
#2147 = EDGE_CURVE('',#1801,#559,#2148,.T.);
#2148 = LINE('',#2149,#2150);
#2149 = CARTESIAN_POINT('',(8.437,1.97,0.49));
#2150 = VECTOR('',#2151,1.);
#2151 = DIRECTION('',(0.,0.,-1.));
#2152 = ORIENTED_EDGE('',*,*,#558,.F.);
#2153 = ORIENTED_EDGE('',*,*,#2133,.F.);
#2154 = ORIENTED_EDGE('',*,*,#1809,.F.);
#2155 = PLANE('',#2156);
#2156 = AXIS2_PLACEMENT_3D('',#2157,#2158,#2159);
#2157 = CARTESIAN_POINT('',(6.887,1.97,0.49));
#2158 = DIRECTION('',(-5.6E-16,1.,0.));
#2159 = DIRECTION('',(-1.,-5.6E-16,0.));
#2160 = ADVANCED_FACE('',(#2161),#2172,.F.);
#2161 = FACE_BOUND('',#2162,.F.);
#2162 = EDGE_LOOP('',(#2163,#2164,#2165,#2166));
#2163 = ORIENTED_EDGE('',*,*,#1800,.F.);
#2164 = ORIENTED_EDGE('',*,*,#2147,.T.);
#2165 = ORIENTED_EDGE('',*,*,#566,.T.);
#2166 = ORIENTED_EDGE('',*,*,#2167,.F.);
#2167 = EDGE_CURVE('',#1793,#567,#2168,.T.);
#2168 = LINE('',#2169,#2170);
#2169 = CARTESIAN_POINT('',(8.437,3.27,0.49));
#2170 = VECTOR('',#2171,1.);
#2171 = DIRECTION('',(0.,0.,-1.));
#2172 = CYLINDRICAL_SURFACE('',#2173,0.65);
#2173 = AXIS2_PLACEMENT_3D('',#2174,#2175,#2176);
#2174 = CARTESIAN_POINT('',(8.43699998334,2.62,0.49));
#2175 = DIRECTION('',(0.,0.,-1.));
#2176 = DIRECTION('',(-1.,0.,0.));
#2177 = ADVANCED_FACE('',(#2178),#2184,.T.);
#2178 = FACE_BOUND('',#2179,.T.);
#2179 = EDGE_LOOP('',(#2180,#2181,#2182,#2183));
#2180 = ORIENTED_EDGE('',*,*,#599,.T.);
#2181 = ORIENTED_EDGE('',*,*,#575,.F.);
#2182 = ORIENTED_EDGE('',*,*,#2167,.F.);
#2183 = ORIENTED_EDGE('',*,*,#1792,.F.);
#2184 = PLANE('',#2185);
#2185 = AXIS2_PLACEMENT_3D('',#2186,#2187,#2188);
#2186 = CARTESIAN_POINT('',(8.437,3.27,0.49));
#2187 = DIRECTION('',(0.,-1.,0.));
#2188 = DIRECTION('',(1.,0.,0.));
#2189 = ADVANCED_FACE('',(#2190),#2219,.T.);
#2190 = FACE_BOUND('',#2191,.T.);
#2191 = EDGE_LOOP('',(#2192,#2193,#2202,#2210,#2217,#2218));
#2192 = ORIENTED_EDGE('',*,*,#798,.F.);
#2193 = ORIENTED_EDGE('',*,*,#2194,.F.);
#2194 = EDGE_CURVE('',#2195,#791,#2197,.T.);
#2195 = VERTEX_POINT('',#2196);
#2196 = CARTESIAN_POINT('',(3.767507794428,4.990580839554,
    -1.444712993376));
#2197 = ELLIPSE('',#2198,2.008424781586,2.);
#2198 = AXIS2_PLACEMENT_3D('',#2199,#2200,#2201);
#2199 = CARTESIAN_POINT('',(3.646946164347,6.5,-0.132594935395));
#2200 = DIRECTION('',(-0.995805279011,0.,-9.149779393031E-02));
#2201 = DIRECTION('',(-9.149779393031E-02,0.,0.995805279011));
#2202 = ORIENTED_EDGE('',*,*,#2203,.F.);
#2203 = EDGE_CURVE('',#2204,#2195,#2206,.T.);
#2204 = VERTEX_POINT('',#2205);
#2205 = CARTESIAN_POINT('',(5.632492205572,4.990580839554,
    -1.444712993376));
#2206 = LINE('',#2207,#2208);
#2207 = CARTESIAN_POINT('',(15.1,4.990580839554,-1.444712993376));
#2208 = VECTOR('',#2209,1.);
#2209 = DIRECTION('',(-1.,0.,0.));
#2210 = ORIENTED_EDGE('',*,*,#2211,.F.);
#2211 = EDGE_CURVE('',#697,#2204,#2212,.T.);
#2212 = ELLIPSE('',#2213,2.008424781586,2.);
#2213 = AXIS2_PLACEMENT_3D('',#2214,#2215,#2216);
#2214 = CARTESIAN_POINT('',(5.753053835653,6.5,-0.132594935395));
#2215 = DIRECTION('',(0.995805279011,0.,-9.149779393031E-02));
#2216 = DIRECTION('',(-9.149779393031E-02,0.,-0.995805279011));
#2217 = ORIENTED_EDGE('',*,*,#696,.F.);
#2218 = ORIENTED_EDGE('',*,*,#1592,.T.);
#2219 = CYLINDRICAL_SURFACE('',#2220,2.);
#2220 = AXIS2_PLACEMENT_3D('',#2221,#2222,#2223);
#2221 = CARTESIAN_POINT('',(15.1,6.5,-0.132594935395));
#2222 = DIRECTION('',(-1.,0.,0.));
#2223 = DIRECTION('',(0.,-1.,0.));
#2224 = ADVANCED_FACE('',(#2225),#2270,.T.);
#2225 = FACE_BOUND('',#2226,.T.);
#2226 = EDGE_LOOP('',(#2227,#2228,#2236,#2245,#2253,#2262,#2268,#2269));
#2227 = ORIENTED_EDGE('',*,*,#2211,.T.);
#2228 = ORIENTED_EDGE('',*,*,#2229,.T.);
#2229 = EDGE_CURVE('',#2204,#2230,#2232,.T.);
#2230 = VERTEX_POINT('',#2231);
#2231 = CARTESIAN_POINT('',(5.573070350786,5.552757820339,
    -2.091423631337));
#2232 = LINE('',#2233,#2234);
#2233 = CARTESIAN_POINT('',(5.677801196161,4.561922534902,
    -0.951598022211));
#2234 = VECTOR('',#2235,1.);
#2235 = DIRECTION('',(-6.917901240871E-02,0.654487283669,-0.75290149406)
  );
#2236 = ORIENTED_EDGE('',*,*,#2237,.F.);
#2237 = EDGE_CURVE('',#2238,#2230,#2240,.T.);
#2238 = VERTEX_POINT('',#2239);
#2239 = CARTESIAN_POINT('',(5.496644223209,5.509795896383,
    -2.923198235144));
#2240 = ELLIPSE('',#2241,0.602527434476,0.6);
#2241 = AXIS2_PLACEMENT_3D('',#2242,#2243,#2244);
#2242 = CARTESIAN_POINT('',(5.536904504514,5.099907071315,
    -2.485030286653));
#2243 = DIRECTION('',(0.995805279011,0.,-9.149779393031E-02));
#2244 = DIRECTION('',(-9.149779393031E-02,0.,-0.995805279011));
#2245 = ORIENTED_EDGE('',*,*,#2246,.F.);
#2246 = EDGE_CURVE('',#2247,#2238,#2249,.T.);
#2247 = VERTEX_POINT('',#2248);
#2248 = CARTESIAN_POINT('',(5.496644223209,5.886118506789,
    -2.923198235144));
#2249 = LINE('',#2250,#2251);
#2250 = CARTESIAN_POINT('',(5.496644223209,6.25,-2.923198235144));
#2251 = VECTOR('',#2252,1.);
#2252 = DIRECTION('',(0.,-1.,0.));
#2253 = ORIENTED_EDGE('',*,*,#2254,.T.);
#2254 = EDGE_CURVE('',#2247,#2255,#2257,.T.);
#2255 = VERTEX_POINT('',#2256);
#2256 = CARTESIAN_POINT('',(5.592037218386,5.77082039325,-1.885));
#2257 = ELLIPSE('',#2258,0.903791151714,0.9);
#2258 = AXIS2_PLACEMENT_3D('',#2259,#2260,#2261);
#2259 = CARTESIAN_POINT('',(5.536907287349,5.1,-2.485));
#2260 = DIRECTION('',(0.995805279011,0.,-9.149779393031E-02));
#2261 = DIRECTION('',(-9.149779393031E-02,0.,-0.995805279011));
#2262 = ORIENTED_EDGE('',*,*,#2263,.T.);
#2263 = EDGE_CURVE('',#2255,#730,#2264,.T.);
#2264 = LINE('',#2265,#2266);
#2265 = CARTESIAN_POINT('',(5.637539815854,5.340330416884,
    -1.389777931563));
#2266 = VECTOR('',#2267,1.);
#2267 = DIRECTION('',(6.917901240871E-02,-0.654487283669,0.75290149406)
  );
#2268 = ORIENTED_EDGE('',*,*,#739,.F.);
#2269 = ORIENTED_EDGE('',*,*,#705,.T.);
#2270 = PLANE('',#2271);
#2271 = AXIS2_PLACEMENT_3D('',#2272,#2273,#2274);
#2272 = CARTESIAN_POINT('',(5.496644223209,6.25,-2.923198235144));
#2273 = DIRECTION('',(0.995805279011,0.,-9.149779393031E-02));
#2274 = DIRECTION('',(-9.149779393031E-02,0.,-0.995805279011));
#2275 = ADVANCED_FACE('',(#2276),#2294,.F.);
#2276 = FACE_BOUND('',#2277,.T.);
#2277 = EDGE_LOOP('',(#2278,#2286,#2287,#2288));
#2278 = ORIENTED_EDGE('',*,*,#2279,.F.);
#2279 = EDGE_CURVE('',#732,#2280,#2282,.T.);
#2280 = VERTEX_POINT('',#2281);
#2281 = CARTESIAN_POINT('',(3.807962781614,5.77082039325,-1.885));
#2282 = LINE('',#2283,#2284);
#2283 = CARTESIAN_POINT('',(3.862003487909,6.282087522384,
    -2.473145553006));
#2284 = VECTOR('',#2285,1.);
#2285 = DIRECTION('',(6.917901240871E-02,0.654487283669,-0.75290149406)
  );
#2286 = ORIENTED_EDGE('',*,*,#729,.F.);
#2287 = ORIENTED_EDGE('',*,*,#2263,.F.);
#2288 = ORIENTED_EDGE('',*,*,#2289,.T.);
#2289 = EDGE_CURVE('',#2255,#2280,#2290,.T.);
#2290 = LINE('',#2291,#2292);
#2291 = CARTESIAN_POINT('',(15.1,5.77082039325,-1.885));
#2292 = VECTOR('',#2293,1.);
#2293 = DIRECTION('',(-1.,0.,0.));
#2294 = PLANE('',#2295);
#2295 = AXIS2_PLACEMENT_3D('',#2296,#2297,#2298);
#2296 = CARTESIAN_POINT('',(15.1,5.77082039325,-1.885));
#2297 = DIRECTION('',(0.,-0.754709580223,-0.656059028991));
#2298 = DIRECTION('',(0.,0.656059028991,-0.754709580223));
#2299 = ADVANCED_FACE('',(#2300),#2338,.T.);
#2300 = FACE_BOUND('',#2301,.T.);
#2301 = EDGE_LOOP('',(#2302,#2303,#2304,#2305,#2306,#2315,#2323,#2332));
#2302 = ORIENTED_EDGE('',*,*,#2194,.T.);
#2303 = ORIENTED_EDGE('',*,*,#790,.F.);
#2304 = ORIENTED_EDGE('',*,*,#757,.F.);
#2305 = ORIENTED_EDGE('',*,*,#2279,.T.);
#2306 = ORIENTED_EDGE('',*,*,#2307,.T.);
#2307 = EDGE_CURVE('',#2280,#2308,#2310,.T.);
#2308 = VERTEX_POINT('',#2309);
#2309 = CARTESIAN_POINT('',(3.903355776791,5.886118506789,
    -2.923198235144));
#2310 = ELLIPSE('',#2311,0.903791151714,0.9);
#2311 = AXIS2_PLACEMENT_3D('',#2312,#2313,#2314);
#2312 = CARTESIAN_POINT('',(3.863092712651,5.1,-2.485));
#2313 = DIRECTION('',(-0.995805279011,0.,-9.149779393031E-02));
#2314 = DIRECTION('',(-9.149779393031E-02,0.,0.995805279011));
#2315 = ORIENTED_EDGE('',*,*,#2316,.T.);
#2316 = EDGE_CURVE('',#2308,#2317,#2319,.T.);
#2317 = VERTEX_POINT('',#2318);
#2318 = CARTESIAN_POINT('',(3.903355776791,5.509795896383,
    -2.923198235144));
#2319 = LINE('',#2320,#2321);
#2320 = CARTESIAN_POINT('',(3.903355776791,6.25,-2.923198235144));
#2321 = VECTOR('',#2322,1.);
#2322 = DIRECTION('',(0.,-1.,0.));
#2323 = ORIENTED_EDGE('',*,*,#2324,.F.);
#2324 = EDGE_CURVE('',#2325,#2317,#2327,.T.);
#2325 = VERTEX_POINT('',#2326);
#2326 = CARTESIAN_POINT('',(3.826929649214,5.552757820339,
    -2.091423631337));
#2327 = ELLIPSE('',#2328,0.602527434476,0.6);
#2328 = AXIS2_PLACEMENT_3D('',#2329,#2330,#2331);
#2329 = CARTESIAN_POINT('',(3.863095495486,5.099907071315,
    -2.485030286653));
#2330 = DIRECTION('',(-0.995805279011,0.,-9.149779393031E-02));
#2331 = DIRECTION('',(-9.149779393031E-02,0.,0.995805279011));
#2332 = ORIENTED_EDGE('',*,*,#2333,.T.);
#2333 = EDGE_CURVE('',#2325,#2195,#2334,.T.);
#2334 = LINE('',#2335,#2336);
#2335 = CARTESIAN_POINT('',(3.821742107602,5.503679640401,
    -2.034965643654));
#2336 = VECTOR('',#2337,1.);
#2337 = DIRECTION('',(-6.917901240871E-02,-0.654487283669,0.75290149406)
  );
#2338 = PLANE('',#2339);
#2339 = AXIS2_PLACEMENT_3D('',#2340,#2341,#2342);
#2340 = CARTESIAN_POINT('',(3.7,6.25,-0.71));
#2341 = DIRECTION('',(-0.995805279011,0.,-9.149779393031E-02));
#2342 = DIRECTION('',(-9.149779393031E-02,0.,0.995805279011));
#2343 = ADVANCED_FACE('',(#2344,#2362),#2396,.T.);
#2344 = FACE_BOUND('',#2345,.T.);
#2345 = EDGE_LOOP('',(#2346,#2354,#2355,#2356));
#2346 = ORIENTED_EDGE('',*,*,#2347,.T.);
#2347 = EDGE_CURVE('',#2348,#871,#2350,.T.);
#2348 = VERTEX_POINT('',#2349);
#2349 = CARTESIAN_POINT('',(-0.8,-7.,10.49));
#2350 = LINE('',#2351,#2352);
#2351 = CARTESIAN_POINT('',(-0.8,-7.,10.49));
#2352 = VECTOR('',#2353,1.);
#2353 = DIRECTION('',(0.,0.,-1.));
#2354 = ORIENTED_EDGE('',*,*,#870,.F.);
#2355 = ORIENTED_EDGE('',*,*,#1626,.T.);
#2356 = ORIENTED_EDGE('',*,*,#2357,.T.);
#2357 = EDGE_CURVE('',#1619,#2348,#2358,.T.);
#2358 = LINE('',#2359,#2360);
#2359 = CARTESIAN_POINT('',(-0.8,4.5,10.49));
#2360 = VECTOR('',#2361,1.);
#2361 = DIRECTION('',(0.,-1.,0.));
#2362 = FACE_BOUND('',#2363,.T.);
#2363 = EDGE_LOOP('',(#2364,#2374,#2382,#2390));
#2364 = ORIENTED_EDGE('',*,*,#2365,.F.);
#2365 = EDGE_CURVE('',#2366,#2368,#2370,.T.);
#2366 = VERTEX_POINT('',#2367);
#2367 = CARTESIAN_POINT('',(-0.8,4.4,10.39));
#2368 = VERTEX_POINT('',#2369);
#2369 = CARTESIAN_POINT('',(-0.8,-6.9,10.39));
#2370 = LINE('',#2371,#2372);
#2371 = CARTESIAN_POINT('',(-0.8,4.4,10.39));
#2372 = VECTOR('',#2373,1.);
#2373 = DIRECTION('',(0.,-1.,0.));
#2374 = ORIENTED_EDGE('',*,*,#2375,.T.);
#2375 = EDGE_CURVE('',#2366,#2376,#2378,.T.);
#2376 = VERTEX_POINT('',#2377);
#2377 = CARTESIAN_POINT('',(-0.8,4.4,0.59));
#2378 = LINE('',#2379,#2380);
#2379 = CARTESIAN_POINT('',(-0.8,4.4,10.39));
#2380 = VECTOR('',#2381,1.);
#2381 = DIRECTION('',(0.,0.,-1.));
#2382 = ORIENTED_EDGE('',*,*,#2383,.T.);
#2383 = EDGE_CURVE('',#2376,#2384,#2386,.T.);
#2384 = VERTEX_POINT('',#2385);
#2385 = CARTESIAN_POINT('',(-0.8,-6.9,0.59));
#2386 = LINE('',#2387,#2388);
#2387 = CARTESIAN_POINT('',(-0.8,4.4,0.59));
#2388 = VECTOR('',#2389,1.);
#2389 = DIRECTION('',(0.,-1.,0.));
#2390 = ORIENTED_EDGE('',*,*,#2391,.F.);
#2391 = EDGE_CURVE('',#2368,#2384,#2392,.T.);
#2392 = LINE('',#2393,#2394);
#2393 = CARTESIAN_POINT('',(-0.8,-6.9,10.39));
#2394 = VECTOR('',#2395,1.);
#2395 = DIRECTION('',(0.,0.,-1.));
#2396 = PLANE('',#2397);
#2397 = AXIS2_PLACEMENT_3D('',#2398,#2399,#2400);
#2398 = CARTESIAN_POINT('',(-0.8,-1.25,9.E-02));
#2399 = DIRECTION('',(1.,0.,0.));
#2400 = DIRECTION('',(0.,1.,0.));
#2401 = ADVANCED_FACE('',(#2402,#2452,#2550,#2600),#2650,.F.);
#2402 = FACE_BOUND('',#2403,.T.);
#2403 = EDGE_LOOP('',(#2404,#2414,#2422,#2430,#2438,#2446));
#2404 = ORIENTED_EDGE('',*,*,#2405,.F.);
#2405 = EDGE_CURVE('',#2406,#2408,#2410,.T.);
#2406 = VERTEX_POINT('',#2407);
#2407 = CARTESIAN_POINT('',(0.13,-7.,6.29));
#2408 = VERTEX_POINT('',#2409);
#2409 = CARTESIAN_POINT('',(1.7,-7.,6.29));
#2410 = LINE('',#2411,#2412);
#2411 = CARTESIAN_POINT('',(15.1,-7.,6.29));
#2412 = VECTOR('',#2413,1.);
#2413 = DIRECTION('',(1.,0.,0.));
#2414 = ORIENTED_EDGE('',*,*,#2415,.F.);
#2415 = EDGE_CURVE('',#2416,#2406,#2418,.T.);
#2416 = VERTEX_POINT('',#2417);
#2417 = CARTESIAN_POINT('',(0.13,-7.,4.69));
#2418 = LINE('',#2419,#2420);
#2419 = CARTESIAN_POINT('',(0.13,-7.,-0.132594935395));
#2420 = VECTOR('',#2421,1.);
#2421 = DIRECTION('',(0.,0.,1.));
#2422 = ORIENTED_EDGE('',*,*,#2423,.F.);
#2423 = EDGE_CURVE('',#2424,#2416,#2426,.T.);
#2424 = VERTEX_POINT('',#2425);
#2425 = CARTESIAN_POINT('',(1.7,-7.,4.69));
#2426 = LINE('',#2427,#2428);
#2427 = CARTESIAN_POINT('',(15.1,-7.,4.69));
#2428 = VECTOR('',#2429,1.);
#2429 = DIRECTION('',(-1.,0.,0.));
#2430 = ORIENTED_EDGE('',*,*,#2431,.F.);
#2431 = EDGE_CURVE('',#2432,#2424,#2434,.T.);
#2432 = VERTEX_POINT('',#2433);
#2433 = CARTESIAN_POINT('',(1.7,-7.,4.89));
#2434 = LINE('',#2435,#2436);
#2435 = CARTESIAN_POINT('',(1.7,-7.,-0.132594935395));
#2436 = VECTOR('',#2437,1.);
#2437 = DIRECTION('',(0.,0.,-1.));
#2438 = ORIENTED_EDGE('',*,*,#2439,.F.);
#2439 = EDGE_CURVE('',#2440,#2432,#2442,.T.);
#2440 = VERTEX_POINT('',#2441);
#2441 = CARTESIAN_POINT('',(1.7,-7.,6.19));
#2442 = LINE('',#2443,#2444);
#2443 = CARTESIAN_POINT('',(1.7,-7.,-0.132594935395));
#2444 = VECTOR('',#2445,1.);
#2445 = DIRECTION('',(0.,0.,-1.));
#2446 = ORIENTED_EDGE('',*,*,#2447,.F.);
#2447 = EDGE_CURVE('',#2408,#2440,#2448,.T.);
#2448 = LINE('',#2449,#2450);
#2449 = CARTESIAN_POINT('',(1.7,-7.,-0.132594935395));
#2450 = VECTOR('',#2451,1.);
#2451 = DIRECTION('',(0.,0.,-1.));
#2452 = FACE_BOUND('',#2453,.T.);
#2453 = EDGE_LOOP('',(#2454,#2464,#2472,#2478,#2479,#2480,#2488,#2494,
    #2495,#2503,#2511,#2519,#2528,#2536,#2544));
#2454 = ORIENTED_EDGE('',*,*,#2455,.F.);
#2455 = EDGE_CURVE('',#2456,#2458,#2460,.T.);
#2456 = VERTEX_POINT('',#2457);
#2457 = CARTESIAN_POINT('',(3.7,-7.,9.E-02));
#2458 = VERTEX_POINT('',#2459);
#2459 = CARTESIAN_POINT('',(3.7,-7.,-0.132594935395));
#2460 = LINE('',#2461,#2462);
#2461 = CARTESIAN_POINT('',(3.7,-7.,-0.132594935395));
#2462 = VECTOR('',#2463,1.);
#2463 = DIRECTION('',(0.,0.,-1.));
#2464 = ORIENTED_EDGE('',*,*,#2465,.F.);
#2465 = EDGE_CURVE('',#2466,#2456,#2468,.T.);
#2466 = VERTEX_POINT('',#2467);
#2467 = CARTESIAN_POINT('',(2.9,-7.,9.E-02));
#2468 = LINE('',#2469,#2470);
#2469 = CARTESIAN_POINT('',(-0.8,-7.,9.E-02));
#2470 = VECTOR('',#2471,1.);
#2471 = DIRECTION('',(1.,0.,0.));
#2472 = ORIENTED_EDGE('',*,*,#2473,.F.);
#2473 = EDGE_CURVE('',#879,#2466,#2474,.T.);
#2474 = LINE('',#2475,#2476);
#2475 = CARTESIAN_POINT('',(2.9,-7.,0.24));
#2476 = VECTOR('',#2477,1.);
#2477 = DIRECTION('',(0.,0.,-1.));
#2478 = ORIENTED_EDGE('',*,*,#878,.F.);
#2479 = ORIENTED_EDGE('',*,*,#2347,.F.);
#2480 = ORIENTED_EDGE('',*,*,#2481,.F.);
#2481 = EDGE_CURVE('',#2482,#2348,#2484,.T.);
#2482 = VERTEX_POINT('',#2483);
#2483 = CARTESIAN_POINT('',(14.8,-7.,10.49));
#2484 = LINE('',#2485,#2486);
#2485 = CARTESIAN_POINT('',(14.8,-7.,10.49));
#2486 = VECTOR('',#2487,1.);
#2487 = DIRECTION('',(-1.,0.,0.));
#2488 = ORIENTED_EDGE('',*,*,#2489,.T.);
#2489 = EDGE_CURVE('',#2482,#1246,#2490,.T.);
#2490 = LINE('',#2491,#2492);
#2491 = CARTESIAN_POINT('',(14.8,-7.,10.49));
#2492 = VECTOR('',#2493,1.);
#2493 = DIRECTION('',(0.,0.,-1.));
#2494 = ORIENTED_EDGE('',*,*,#1245,.F.);
#2495 = ORIENTED_EDGE('',*,*,#2496,.T.);
#2496 = EDGE_CURVE('',#1238,#2497,#2499,.T.);
#2497 = VERTEX_POINT('',#2498);
#2498 = CARTESIAN_POINT('',(14.487,-7.,0.39));
#2499 = LINE('',#2500,#2501);
#2500 = CARTESIAN_POINT('',(14.487,-7.,10.49));
#2501 = VECTOR('',#2502,1.);
#2502 = DIRECTION('',(0.,0.,-1.));
#2503 = ORIENTED_EDGE('',*,*,#2504,.T.);
#2504 = EDGE_CURVE('',#2497,#2505,#2507,.T.);
#2505 = VERTEX_POINT('',#2506);
#2506 = CARTESIAN_POINT('',(6.887,-7.,0.39));
#2507 = LINE('',#2508,#2509);
#2508 = CARTESIAN_POINT('',(14.8,-7.,0.39));
#2509 = VECTOR('',#2510,1.);
#2510 = DIRECTION('',(-1.,0.,0.));
#2511 = ORIENTED_EDGE('',*,*,#2512,.F.);
#2512 = EDGE_CURVE('',#2513,#2505,#2515,.T.);
#2513 = VERTEX_POINT('',#2514);
#2514 = CARTESIAN_POINT('',(6.887,-7.,0.49));
#2515 = LINE('',#2516,#2517);
#2516 = CARTESIAN_POINT('',(6.887,-7.,0.49));
#2517 = VECTOR('',#2518,1.);
#2518 = DIRECTION('',(-1.66E-15,0.,-1.));
#2519 = ORIENTED_EDGE('',*,*,#2520,.F.);
#2520 = EDGE_CURVE('',#2521,#2513,#2523,.T.);
#2521 = VERTEX_POINT('',#2522);
#2522 = CARTESIAN_POINT('',(6.387,-7.,0.49));
#2523 = CIRCLE('',#2524,0.25);
#2524 = AXIS2_PLACEMENT_3D('',#2525,#2526,#2527);
#2525 = CARTESIAN_POINT('',(6.637,-7.,0.490000017473));
#2526 = DIRECTION('',(0.,1.,-0.));
#2527 = DIRECTION('',(-1.,0.,0.));
#2528 = ORIENTED_EDGE('',*,*,#2529,.F.);
#2529 = EDGE_CURVE('',#2530,#2521,#2532,.T.);
#2530 = VERTEX_POINT('',#2531);
#2531 = CARTESIAN_POINT('',(5.7,-7.,0.49));
#2532 = LINE('',#2533,#2534);
#2533 = CARTESIAN_POINT('',(5.7,-7.,0.49));
#2534 = VECTOR('',#2535,1.);
#2535 = DIRECTION('',(1.,0.,0.));
#2536 = ORIENTED_EDGE('',*,*,#2537,.F.);
#2537 = EDGE_CURVE('',#2538,#2530,#2540,.T.);
#2538 = VERTEX_POINT('',#2539);
#2539 = CARTESIAN_POINT('',(5.7,-7.,-0.132594935395));
#2540 = LINE('',#2541,#2542);
#2541 = CARTESIAN_POINT('',(5.7,-7.,-0.132594935395));
#2542 = VECTOR('',#2543,1.);
#2543 = DIRECTION('',(0.,0.,1.));
#2544 = ORIENTED_EDGE('',*,*,#2545,.T.);
#2545 = EDGE_CURVE('',#2538,#2458,#2546,.T.);
#2546 = LINE('',#2547,#2548);
#2547 = CARTESIAN_POINT('',(15.1,-7.,-0.132594935395));
#2548 = VECTOR('',#2549,1.);
#2549 = DIRECTION('',(-1.,0.,0.));
#2550 = FACE_BOUND('',#2551,.T.);
#2551 = EDGE_LOOP('',(#2552,#2562,#2570,#2578,#2586,#2594));
#2552 = ORIENTED_EDGE('',*,*,#2553,.F.);
#2553 = EDGE_CURVE('',#2554,#2556,#2558,.T.);
#2554 = VERTEX_POINT('',#2555);
#2555 = CARTESIAN_POINT('',(4.03,-7.,3.79));
#2556 = VERTEX_POINT('',#2557);
#2557 = CARTESIAN_POINT('',(4.1,-7.,3.79));
#2558 = LINE('',#2559,#2560);
#2559 = CARTESIAN_POINT('',(15.1,-7.,3.79));
#2560 = VECTOR('',#2561,1.);
#2561 = DIRECTION('',(1.,0.,0.));
#2562 = ORIENTED_EDGE('',*,*,#2563,.F.);
#2563 = EDGE_CURVE('',#2564,#2554,#2566,.T.);
#2564 = VERTEX_POINT('',#2565);
#2565 = CARTESIAN_POINT('',(4.03,-7.,2.39));
#2566 = LINE('',#2567,#2568);
#2567 = CARTESIAN_POINT('',(4.03,-7.,-0.132594935395));
#2568 = VECTOR('',#2569,1.);
#2569 = DIRECTION('',(0.,0.,1.));
#2570 = ORIENTED_EDGE('',*,*,#2571,.F.);
#2571 = EDGE_CURVE('',#2572,#2564,#2574,.T.);
#2572 = VERTEX_POINT('',#2573);
#2573 = CARTESIAN_POINT('',(5.6,-7.,2.39));
#2574 = LINE('',#2575,#2576);
#2575 = CARTESIAN_POINT('',(15.1,-7.,2.39));
#2576 = VECTOR('',#2577,1.);
#2577 = DIRECTION('',(-1.,0.,0.));
#2578 = ORIENTED_EDGE('',*,*,#2579,.F.);
#2579 = EDGE_CURVE('',#2580,#2572,#2582,.T.);
#2580 = VERTEX_POINT('',#2581);
#2581 = CARTESIAN_POINT('',(5.6,-7.,3.79));
#2582 = LINE('',#2583,#2584);
#2583 = CARTESIAN_POINT('',(5.6,-7.,-0.132594935395));
#2584 = VECTOR('',#2585,1.);
#2585 = DIRECTION('',(0.,0.,-1.));
#2586 = ORIENTED_EDGE('',*,*,#2587,.F.);
#2587 = EDGE_CURVE('',#2588,#2580,#2590,.T.);
#2588 = VERTEX_POINT('',#2589);
#2589 = CARTESIAN_POINT('',(4.859807621135,-7.,3.79));
#2590 = LINE('',#2591,#2592);
#2591 = CARTESIAN_POINT('',(15.1,-7.,3.79));
#2592 = VECTOR('',#2593,1.);
#2593 = DIRECTION('',(1.,0.,0.));
#2594 = ORIENTED_EDGE('',*,*,#2595,.F.);
#2595 = EDGE_CURVE('',#2556,#2588,#2596,.T.);
#2596 = LINE('',#2597,#2598);
#2597 = CARTESIAN_POINT('',(15.1,-7.,3.79));
#2598 = VECTOR('',#2599,1.);
#2599 = DIRECTION('',(1.,0.,0.));
#2600 = FACE_BOUND('',#2601,.T.);
#2601 = EDGE_LOOP('',(#2602,#2612,#2620,#2628,#2636,#2644));
#2602 = ORIENTED_EDGE('',*,*,#2603,.F.);
#2603 = EDGE_CURVE('',#2604,#2606,#2608,.T.);
#2604 = VERTEX_POINT('',#2605);
#2605 = CARTESIAN_POINT('',(4.03,-7.,8.74));
#2606 = VERTEX_POINT('',#2607);
#2607 = CARTESIAN_POINT('',(4.1,-7.,8.74));
#2608 = LINE('',#2609,#2610);
#2609 = CARTESIAN_POINT('',(15.1,-7.,8.74));
#2610 = VECTOR('',#2611,1.);
#2611 = DIRECTION('',(1.,0.,0.));
#2612 = ORIENTED_EDGE('',*,*,#2613,.F.);
#2613 = EDGE_CURVE('',#2614,#2604,#2616,.T.);
#2614 = VERTEX_POINT('',#2615);
#2615 = CARTESIAN_POINT('',(4.03,-7.,7.34));
#2616 = LINE('',#2617,#2618);
#2617 = CARTESIAN_POINT('',(4.03,-7.,-0.132594935395));
#2618 = VECTOR('',#2619,1.);
#2619 = DIRECTION('',(0.,0.,1.));
#2620 = ORIENTED_EDGE('',*,*,#2621,.F.);
#2621 = EDGE_CURVE('',#2622,#2614,#2624,.T.);
#2622 = VERTEX_POINT('',#2623);
#2623 = CARTESIAN_POINT('',(5.6,-7.,7.34));
#2624 = LINE('',#2625,#2626);
#2625 = CARTESIAN_POINT('',(15.1,-7.,7.34));
#2626 = VECTOR('',#2627,1.);
#2627 = DIRECTION('',(-1.,0.,0.));
#2628 = ORIENTED_EDGE('',*,*,#2629,.F.);
#2629 = EDGE_CURVE('',#2630,#2622,#2632,.T.);
#2630 = VERTEX_POINT('',#2631);
#2631 = CARTESIAN_POINT('',(5.6,-7.,8.74));
#2632 = LINE('',#2633,#2634);
#2633 = CARTESIAN_POINT('',(5.6,-7.,-0.132594935395));
#2634 = VECTOR('',#2635,1.);
#2635 = DIRECTION('',(0.,0.,-1.));
#2636 = ORIENTED_EDGE('',*,*,#2637,.F.);
#2637 = EDGE_CURVE('',#2638,#2630,#2640,.T.);
#2638 = VERTEX_POINT('',#2639);
#2639 = CARTESIAN_POINT('',(4.859807621135,-7.,8.74));
#2640 = LINE('',#2641,#2642);
#2641 = CARTESIAN_POINT('',(15.1,-7.,8.74));
#2642 = VECTOR('',#2643,1.);
#2643 = DIRECTION('',(1.,0.,0.));
#2644 = ORIENTED_EDGE('',*,*,#2645,.F.);
#2645 = EDGE_CURVE('',#2606,#2638,#2646,.T.);
#2646 = LINE('',#2647,#2648);
#2647 = CARTESIAN_POINT('',(15.1,-7.,8.74));
#2648 = VECTOR('',#2649,1.);
#2649 = DIRECTION('',(1.,0.,0.));
#2650 = PLANE('',#2651);
#2651 = AXIS2_PLACEMENT_3D('',#2652,#2653,#2654);
#2652 = CARTESIAN_POINT('',(15.1,-7.,-0.132594935395));
#2653 = DIRECTION('',(0.,-1.,0.));
#2654 = DIRECTION('',(1.,0.,0.));
#2655 = ADVANCED_FACE('',(#2656),#2674,.T.);
#2656 = FACE_BOUND('',#2657,.T.);
#2657 = EDGE_LOOP('',(#2658,#2659,#2660,#2668));
#2658 = ORIENTED_EDGE('',*,*,#886,.F.);
#2659 = ORIENTED_EDGE('',*,*,#2473,.T.);
#2660 = ORIENTED_EDGE('',*,*,#2661,.T.);
#2661 = EDGE_CURVE('',#2466,#2662,#2664,.T.);
#2662 = VERTEX_POINT('',#2663);
#2663 = CARTESIAN_POINT('',(2.9,-7.3,9.E-02));
#2664 = LINE('',#2665,#2666);
#2665 = CARTESIAN_POINT('',(2.9,6.25,9.E-02));
#2666 = VECTOR('',#2667,1.);
#2667 = DIRECTION('',(0.,-1.,0.));
#2668 = ORIENTED_EDGE('',*,*,#2669,.T.);
#2669 = EDGE_CURVE('',#2662,#887,#2670,.T.);
#2670 = LINE('',#2671,#2672);
#2671 = CARTESIAN_POINT('',(2.9,-7.3,10.79));
#2672 = VECTOR('',#2673,1.);
#2673 = DIRECTION('',(0.,0.,1.));
#2674 = PLANE('',#2675);
#2675 = AXIS2_PLACEMENT_3D('',#2676,#2677,#2678);
#2676 = CARTESIAN_POINT('',(2.9,6.25,0.24));
#2677 = DIRECTION('',(-1.,0.,0.));
#2678 = DIRECTION('',(0.,-1.,0.));
#2679 = ADVANCED_FACE('',(#2680,#2714,#2793,#2813,#2833,#2867),#2901,.F.
  );
#2680 = FACE_BOUND('',#2681,.T.);
#2681 = EDGE_LOOP('',(#2682,#2692,#2700,#2708));
#2682 = ORIENTED_EDGE('',*,*,#2683,.T.);
#2683 = EDGE_CURVE('',#2684,#2686,#2688,.T.);
#2684 = VERTEX_POINT('',#2685);
#2685 = CARTESIAN_POINT('',(0.13,-7.3,6.29));
#2686 = VERTEX_POINT('',#2687);
#2687 = CARTESIAN_POINT('',(1.7,-7.3,6.29));
#2688 = LINE('',#2689,#2690);
#2689 = CARTESIAN_POINT('',(0.13,-7.3,6.29));
#2690 = VECTOR('',#2691,1.);
#2691 = DIRECTION('',(1.,0.,0.));
#2692 = ORIENTED_EDGE('',*,*,#2693,.T.);
#2693 = EDGE_CURVE('',#2686,#2694,#2696,.T.);
#2694 = VERTEX_POINT('',#2695);
#2695 = CARTESIAN_POINT('',(1.7,-7.3,4.69));
#2696 = LINE('',#2697,#2698);
#2697 = CARTESIAN_POINT('',(1.7,-7.3,6.29));
#2698 = VECTOR('',#2699,1.);
#2699 = DIRECTION('',(0.,0.,-1.));
#2700 = ORIENTED_EDGE('',*,*,#2701,.T.);
#2701 = EDGE_CURVE('',#2694,#2702,#2704,.T.);
#2702 = VERTEX_POINT('',#2703);
#2703 = CARTESIAN_POINT('',(0.13,-7.3,4.69));
#2704 = LINE('',#2705,#2706);
#2705 = CARTESIAN_POINT('',(1.7,-7.3,4.69));
#2706 = VECTOR('',#2707,1.);
#2707 = DIRECTION('',(-1.,0.,0.));
#2708 = ORIENTED_EDGE('',*,*,#2709,.T.);
#2709 = EDGE_CURVE('',#2702,#2684,#2710,.T.);
#2710 = LINE('',#2711,#2712);
#2711 = CARTESIAN_POINT('',(0.13,-7.3,4.69));
#2712 = VECTOR('',#2713,1.);
#2713 = DIRECTION('',(0.,0.,1.));
#2714 = FACE_BOUND('',#2715,.T.);
#2715 = EDGE_LOOP('',(#2716,#2724,#2725,#2726,#2727,#2728,#2729,#2730,
    #2738,#2746,#2754,#2762,#2770,#2779,#2787));
#2716 = ORIENTED_EDGE('',*,*,#2717,.F.);
#2717 = EDGE_CURVE('',#1230,#2718,#2720,.T.);
#2718 = VERTEX_POINT('',#2719);
#2719 = CARTESIAN_POINT('',(14.487,-7.3,9.E-02));
#2720 = LINE('',#2721,#2722);
#2721 = CARTESIAN_POINT('',(14.487,-7.3,0.49));
#2722 = VECTOR('',#2723,1.);
#2723 = DIRECTION('',(0.,0.,-1.));
#2724 = ORIENTED_EDGE('',*,*,#1229,.F.);
#2725 = ORIENTED_EDGE('',*,*,#1205,.F.);
#2726 = ORIENTED_EDGE('',*,*,#1014,.T.);
#2727 = ORIENTED_EDGE('',*,*,#990,.T.);
#2728 = ORIENTED_EDGE('',*,*,#894,.F.);
#2729 = ORIENTED_EDGE('',*,*,#2669,.F.);
#2730 = ORIENTED_EDGE('',*,*,#2731,.F.);
#2731 = EDGE_CURVE('',#2732,#2662,#2734,.T.);
#2732 = VERTEX_POINT('',#2733);
#2733 = CARTESIAN_POINT('',(3.7,-7.3,9.E-02));
#2734 = LINE('',#2735,#2736);
#2735 = CARTESIAN_POINT('',(15.1,-7.3,9.E-02));
#2736 = VECTOR('',#2737,1.);
#2737 = DIRECTION('',(-1.,0.,0.));
#2738 = ORIENTED_EDGE('',*,*,#2739,.F.);
#2739 = EDGE_CURVE('',#2740,#2732,#2742,.T.);
#2740 = VERTEX_POINT('',#2741);
#2741 = CARTESIAN_POINT('',(3.7,-7.3,-0.132594935395));
#2742 = LINE('',#2743,#2744);
#2743 = CARTESIAN_POINT('',(3.7,-7.3,10.79));
#2744 = VECTOR('',#2745,1.);
#2745 = DIRECTION('',(0.,0.,1.));
#2746 = ORIENTED_EDGE('',*,*,#2747,.F.);
#2747 = EDGE_CURVE('',#2748,#2740,#2750,.T.);
#2748 = VERTEX_POINT('',#2749);
#2749 = CARTESIAN_POINT('',(5.7,-7.3,-0.132594935395));
#2750 = LINE('',#2751,#2752);
#2751 = CARTESIAN_POINT('',(15.1,-7.3,-0.132594935395));
#2752 = VECTOR('',#2753,1.);
#2753 = DIRECTION('',(-1.,0.,0.));
#2754 = ORIENTED_EDGE('',*,*,#2755,.F.);
#2755 = EDGE_CURVE('',#2756,#2748,#2758,.T.);
#2756 = VERTEX_POINT('',#2757);
#2757 = CARTESIAN_POINT('',(5.7,-7.3,0.49));
#2758 = LINE('',#2759,#2760);
#2759 = CARTESIAN_POINT('',(5.7,-7.3,10.79));
#2760 = VECTOR('',#2761,1.);
#2761 = DIRECTION('',(0.,0.,-1.));
#2762 = ORIENTED_EDGE('',*,*,#2763,.F.);
#2763 = EDGE_CURVE('',#2764,#2756,#2766,.T.);
#2764 = VERTEX_POINT('',#2765);
#2765 = CARTESIAN_POINT('',(6.387,-7.3,0.49));
#2766 = LINE('',#2767,#2768);
#2767 = CARTESIAN_POINT('',(15.1,-7.3,0.49));
#2768 = VECTOR('',#2769,1.);
#2769 = DIRECTION('',(-1.,0.,0.));
#2770 = ORIENTED_EDGE('',*,*,#2771,.T.);
#2771 = EDGE_CURVE('',#2764,#2772,#2774,.T.);
#2772 = VERTEX_POINT('',#2773);
#2773 = CARTESIAN_POINT('',(6.887,-7.3,0.49));
#2774 = CIRCLE('',#2775,0.25);
#2775 = AXIS2_PLACEMENT_3D('',#2776,#2777,#2778);
#2776 = CARTESIAN_POINT('',(6.637,-7.3,0.490000017473));
#2777 = DIRECTION('',(0.,1.,-0.));
#2778 = DIRECTION('',(-1.,0.,0.));
#2779 = ORIENTED_EDGE('',*,*,#2780,.F.);
#2780 = EDGE_CURVE('',#2781,#2772,#2783,.T.);
#2781 = VERTEX_POINT('',#2782);
#2782 = CARTESIAN_POINT('',(6.887,-7.3,9.E-02));
#2783 = LINE('',#2784,#2785);
#2784 = CARTESIAN_POINT('',(6.887,-7.3,10.79));
#2785 = VECTOR('',#2786,1.);
#2786 = DIRECTION('',(1.66E-15,0.,1.));
#2787 = ORIENTED_EDGE('',*,*,#2788,.F.);
#2788 = EDGE_CURVE('',#2718,#2781,#2789,.T.);
#2789 = LINE('',#2790,#2791);
#2790 = CARTESIAN_POINT('',(15.1,-7.3,9.E-02));
#2791 = VECTOR('',#2792,1.);
#2792 = DIRECTION('',(-1.,0.,0.));
#2793 = FACE_BOUND('',#2794,.T.);
#2794 = EDGE_LOOP('',(#2795,#2806));
#2795 = ORIENTED_EDGE('',*,*,#2796,.T.);
#2796 = EDGE_CURVE('',#2797,#2799,#2801,.T.);
#2797 = VERTEX_POINT('',#2798);
#2798 = CARTESIAN_POINT('',(1.317157287525,-7.3,8.89));
#2799 = VERTEX_POINT('',#2800);
#2800 = CARTESIAN_POINT('',(1.6,-7.3,9.172842712475));
#2801 = CIRCLE('',#2802,0.282842712475);
#2802 = AXIS2_PLACEMENT_3D('',#2803,#2804,#2805);
#2803 = CARTESIAN_POINT('',(1.6,-7.3,8.89));
#2804 = DIRECTION('',(0.,1.,-0.));
#2805 = DIRECTION('',(-1.,0.,0.));
#2806 = ORIENTED_EDGE('',*,*,#2807,.T.);
#2807 = EDGE_CURVE('',#2799,#2797,#2808,.T.);
#2808 = CIRCLE('',#2809,0.282842712475);
#2809 = AXIS2_PLACEMENT_3D('',#2810,#2811,#2812);
#2810 = CARTESIAN_POINT('',(1.6,-7.3,8.89));
#2811 = DIRECTION('',(0.,1.,-0.));
#2812 = DIRECTION('',(-1.,0.,0.));
#2813 = FACE_BOUND('',#2814,.T.);
#2814 = EDGE_LOOP('',(#2815,#2826));
#2815 = ORIENTED_EDGE('',*,*,#2816,.T.);
#2816 = EDGE_CURVE('',#2817,#2819,#2821,.T.);
#2817 = VERTEX_POINT('',#2818);
#2818 = CARTESIAN_POINT('',(1.317157287525,-7.3,2.39));
#2819 = VERTEX_POINT('',#2820);
#2820 = CARTESIAN_POINT('',(1.6,-7.3,2.672842712475));
#2821 = CIRCLE('',#2822,0.282842712475);
#2822 = AXIS2_PLACEMENT_3D('',#2823,#2824,#2825);
#2823 = CARTESIAN_POINT('',(1.6,-7.3,2.39));
#2824 = DIRECTION('',(0.,1.,-0.));
#2825 = DIRECTION('',(-1.,0.,0.));
#2826 = ORIENTED_EDGE('',*,*,#2827,.T.);
#2827 = EDGE_CURVE('',#2819,#2817,#2828,.T.);
#2828 = CIRCLE('',#2829,0.282842712475);
#2829 = AXIS2_PLACEMENT_3D('',#2830,#2831,#2832);
#2830 = CARTESIAN_POINT('',(1.6,-7.3,2.39));
#2831 = DIRECTION('',(0.,1.,-0.));
#2832 = DIRECTION('',(-1.,0.,0.));
#2833 = FACE_BOUND('',#2834,.T.);
#2834 = EDGE_LOOP('',(#2835,#2845,#2853,#2861));
#2835 = ORIENTED_EDGE('',*,*,#2836,.T.);
#2836 = EDGE_CURVE('',#2837,#2839,#2841,.T.);
#2837 = VERTEX_POINT('',#2838);
#2838 = CARTESIAN_POINT('',(4.03,-7.3,3.79));
#2839 = VERTEX_POINT('',#2840);
#2840 = CARTESIAN_POINT('',(5.6,-7.3,3.79));
#2841 = LINE('',#2842,#2843);
#2842 = CARTESIAN_POINT('',(4.03,-7.3,3.79));
#2843 = VECTOR('',#2844,1.);
#2844 = DIRECTION('',(1.,0.,0.));
#2845 = ORIENTED_EDGE('',*,*,#2846,.T.);
#2846 = EDGE_CURVE('',#2839,#2847,#2849,.T.);
#2847 = VERTEX_POINT('',#2848);
#2848 = CARTESIAN_POINT('',(5.6,-7.3,2.39));
#2849 = LINE('',#2850,#2851);
#2850 = CARTESIAN_POINT('',(5.6,-7.3,3.79));
#2851 = VECTOR('',#2852,1.);
#2852 = DIRECTION('',(0.,0.,-1.));
#2853 = ORIENTED_EDGE('',*,*,#2854,.T.);
#2854 = EDGE_CURVE('',#2847,#2855,#2857,.T.);
#2855 = VERTEX_POINT('',#2856);
#2856 = CARTESIAN_POINT('',(4.03,-7.3,2.39));
#2857 = LINE('',#2858,#2859);
#2858 = CARTESIAN_POINT('',(5.6,-7.3,2.39));
#2859 = VECTOR('',#2860,1.);
#2860 = DIRECTION('',(-1.,0.,0.));
#2861 = ORIENTED_EDGE('',*,*,#2862,.T.);
#2862 = EDGE_CURVE('',#2855,#2837,#2863,.T.);
#2863 = LINE('',#2864,#2865);
#2864 = CARTESIAN_POINT('',(4.03,-7.3,2.39));
#2865 = VECTOR('',#2866,1.);
#2866 = DIRECTION('',(0.,0.,1.));
#2867 = FACE_BOUND('',#2868,.T.);
#2868 = EDGE_LOOP('',(#2869,#2879,#2887,#2895));
#2869 = ORIENTED_EDGE('',*,*,#2870,.T.);
#2870 = EDGE_CURVE('',#2871,#2873,#2875,.T.);
#2871 = VERTEX_POINT('',#2872);
#2872 = CARTESIAN_POINT('',(4.03,-7.3,8.74));
#2873 = VERTEX_POINT('',#2874);
#2874 = CARTESIAN_POINT('',(5.6,-7.3,8.74));
#2875 = LINE('',#2876,#2877);
#2876 = CARTESIAN_POINT('',(4.03,-7.3,8.74));
#2877 = VECTOR('',#2878,1.);
#2878 = DIRECTION('',(1.,0.,0.));
#2879 = ORIENTED_EDGE('',*,*,#2880,.T.);
#2880 = EDGE_CURVE('',#2873,#2881,#2883,.T.);
#2881 = VERTEX_POINT('',#2882);
#2882 = CARTESIAN_POINT('',(5.6,-7.3,7.34));
#2883 = LINE('',#2884,#2885);
#2884 = CARTESIAN_POINT('',(5.6,-7.3,8.74));
#2885 = VECTOR('',#2886,1.);
#2886 = DIRECTION('',(0.,0.,-1.));
#2887 = ORIENTED_EDGE('',*,*,#2888,.T.);
#2888 = EDGE_CURVE('',#2881,#2889,#2891,.T.);
#2889 = VERTEX_POINT('',#2890);
#2890 = CARTESIAN_POINT('',(4.03,-7.3,7.34));
#2891 = LINE('',#2892,#2893);
#2892 = CARTESIAN_POINT('',(5.6,-7.3,7.34));
#2893 = VECTOR('',#2894,1.);
#2894 = DIRECTION('',(-1.,0.,0.));
#2895 = ORIENTED_EDGE('',*,*,#2896,.T.);
#2896 = EDGE_CURVE('',#2889,#2871,#2897,.T.);
#2897 = LINE('',#2898,#2899);
#2898 = CARTESIAN_POINT('',(4.03,-7.3,7.34));
#2899 = VECTOR('',#2900,1.);
#2900 = DIRECTION('',(0.,0.,1.));
#2901 = PLANE('',#2902);
#2902 = AXIS2_PLACEMENT_3D('',#2903,#2904,#2905);
#2903 = CARTESIAN_POINT('',(15.1,-7.3,10.79));
#2904 = DIRECTION('',(0.,1.,0.));
#2905 = DIRECTION('',(-1.,0.,0.));
#2906 = ADVANCED_FACE('',(#2907),#2933,.T.);
#2907 = FACE_BOUND('',#2908,.T.);
#2908 = EDGE_LOOP('',(#2909,#2910,#2918,#2927));
#2909 = ORIENTED_EDGE('',*,*,#917,.F.);
#2910 = ORIENTED_EDGE('',*,*,#2911,.F.);
#2911 = EDGE_CURVE('',#2912,#918,#2914,.T.);
#2912 = VERTEX_POINT('',#2913);
#2913 = CARTESIAN_POINT('',(-1.4,1.7,3.89));
#2914 = LINE('',#2915,#2916);
#2915 = CARTESIAN_POINT('',(-1.4,1.7,3.89));
#2916 = VECTOR('',#2917,1.);
#2917 = DIRECTION('',(1.,0.,0.));
#2918 = ORIENTED_EDGE('',*,*,#2919,.T.);
#2919 = EDGE_CURVE('',#2912,#2920,#2922,.T.);
#2920 = VERTEX_POINT('',#2921);
#2921 = CARTESIAN_POINT('',(-1.4,1.7,4.89));
#2922 = CIRCLE('',#2923,0.5);
#2923 = AXIS2_PLACEMENT_3D('',#2924,#2925,#2926);
#2924 = CARTESIAN_POINT('',(-1.4,1.7,4.39));
#2925 = DIRECTION('',(1.,0.,0.));
#2926 = DIRECTION('',(0.,1.,0.));
#2927 = ORIENTED_EDGE('',*,*,#2928,.T.);
#2928 = EDGE_CURVE('',#2920,#920,#2929,.T.);
#2929 = LINE('',#2930,#2931);
#2930 = CARTESIAN_POINT('',(-1.4,1.7,4.89));
#2931 = VECTOR('',#2932,1.);
#2932 = DIRECTION('',(1.,0.,0.));
#2933 = CYLINDRICAL_SURFACE('',#2934,0.5);
#2934 = AXIS2_PLACEMENT_3D('',#2935,#2936,#2937);
#2935 = CARTESIAN_POINT('',(-1.4,1.7,4.39));
#2936 = DIRECTION('',(1.,0.,0.));
#2937 = DIRECTION('',(0.,1.,0.));
#2938 = ADVANCED_FACE('',(#2939),#2957,.T.);
#2939 = FACE_BOUND('',#2940,.T.);
#2940 = EDGE_LOOP('',(#2941,#2942,#2943,#2951));
#2941 = ORIENTED_EDGE('',*,*,#928,.F.);
#2942 = ORIENTED_EDGE('',*,*,#2928,.F.);
#2943 = ORIENTED_EDGE('',*,*,#2944,.T.);
#2944 = EDGE_CURVE('',#2920,#2945,#2947,.T.);
#2945 = VERTEX_POINT('',#2946);
#2946 = CARTESIAN_POINT('',(-1.4,-4.2,4.89));
#2947 = LINE('',#2948,#2949);
#2948 = CARTESIAN_POINT('',(-1.4,1.7,4.89));
#2949 = VECTOR('',#2950,1.);
#2950 = DIRECTION('',(0.,-1.,0.));
#2951 = ORIENTED_EDGE('',*,*,#2952,.T.);
#2952 = EDGE_CURVE('',#2945,#929,#2953,.T.);
#2953 = LINE('',#2954,#2955);
#2954 = CARTESIAN_POINT('',(-1.4,-4.2,4.89));
#2955 = VECTOR('',#2956,1.);
#2956 = DIRECTION('',(1.,0.,0.));
#2957 = PLANE('',#2958);
#2958 = AXIS2_PLACEMENT_3D('',#2959,#2960,#2961);
#2959 = CARTESIAN_POINT('',(-1.4,1.7,4.89));
#2960 = DIRECTION('',(0.,0.,1.));
#2961 = DIRECTION('',(1.,0.,0.));
#2962 = ADVANCED_FACE('',(#2963),#2982,.T.);
#2963 = FACE_BOUND('',#2964,.T.);
#2964 = EDGE_LOOP('',(#2965,#2966,#2967,#2976));
#2965 = ORIENTED_EDGE('',*,*,#936,.F.);
#2966 = ORIENTED_EDGE('',*,*,#2952,.F.);
#2967 = ORIENTED_EDGE('',*,*,#2968,.T.);
#2968 = EDGE_CURVE('',#2945,#2969,#2971,.T.);
#2969 = VERTEX_POINT('',#2970);
#2970 = CARTESIAN_POINT('',(-1.4,-4.2,3.89));
#2971 = CIRCLE('',#2972,0.5);
#2972 = AXIS2_PLACEMENT_3D('',#2973,#2974,#2975);
#2973 = CARTESIAN_POINT('',(-1.4,-4.2,4.39));
#2974 = DIRECTION('',(1.,0.,0.));
#2975 = DIRECTION('',(0.,1.,0.));
#2976 = ORIENTED_EDGE('',*,*,#2977,.T.);
#2977 = EDGE_CURVE('',#2969,#937,#2978,.T.);
#2978 = LINE('',#2979,#2980);
#2979 = CARTESIAN_POINT('',(-1.4,-4.2,3.89));
#2980 = VECTOR('',#2981,1.);
#2981 = DIRECTION('',(1.,0.,0.));
#2982 = CYLINDRICAL_SURFACE('',#2983,0.5);
#2983 = AXIS2_PLACEMENT_3D('',#2984,#2985,#2986);
#2984 = CARTESIAN_POINT('',(-1.4,-4.2,4.39));
#2985 = DIRECTION('',(1.,0.,0.));
#2986 = DIRECTION('',(0.,1.,0.));
#2987 = ADVANCED_FACE('',(#2988),#2999,.T.);
#2988 = FACE_BOUND('',#2989,.T.);
#2989 = EDGE_LOOP('',(#2990,#2991,#2992,#2998));
#2990 = ORIENTED_EDGE('',*,*,#945,.F.);
#2991 = ORIENTED_EDGE('',*,*,#2977,.F.);
#2992 = ORIENTED_EDGE('',*,*,#2993,.T.);
#2993 = EDGE_CURVE('',#2969,#2912,#2994,.T.);
#2994 = LINE('',#2995,#2996);
#2995 = CARTESIAN_POINT('',(-1.4,-4.2,3.89));
#2996 = VECTOR('',#2997,1.);
#2997 = DIRECTION('',(0.,1.,0.));
#2998 = ORIENTED_EDGE('',*,*,#2911,.T.);
#2999 = PLANE('',#3000);
#3000 = AXIS2_PLACEMENT_3D('',#3001,#3002,#3003);
#3001 = CARTESIAN_POINT('',(-1.4,-4.2,3.89));
#3002 = DIRECTION('',(0.,0.,-1.));
#3003 = DIRECTION('',(-1.,0.,0.));
#3004 = ADVANCED_FACE('',(#3005),#3031,.T.);
#3005 = FACE_BOUND('',#3006,.T.);
#3006 = EDGE_LOOP('',(#3007,#3008,#3016,#3025));
#3007 = ORIENTED_EDGE('',*,*,#953,.F.);
#3008 = ORIENTED_EDGE('',*,*,#3009,.F.);
#3009 = EDGE_CURVE('',#3010,#954,#3012,.T.);
#3010 = VERTEX_POINT('',#3011);
#3011 = CARTESIAN_POINT('',(-1.4,1.7,7.89));
#3012 = LINE('',#3013,#3014);
#3013 = CARTESIAN_POINT('',(-1.4,1.7,7.89));
#3014 = VECTOR('',#3015,1.);
#3015 = DIRECTION('',(1.,0.,0.));
#3016 = ORIENTED_EDGE('',*,*,#3017,.T.);
#3017 = EDGE_CURVE('',#3010,#3018,#3020,.T.);
#3018 = VERTEX_POINT('',#3019);
#3019 = CARTESIAN_POINT('',(-1.4,1.7,8.89));
#3020 = CIRCLE('',#3021,0.5);
#3021 = AXIS2_PLACEMENT_3D('',#3022,#3023,#3024);
#3022 = CARTESIAN_POINT('',(-1.4,1.7,8.39));
#3023 = DIRECTION('',(1.,0.,0.));
#3024 = DIRECTION('',(0.,1.,0.));
#3025 = ORIENTED_EDGE('',*,*,#3026,.T.);
#3026 = EDGE_CURVE('',#3018,#956,#3027,.T.);
#3027 = LINE('',#3028,#3029);
#3028 = CARTESIAN_POINT('',(-1.4,1.7,8.89));
#3029 = VECTOR('',#3030,1.);
#3030 = DIRECTION('',(1.,0.,0.));
#3031 = CYLINDRICAL_SURFACE('',#3032,0.5);
#3032 = AXIS2_PLACEMENT_3D('',#3033,#3034,#3035);
#3033 = CARTESIAN_POINT('',(-1.4,1.7,8.39));
#3034 = DIRECTION('',(1.,0.,0.));
#3035 = DIRECTION('',(0.,1.,0.));
#3036 = ADVANCED_FACE('',(#3037),#3055,.T.);
#3037 = FACE_BOUND('',#3038,.T.);
#3038 = EDGE_LOOP('',(#3039,#3040,#3041,#3049));
#3039 = ORIENTED_EDGE('',*,*,#964,.F.);
#3040 = ORIENTED_EDGE('',*,*,#3026,.F.);
#3041 = ORIENTED_EDGE('',*,*,#3042,.T.);
#3042 = EDGE_CURVE('',#3018,#3043,#3045,.T.);
#3043 = VERTEX_POINT('',#3044);
#3044 = CARTESIAN_POINT('',(-1.4,-4.2,8.89));
#3045 = LINE('',#3046,#3047);
#3046 = CARTESIAN_POINT('',(-1.4,1.7,8.89));
#3047 = VECTOR('',#3048,1.);
#3048 = DIRECTION('',(0.,-1.,0.));
#3049 = ORIENTED_EDGE('',*,*,#3050,.T.);
#3050 = EDGE_CURVE('',#3043,#965,#3051,.T.);
#3051 = LINE('',#3052,#3053);
#3052 = CARTESIAN_POINT('',(-1.4,-4.2,8.89));
#3053 = VECTOR('',#3054,1.);
#3054 = DIRECTION('',(1.,0.,0.));
#3055 = PLANE('',#3056);
#3056 = AXIS2_PLACEMENT_3D('',#3057,#3058,#3059);
#3057 = CARTESIAN_POINT('',(-1.4,1.7,8.89));
#3058 = DIRECTION('',(0.,0.,1.));
#3059 = DIRECTION('',(1.,0.,0.));
#3060 = ADVANCED_FACE('',(#3061),#3080,.T.);
#3061 = FACE_BOUND('',#3062,.T.);
#3062 = EDGE_LOOP('',(#3063,#3064,#3065,#3074));
#3063 = ORIENTED_EDGE('',*,*,#972,.F.);
#3064 = ORIENTED_EDGE('',*,*,#3050,.F.);
#3065 = ORIENTED_EDGE('',*,*,#3066,.T.);
#3066 = EDGE_CURVE('',#3043,#3067,#3069,.T.);
#3067 = VERTEX_POINT('',#3068);
#3068 = CARTESIAN_POINT('',(-1.4,-4.2,7.89));
#3069 = CIRCLE('',#3070,0.5);
#3070 = AXIS2_PLACEMENT_3D('',#3071,#3072,#3073);
#3071 = CARTESIAN_POINT('',(-1.4,-4.2,8.39));
#3072 = DIRECTION('',(1.,0.,0.));
#3073 = DIRECTION('',(0.,1.,0.));
#3074 = ORIENTED_EDGE('',*,*,#3075,.T.);
#3075 = EDGE_CURVE('',#3067,#973,#3076,.T.);
#3076 = LINE('',#3077,#3078);
#3077 = CARTESIAN_POINT('',(-1.4,-4.2,7.89));
#3078 = VECTOR('',#3079,1.);
#3079 = DIRECTION('',(1.,0.,0.));
#3080 = CYLINDRICAL_SURFACE('',#3081,0.5);
#3081 = AXIS2_PLACEMENT_3D('',#3082,#3083,#3084);
#3082 = CARTESIAN_POINT('',(-1.4,-4.2,8.39));
#3083 = DIRECTION('',(1.,0.,0.));
#3084 = DIRECTION('',(0.,1.,0.));
#3085 = ADVANCED_FACE('',(#3086),#3097,.T.);
#3086 = FACE_BOUND('',#3087,.T.);
#3087 = EDGE_LOOP('',(#3088,#3089,#3090,#3096));
#3088 = ORIENTED_EDGE('',*,*,#981,.F.);
#3089 = ORIENTED_EDGE('',*,*,#3075,.F.);
#3090 = ORIENTED_EDGE('',*,*,#3091,.T.);
#3091 = EDGE_CURVE('',#3067,#3010,#3092,.T.);
#3092 = LINE('',#3093,#3094);
#3093 = CARTESIAN_POINT('',(-1.4,-4.2,7.89));
#3094 = VECTOR('',#3095,1.);
#3095 = DIRECTION('',(0.,1.,0.));
#3096 = ORIENTED_EDGE('',*,*,#3009,.T.);
#3097 = PLANE('',#3098);
#3098 = AXIS2_PLACEMENT_3D('',#3099,#3100,#3101);
#3099 = CARTESIAN_POINT('',(-1.4,-4.2,7.89));
#3100 = DIRECTION('',(0.,0.,-1.));
#3101 = DIRECTION('',(-1.,0.,0.));
#3102 = ADVANCED_FACE('',(#3103),#3130,.T.);
#3103 = FACE_BOUND('',#3104,.T.);
#3104 = EDGE_LOOP('',(#3105,#3114,#3122,#3129));
#3105 = ORIENTED_EDGE('',*,*,#3106,.T.);
#3106 = EDGE_CURVE('',#1040,#3107,#3109,.T.);
#3107 = VERTEX_POINT('',#3108);
#3108 = CARTESIAN_POINT('',(14.785683917775,-5.48575708656,3.19));
#3109 = CIRCLE('',#3110,0.5);
#3110 = AXIS2_PLACEMENT_3D('',#3111,#3112,#3113);
#3111 = CARTESIAN_POINT('',(14.6,-5.95,3.19));
#3112 = DIRECTION('',(0.,-0.,1.));
#3113 = DIRECTION('',(0.,1.,0.));
#3114 = ORIENTED_EDGE('',*,*,#3115,.F.);
#3115 = EDGE_CURVE('',#3116,#3107,#3118,.T.);
#3116 = VERTEX_POINT('',#3117);
#3117 = CARTESIAN_POINT('',(14.785683917775,-5.48575708656,6.39));
#3118 = LINE('',#3119,#3120);
#3119 = CARTESIAN_POINT('',(14.785683917775,-5.48575708656,6.39));
#3120 = VECTOR('',#3121,1.);
#3121 = DIRECTION('',(0.,0.,-1.));
#3122 = ORIENTED_EDGE('',*,*,#3123,.F.);
#3123 = EDGE_CURVE('',#1038,#3116,#3124,.T.);
#3124 = CIRCLE('',#3125,0.5);
#3125 = AXIS2_PLACEMENT_3D('',#3126,#3127,#3128);
#3126 = CARTESIAN_POINT('',(14.6,-5.95,6.39));
#3127 = DIRECTION('',(0.,-0.,1.));
#3128 = DIRECTION('',(0.,1.,0.));
#3129 = ORIENTED_EDGE('',*,*,#1037,.T.);
#3130 = CYLINDRICAL_SURFACE('',#3131,0.5);
#3131 = AXIS2_PLACEMENT_3D('',#3132,#3133,#3134);
#3132 = CARTESIAN_POINT('',(14.6,-5.95,6.39));
#3133 = DIRECTION('',(0.,0.,-1.));
#3134 = DIRECTION('',(-1.,0.,0.));
#3135 = ADVANCED_FACE('',(#3136),#3171,.F.);
#3136 = FACE_BOUND('',#3137,.F.);
#3137 = EDGE_LOOP('',(#3138,#3146,#3155,#3164,#3170));
#3138 = ORIENTED_EDGE('',*,*,#3139,.F.);
#3139 = EDGE_CURVE('',#3140,#1048,#3142,.T.);
#3140 = VERTEX_POINT('',#3141);
#3141 = CARTESIAN_POINT('',(14.8,-5.95,6.69));
#3142 = LINE('',#3143,#3144);
#3143 = CARTESIAN_POINT('',(14.8,-5.95,6.69));
#3144 = VECTOR('',#3145,1.);
#3145 = DIRECTION('',(1.,0.,0.));
#3146 = ORIENTED_EDGE('',*,*,#3147,.T.);
#3147 = EDGE_CURVE('',#3140,#3148,#3150,.T.);
#3148 = VERTEX_POINT('',#3149);
#3149 = CARTESIAN_POINT('',(14.8,-6.061803398875,6.64));
#3150 = CIRCLE('',#3151,0.15);
#3151 = AXIS2_PLACEMENT_3D('',#3152,#3153,#3154);
#3152 = CARTESIAN_POINT('',(14.8,-5.95,6.54));
#3153 = DIRECTION('',(1.,0.,0.));
#3154 = DIRECTION('',(0.,1.,0.));
#3155 = ORIENTED_EDGE('',*,*,#3156,.T.);
#3156 = EDGE_CURVE('',#3148,#3157,#3159,.T.);
#3157 = VERTEX_POINT('',#3158);
#3158 = CARTESIAN_POINT('',(14.8,-5.95,6.39));
#3159 = CIRCLE('',#3160,0.15);
#3160 = AXIS2_PLACEMENT_3D('',#3161,#3162,#3163);
#3161 = CARTESIAN_POINT('',(14.8,-5.95,6.54));
#3162 = DIRECTION('',(1.,0.,0.));
#3163 = DIRECTION('',(0.,1.,0.));
#3164 = ORIENTED_EDGE('',*,*,#3165,.T.);
#3165 = EDGE_CURVE('',#3157,#1038,#3166,.T.);
#3166 = LINE('',#3167,#3168);
#3167 = CARTESIAN_POINT('',(14.8,-5.95,6.39));
#3168 = VECTOR('',#3169,1.);
#3169 = DIRECTION('',(1.,0.,0.));
#3170 = ORIENTED_EDGE('',*,*,#1047,.F.);
#3171 = CYLINDRICAL_SURFACE('',#3172,0.15);
#3172 = AXIS2_PLACEMENT_3D('',#3173,#3174,#3175);
#3173 = CARTESIAN_POINT('',(14.8,-5.95,6.54));
#3174 = DIRECTION('',(1.,0.,0.));
#3175 = DIRECTION('',(0.,1.,0.));
#3176 = ADVANCED_FACE('',(#3177),#3195,.F.);
#3177 = FACE_BOUND('',#3178,.T.);
#3178 = EDGE_LOOP('',(#3179,#3180,#3181,#3189));
#3179 = ORIENTED_EDGE('',*,*,#1056,.T.);
#3180 = ORIENTED_EDGE('',*,*,#3139,.F.);
#3181 = ORIENTED_EDGE('',*,*,#3182,.F.);
#3182 = EDGE_CURVE('',#3183,#3140,#3185,.T.);
#3183 = VERTEX_POINT('',#3184);
#3184 = CARTESIAN_POINT('',(14.8,-5.8,6.69));
#3185 = LINE('',#3186,#3187);
#3186 = CARTESIAN_POINT('',(14.8,-5.8,6.69));
#3187 = VECTOR('',#3188,1.);
#3188 = DIRECTION('',(0.,-1.,0.));
#3189 = ORIENTED_EDGE('',*,*,#3190,.T.);
#3190 = EDGE_CURVE('',#3183,#1057,#3191,.T.);
#3191 = LINE('',#3192,#3193);
#3192 = CARTESIAN_POINT('',(14.8,-5.8,6.69));
#3193 = VECTOR('',#3194,1.);
#3194 = DIRECTION('',(1.,0.,0.));
#3195 = PLANE('',#3196);
#3196 = AXIS2_PLACEMENT_3D('',#3197,#3198,#3199);
#3197 = CARTESIAN_POINT('',(14.8,-5.8,6.69));
#3198 = DIRECTION('',(0.,0.,1.));
#3199 = DIRECTION('',(1.,0.,0.));
#3200 = ADVANCED_FACE('',(#3201),#3219,.F.);
#3201 = FACE_BOUND('',#3202,.T.);
#3202 = EDGE_LOOP('',(#3203,#3204,#3205,#3213));
#3203 = ORIENTED_EDGE('',*,*,#1064,.T.);
#3204 = ORIENTED_EDGE('',*,*,#3190,.F.);
#3205 = ORIENTED_EDGE('',*,*,#3206,.F.);
#3206 = EDGE_CURVE('',#3207,#3183,#3209,.T.);
#3207 = VERTEX_POINT('',#3208);
#3208 = CARTESIAN_POINT('',(14.8,-5.8,7.69));
#3209 = LINE('',#3210,#3211);
#3210 = CARTESIAN_POINT('',(14.8,-5.8,7.69));
#3211 = VECTOR('',#3212,1.);
#3212 = DIRECTION('',(0.,0.,-1.));
#3213 = ORIENTED_EDGE('',*,*,#3214,.T.);
#3214 = EDGE_CURVE('',#3207,#1065,#3215,.T.);
#3215 = LINE('',#3216,#3217);
#3216 = CARTESIAN_POINT('',(14.8,-5.8,7.69));
#3217 = VECTOR('',#3218,1.);
#3218 = DIRECTION('',(1.,0.,0.));
#3219 = PLANE('',#3220);
#3220 = AXIS2_PLACEMENT_3D('',#3221,#3222,#3223);
#3221 = CARTESIAN_POINT('',(14.8,-5.8,7.69));
#3222 = DIRECTION('',(0.,-1.,0.));
#3223 = DIRECTION('',(1.,0.,0.));
#3224 = ADVANCED_FACE('',(#3225),#3243,.F.);
#3225 = FACE_BOUND('',#3226,.T.);
#3226 = EDGE_LOOP('',(#3227,#3228,#3229,#3237));
#3227 = ORIENTED_EDGE('',*,*,#1072,.T.);
#3228 = ORIENTED_EDGE('',*,*,#3214,.F.);
#3229 = ORIENTED_EDGE('',*,*,#3230,.F.);
#3230 = EDGE_CURVE('',#3231,#3207,#3233,.T.);
#3231 = VERTEX_POINT('',#3232);
#3232 = CARTESIAN_POINT('',(14.8,-3.85,9.69));
#3233 = LINE('',#3234,#3235);
#3234 = CARTESIAN_POINT('',(14.8,-3.85,9.69));
#3235 = VECTOR('',#3236,1.);
#3236 = DIRECTION('',(0.,-0.69810013613,-0.71600013962));
#3237 = ORIENTED_EDGE('',*,*,#3238,.T.);
#3238 = EDGE_CURVE('',#3231,#1073,#3239,.T.);
#3239 = LINE('',#3240,#3241);
#3240 = CARTESIAN_POINT('',(14.8,-3.85,9.69));
#3241 = VECTOR('',#3242,1.);
#3242 = DIRECTION('',(1.,0.,0.));
#3243 = PLANE('',#3244);
#3244 = AXIS2_PLACEMENT_3D('',#3245,#3246,#3247);
#3245 = CARTESIAN_POINT('',(14.8,-3.85,9.69));
#3246 = DIRECTION('',(0.,-0.71600013962,0.69810013613));
#3247 = DIRECTION('',(0.,-0.69810013613,-0.71600013962));
#3248 = ADVANCED_FACE('',(#3249),#3267,.F.);
#3249 = FACE_BOUND('',#3250,.T.);
#3250 = EDGE_LOOP('',(#3251,#3252,#3253,#3261));
#3251 = ORIENTED_EDGE('',*,*,#1080,.T.);
#3252 = ORIENTED_EDGE('',*,*,#3238,.F.);
#3253 = ORIENTED_EDGE('',*,*,#3254,.F.);
#3254 = EDGE_CURVE('',#3255,#3231,#3257,.T.);
#3255 = VERTEX_POINT('',#3256);
#3256 = CARTESIAN_POINT('',(14.8,1.35,9.69));
#3257 = LINE('',#3258,#3259);
#3258 = CARTESIAN_POINT('',(14.8,1.35,9.69));
#3259 = VECTOR('',#3260,1.);
#3260 = DIRECTION('',(0.,-1.,0.));
#3261 = ORIENTED_EDGE('',*,*,#3262,.T.);
#3262 = EDGE_CURVE('',#3255,#1081,#3263,.T.);
#3263 = LINE('',#3264,#3265);
#3264 = CARTESIAN_POINT('',(14.8,1.35,9.69));
#3265 = VECTOR('',#3266,1.);
#3266 = DIRECTION('',(1.,0.,0.));
#3267 = PLANE('',#3268);
#3268 = AXIS2_PLACEMENT_3D('',#3269,#3270,#3271);
#3269 = CARTESIAN_POINT('',(14.8,1.35,9.69));
#3270 = DIRECTION('',(0.,0.,1.));
#3271 = DIRECTION('',(1.,0.,0.));
#3272 = ADVANCED_FACE('',(#3273),#3291,.F.);
#3273 = FACE_BOUND('',#3274,.T.);
#3274 = EDGE_LOOP('',(#3275,#3276,#3277,#3285));
#3275 = ORIENTED_EDGE('',*,*,#1088,.T.);
#3276 = ORIENTED_EDGE('',*,*,#3262,.F.);
#3277 = ORIENTED_EDGE('',*,*,#3278,.F.);
#3278 = EDGE_CURVE('',#3279,#3255,#3281,.T.);
#3279 = VERTEX_POINT('',#3280);
#3280 = CARTESIAN_POINT('',(14.8,3.3,7.69));
#3281 = LINE('',#3282,#3283);
#3282 = CARTESIAN_POINT('',(14.8,3.3,7.69));
#3283 = VECTOR('',#3284,1.);
#3284 = DIRECTION('',(0.,-0.69810013613,0.71600013962));
#3285 = ORIENTED_EDGE('',*,*,#3286,.T.);
#3286 = EDGE_CURVE('',#3279,#1089,#3287,.T.);
#3287 = LINE('',#3288,#3289);
#3288 = CARTESIAN_POINT('',(14.8,3.3,7.69));
#3289 = VECTOR('',#3290,1.);
#3290 = DIRECTION('',(1.,0.,0.));
#3291 = PLANE('',#3292);
#3292 = AXIS2_PLACEMENT_3D('',#3293,#3294,#3295);
#3293 = CARTESIAN_POINT('',(14.8,3.3,7.69));
#3294 = DIRECTION('',(0.,0.71600013962,0.69810013613));
#3295 = DIRECTION('',(0.,-0.69810013613,0.71600013962));
#3296 = ADVANCED_FACE('',(#3297),#3315,.F.);
#3297 = FACE_BOUND('',#3298,.T.);
#3298 = EDGE_LOOP('',(#3299,#3300,#3301,#3309));
#3299 = ORIENTED_EDGE('',*,*,#1096,.T.);
#3300 = ORIENTED_EDGE('',*,*,#3286,.F.);
#3301 = ORIENTED_EDGE('',*,*,#3302,.F.);
#3302 = EDGE_CURVE('',#3303,#3279,#3305,.T.);
#3303 = VERTEX_POINT('',#3304);
#3304 = CARTESIAN_POINT('',(14.8,3.3,6.69));
#3305 = LINE('',#3306,#3307);
#3306 = CARTESIAN_POINT('',(14.8,3.3,6.69));
#3307 = VECTOR('',#3308,1.);
#3308 = DIRECTION('',(0.,0.,1.));
#3309 = ORIENTED_EDGE('',*,*,#3310,.T.);
#3310 = EDGE_CURVE('',#3303,#1097,#3311,.T.);
#3311 = LINE('',#3312,#3313);
#3312 = CARTESIAN_POINT('',(14.8,3.3,6.69));
#3313 = VECTOR('',#3314,1.);
#3314 = DIRECTION('',(1.,0.,0.));
#3315 = PLANE('',#3316);
#3316 = AXIS2_PLACEMENT_3D('',#3317,#3318,#3319);
#3317 = CARTESIAN_POINT('',(14.8,3.3,6.69));
#3318 = DIRECTION('',(0.,1.,0.));
#3319 = DIRECTION('',(-1.,0.,0.));
#3320 = ADVANCED_FACE('',(#3321),#3339,.F.);
#3321 = FACE_BOUND('',#3322,.T.);
#3322 = EDGE_LOOP('',(#3323,#3324,#3325,#3333));
#3323 = ORIENTED_EDGE('',*,*,#1104,.T.);
#3324 = ORIENTED_EDGE('',*,*,#3310,.F.);
#3325 = ORIENTED_EDGE('',*,*,#3326,.F.);
#3326 = EDGE_CURVE('',#3327,#3303,#3329,.T.);
#3327 = VERTEX_POINT('',#3328);
#3328 = CARTESIAN_POINT('',(14.8,3.45,6.69));
#3329 = LINE('',#3330,#3331);
#3330 = CARTESIAN_POINT('',(14.8,3.45,6.69));
#3331 = VECTOR('',#3332,1.);
#3332 = DIRECTION('',(0.,-1.,0.));
#3333 = ORIENTED_EDGE('',*,*,#3334,.T.);
#3334 = EDGE_CURVE('',#3327,#1105,#3335,.T.);
#3335 = LINE('',#3336,#3337);
#3336 = CARTESIAN_POINT('',(14.8,3.45,6.69));
#3337 = VECTOR('',#3338,1.);
#3338 = DIRECTION('',(1.,0.,0.));
#3339 = PLANE('',#3340);
#3340 = AXIS2_PLACEMENT_3D('',#3341,#3342,#3343);
#3341 = CARTESIAN_POINT('',(14.8,3.45,6.69));
#3342 = DIRECTION('',(0.,0.,1.));
#3343 = DIRECTION('',(1.,0.,0.));
#3344 = ADVANCED_FACE('',(#3345),#3373,.F.);
#3345 = FACE_BOUND('',#3346,.F.);
#3346 = EDGE_LOOP('',(#3347,#3355,#3364,#3371,#3372));
#3347 = ORIENTED_EDGE('',*,*,#3348,.F.);
#3348 = EDGE_CURVE('',#3349,#1113,#3351,.T.);
#3349 = VERTEX_POINT('',#3350);
#3350 = CARTESIAN_POINT('',(14.8,3.45,6.39));
#3351 = LINE('',#3352,#3353);
#3352 = CARTESIAN_POINT('',(14.8,3.45,6.39));
#3353 = VECTOR('',#3354,1.);
#3354 = DIRECTION('',(1.,0.,0.));
#3355 = ORIENTED_EDGE('',*,*,#3356,.T.);
#3356 = EDGE_CURVE('',#3349,#3357,#3359,.T.);
#3357 = VERTEX_POINT('',#3358);
#3358 = CARTESIAN_POINT('',(14.8,3.561803398875,6.64));
#3359 = CIRCLE('',#3360,0.15);
#3360 = AXIS2_PLACEMENT_3D('',#3361,#3362,#3363);
#3361 = CARTESIAN_POINT('',(14.8,3.45,6.54));
#3362 = DIRECTION('',(1.,0.,0.));
#3363 = DIRECTION('',(0.,1.,0.));
#3364 = ORIENTED_EDGE('',*,*,#3365,.T.);
#3365 = EDGE_CURVE('',#3357,#3327,#3366,.T.);
#3366 = CIRCLE('',#3367,0.15);
#3367 = AXIS2_PLACEMENT_3D('',#3368,#3369,#3370);
#3368 = CARTESIAN_POINT('',(14.8,3.45,6.54));
#3369 = DIRECTION('',(1.,0.,0.));
#3370 = DIRECTION('',(0.,1.,0.));
#3371 = ORIENTED_EDGE('',*,*,#3334,.T.);
#3372 = ORIENTED_EDGE('',*,*,#1112,.F.);
#3373 = CYLINDRICAL_SURFACE('',#3374,0.15);
#3374 = AXIS2_PLACEMENT_3D('',#3375,#3376,#3377);
#3375 = CARTESIAN_POINT('',(14.8,3.45,6.54));
#3376 = DIRECTION('',(1.,0.,0.));
#3377 = DIRECTION('',(0.,1.,0.));
#3378 = ADVANCED_FACE('',(#3379),#3406,.T.);
#3379 = FACE_BOUND('',#3380,.T.);
#3380 = EDGE_LOOP('',(#3381,#3390,#3391,#3400));
#3381 = ORIENTED_EDGE('',*,*,#3382,.T.);
#3382 = EDGE_CURVE('',#3383,#1122,#3385,.T.);
#3383 = VERTEX_POINT('',#3384);
#3384 = CARTESIAN_POINT('',(14.785683917775,2.98575708656,3.19));
#3385 = CIRCLE('',#3386,0.5);
#3386 = AXIS2_PLACEMENT_3D('',#3387,#3388,#3389);
#3387 = CARTESIAN_POINT('',(14.6,3.45,3.19));
#3388 = DIRECTION('',(0.,-0.,1.));
#3389 = DIRECTION('',(0.,1.,0.));
#3390 = ORIENTED_EDGE('',*,*,#1121,.T.);
#3391 = ORIENTED_EDGE('',*,*,#3392,.F.);
#3392 = EDGE_CURVE('',#3393,#1113,#3395,.T.);
#3393 = VERTEX_POINT('',#3394);
#3394 = CARTESIAN_POINT('',(14.785683917775,2.98575708656,6.39));
#3395 = CIRCLE('',#3396,0.5);
#3396 = AXIS2_PLACEMENT_3D('',#3397,#3398,#3399);
#3397 = CARTESIAN_POINT('',(14.6,3.45,6.39));
#3398 = DIRECTION('',(0.,-0.,1.));
#3399 = DIRECTION('',(0.,1.,0.));
#3400 = ORIENTED_EDGE('',*,*,#3401,.T.);
#3401 = EDGE_CURVE('',#3393,#3383,#3402,.T.);
#3402 = LINE('',#3403,#3404);
#3403 = CARTESIAN_POINT('',(14.785683917775,2.98575708656,6.39));
#3404 = VECTOR('',#3405,1.);
#3405 = DIRECTION('',(0.,0.,-1.));
#3406 = CYLINDRICAL_SURFACE('',#3407,0.5);
#3407 = AXIS2_PLACEMENT_3D('',#3408,#3409,#3410);
#3408 = CARTESIAN_POINT('',(14.6,3.45,6.39));
#3409 = DIRECTION('',(0.,0.,-1.));
#3410 = DIRECTION('',(-1.,0.,0.));
#3411 = ADVANCED_FACE('',(#3412),#3438,.F.);
#3412 = FACE_BOUND('',#3413,.F.);
#3413 = EDGE_LOOP('',(#3414,#3422,#3431,#3437));
#3414 = ORIENTED_EDGE('',*,*,#3415,.F.);
#3415 = EDGE_CURVE('',#3416,#1130,#3418,.T.);
#3416 = VERTEX_POINT('',#3417);
#3417 = CARTESIAN_POINT('',(14.8,3.45,2.89));
#3418 = LINE('',#3419,#3420);
#3419 = CARTESIAN_POINT('',(14.8,3.45,2.89));
#3420 = VECTOR('',#3421,1.);
#3421 = DIRECTION('',(1.,0.,0.));
#3422 = ORIENTED_EDGE('',*,*,#3423,.T.);
#3423 = EDGE_CURVE('',#3416,#3424,#3426,.T.);
#3424 = VERTEX_POINT('',#3425);
#3425 = CARTESIAN_POINT('',(14.8,3.45,3.19));
#3426 = CIRCLE('',#3427,0.15);
#3427 = AXIS2_PLACEMENT_3D('',#3428,#3429,#3430);
#3428 = CARTESIAN_POINT('',(14.8,3.45,3.04));
#3429 = DIRECTION('',(1.,0.,0.));
#3430 = DIRECTION('',(0.,1.,0.));
#3431 = ORIENTED_EDGE('',*,*,#3432,.T.);
#3432 = EDGE_CURVE('',#3424,#1122,#3433,.T.);
#3433 = LINE('',#3434,#3435);
#3434 = CARTESIAN_POINT('',(14.8,3.45,3.19));
#3435 = VECTOR('',#3436,1.);
#3436 = DIRECTION('',(1.,0.,0.));
#3437 = ORIENTED_EDGE('',*,*,#1129,.F.);
#3438 = CYLINDRICAL_SURFACE('',#3439,0.15);
#3439 = AXIS2_PLACEMENT_3D('',#3440,#3441,#3442);
#3440 = CARTESIAN_POINT('',(14.8,3.45,3.04));
#3441 = DIRECTION('',(1.,0.,0.));
#3442 = DIRECTION('',(0.,1.,0.));
#3443 = ADVANCED_FACE('',(#3444),#3462,.F.);
#3444 = FACE_BOUND('',#3445,.T.);
#3445 = EDGE_LOOP('',(#3446,#3447,#3448,#3456));
#3446 = ORIENTED_EDGE('',*,*,#1138,.T.);
#3447 = ORIENTED_EDGE('',*,*,#3415,.F.);
#3448 = ORIENTED_EDGE('',*,*,#3449,.F.);
#3449 = EDGE_CURVE('',#3450,#3416,#3452,.T.);
#3450 = VERTEX_POINT('',#3451);
#3451 = CARTESIAN_POINT('',(14.8,3.3,2.89));
#3452 = LINE('',#3453,#3454);
#3453 = CARTESIAN_POINT('',(14.8,3.3,2.89));
#3454 = VECTOR('',#3455,1.);
#3455 = DIRECTION('',(0.,1.,0.));
#3456 = ORIENTED_EDGE('',*,*,#3457,.T.);
#3457 = EDGE_CURVE('',#3450,#1139,#3458,.T.);
#3458 = LINE('',#3459,#3460);
#3459 = CARTESIAN_POINT('',(14.8,3.3,2.89));
#3460 = VECTOR('',#3461,1.);
#3461 = DIRECTION('',(1.,0.,0.));
#3462 = PLANE('',#3463);
#3463 = AXIS2_PLACEMENT_3D('',#3464,#3465,#3466);
#3464 = CARTESIAN_POINT('',(14.8,3.3,2.89));
#3465 = DIRECTION('',(0.,0.,-1.));
#3466 = DIRECTION('',(-1.,0.,0.));
#3467 = ADVANCED_FACE('',(#3468),#3494,.F.);
#3468 = FACE_BOUND('',#3469,.T.);
#3469 = EDGE_LOOP('',(#3470,#3471,#3472,#3480,#3488));
#3470 = ORIENTED_EDGE('',*,*,#1146,.T.);
#3471 = ORIENTED_EDGE('',*,*,#3457,.F.);
#3472 = ORIENTED_EDGE('',*,*,#3473,.F.);
#3473 = EDGE_CURVE('',#3474,#3450,#3476,.T.);
#3474 = VERTEX_POINT('',#3475);
#3475 = CARTESIAN_POINT('',(14.8,3.3,2.64));
#3476 = LINE('',#3477,#3478);
#3477 = CARTESIAN_POINT('',(14.8,3.3,1.79));
#3478 = VECTOR('',#3479,1.);
#3479 = DIRECTION('',(0.,0.,1.));
#3480 = ORIENTED_EDGE('',*,*,#3481,.F.);
#3481 = EDGE_CURVE('',#3482,#3474,#3484,.T.);
#3482 = VERTEX_POINT('',#3483);
#3483 = CARTESIAN_POINT('',(14.8,3.3,1.79));
#3484 = LINE('',#3485,#3486);
#3485 = CARTESIAN_POINT('',(14.8,3.3,1.79));
#3486 = VECTOR('',#3487,1.);
#3487 = DIRECTION('',(0.,0.,1.));
#3488 = ORIENTED_EDGE('',*,*,#3489,.T.);
#3489 = EDGE_CURVE('',#3482,#1147,#3490,.T.);
#3490 = LINE('',#3491,#3492);
#3491 = CARTESIAN_POINT('',(14.8,3.3,1.79));
#3492 = VECTOR('',#3493,1.);
#3493 = DIRECTION('',(1.,0.,0.));
#3494 = PLANE('',#3495);
#3495 = AXIS2_PLACEMENT_3D('',#3496,#3497,#3498);
#3496 = CARTESIAN_POINT('',(14.8,3.3,1.79));
#3497 = DIRECTION('',(0.,1.,0.));
#3498 = DIRECTION('',(-1.,0.,0.));
#3499 = ADVANCED_FACE('',(#3500),#3519,.F.);
#3500 = FACE_BOUND('',#3501,.F.);
#3501 = EDGE_LOOP('',(#3502,#3510,#3517,#3518));
#3502 = ORIENTED_EDGE('',*,*,#3503,.F.);
#3503 = EDGE_CURVE('',#3504,#1155,#3506,.T.);
#3504 = VERTEX_POINT('',#3505);
#3505 = CARTESIAN_POINT('',(14.8,2.8,1.29));
#3506 = LINE('',#3507,#3508);
#3507 = CARTESIAN_POINT('',(14.8,2.8,1.29));
#3508 = VECTOR('',#3509,1.);
#3509 = DIRECTION('',(1.,0.,0.));
#3510 = ORIENTED_EDGE('',*,*,#3511,.T.);
#3511 = EDGE_CURVE('',#3504,#3482,#3512,.T.);
#3512 = CIRCLE('',#3513,0.5);
#3513 = AXIS2_PLACEMENT_3D('',#3514,#3515,#3516);
#3514 = CARTESIAN_POINT('',(14.8,2.8,1.79));
#3515 = DIRECTION('',(1.,0.,0.));
#3516 = DIRECTION('',(0.,1.,0.));
#3517 = ORIENTED_EDGE('',*,*,#3489,.T.);
#3518 = ORIENTED_EDGE('',*,*,#1154,.F.);
#3519 = CYLINDRICAL_SURFACE('',#3520,0.5);
#3520 = AXIS2_PLACEMENT_3D('',#3521,#3522,#3523);
#3521 = CARTESIAN_POINT('',(14.8,2.8,1.79));
#3522 = DIRECTION('',(1.,0.,0.));
#3523 = DIRECTION('',(0.,1.,0.));
#3524 = ADVANCED_FACE('',(#3525),#3543,.F.);
#3525 = FACE_BOUND('',#3526,.T.);
#3526 = EDGE_LOOP('',(#3527,#3528,#3529,#3537));
#3527 = ORIENTED_EDGE('',*,*,#1163,.T.);
#3528 = ORIENTED_EDGE('',*,*,#3503,.F.);
#3529 = ORIENTED_EDGE('',*,*,#3530,.F.);
#3530 = EDGE_CURVE('',#3531,#3504,#3533,.T.);
#3531 = VERTEX_POINT('',#3532);
#3532 = CARTESIAN_POINT('',(14.8,-5.3,1.29));
#3533 = LINE('',#3534,#3535);
#3534 = CARTESIAN_POINT('',(14.8,-5.3,1.29));
#3535 = VECTOR('',#3536,1.);
#3536 = DIRECTION('',(0.,1.,0.));
#3537 = ORIENTED_EDGE('',*,*,#3538,.T.);
#3538 = EDGE_CURVE('',#3531,#1164,#3539,.T.);
#3539 = LINE('',#3540,#3541);
#3540 = CARTESIAN_POINT('',(14.8,-5.3,1.29));
#3541 = VECTOR('',#3542,1.);
#3542 = DIRECTION('',(1.,0.,0.));
#3543 = PLANE('',#3544);
#3544 = AXIS2_PLACEMENT_3D('',#3545,#3546,#3547);
#3545 = CARTESIAN_POINT('',(14.8,-5.3,1.29));
#3546 = DIRECTION('',(0.,0.,-1.));
#3547 = DIRECTION('',(-1.,0.,0.));
#3548 = ADVANCED_FACE('',(#3549),#3568,.F.);
#3549 = FACE_BOUND('',#3550,.F.);
#3550 = EDGE_LOOP('',(#3551,#3559,#3566,#3567));
#3551 = ORIENTED_EDGE('',*,*,#3552,.F.);
#3552 = EDGE_CURVE('',#3553,#1172,#3555,.T.);
#3553 = VERTEX_POINT('',#3554);
#3554 = CARTESIAN_POINT('',(14.8,-5.8,1.79));
#3555 = LINE('',#3556,#3557);
#3556 = CARTESIAN_POINT('',(14.8,-5.8,1.79));
#3557 = VECTOR('',#3558,1.);
#3558 = DIRECTION('',(1.,0.,0.));
#3559 = ORIENTED_EDGE('',*,*,#3560,.T.);
#3560 = EDGE_CURVE('',#3553,#3531,#3561,.T.);
#3561 = CIRCLE('',#3562,0.5);
#3562 = AXIS2_PLACEMENT_3D('',#3563,#3564,#3565);
#3563 = CARTESIAN_POINT('',(14.8,-5.3,1.79));
#3564 = DIRECTION('',(1.,0.,0.));
#3565 = DIRECTION('',(0.,1.,0.));
#3566 = ORIENTED_EDGE('',*,*,#3538,.T.);
#3567 = ORIENTED_EDGE('',*,*,#1171,.F.);
#3568 = CYLINDRICAL_SURFACE('',#3569,0.5);
#3569 = AXIS2_PLACEMENT_3D('',#3570,#3571,#3572);
#3570 = CARTESIAN_POINT('',(14.8,-5.3,1.79));
#3571 = DIRECTION('',(1.,0.,0.));
#3572 = DIRECTION('',(0.,1.,0.));
#3573 = ADVANCED_FACE('',(#3574),#3600,.F.);
#3574 = FACE_BOUND('',#3575,.T.);
#3575 = EDGE_LOOP('',(#3576,#3577,#3578,#3586,#3594));
#3576 = ORIENTED_EDGE('',*,*,#1180,.T.);
#3577 = ORIENTED_EDGE('',*,*,#3552,.F.);
#3578 = ORIENTED_EDGE('',*,*,#3579,.F.);
#3579 = EDGE_CURVE('',#3580,#3553,#3582,.T.);
#3580 = VERTEX_POINT('',#3581);
#3581 = CARTESIAN_POINT('',(14.8,-5.8,2.64));
#3582 = LINE('',#3583,#3584);
#3583 = CARTESIAN_POINT('',(14.8,-5.8,2.89));
#3584 = VECTOR('',#3585,1.);
#3585 = DIRECTION('',(0.,0.,-1.));
#3586 = ORIENTED_EDGE('',*,*,#3587,.F.);
#3587 = EDGE_CURVE('',#3588,#3580,#3590,.T.);
#3588 = VERTEX_POINT('',#3589);
#3589 = CARTESIAN_POINT('',(14.8,-5.8,2.89));
#3590 = LINE('',#3591,#3592);
#3591 = CARTESIAN_POINT('',(14.8,-5.8,2.89));
#3592 = VECTOR('',#3593,1.);
#3593 = DIRECTION('',(0.,0.,-1.));
#3594 = ORIENTED_EDGE('',*,*,#3595,.T.);
#3595 = EDGE_CURVE('',#3588,#1181,#3596,.T.);
#3596 = LINE('',#3597,#3598);
#3597 = CARTESIAN_POINT('',(14.8,-5.8,2.89));
#3598 = VECTOR('',#3599,1.);
#3599 = DIRECTION('',(1.,0.,0.));
#3600 = PLANE('',#3601);
#3601 = AXIS2_PLACEMENT_3D('',#3602,#3603,#3604);
#3602 = CARTESIAN_POINT('',(14.8,-5.8,2.89));
#3603 = DIRECTION('',(0.,-1.,0.));
#3604 = DIRECTION('',(1.,0.,0.));
#3605 = ADVANCED_FACE('',(#3606),#3624,.F.);
#3606 = FACE_BOUND('',#3607,.T.);
#3607 = EDGE_LOOP('',(#3608,#3609,#3610,#3618));
#3608 = ORIENTED_EDGE('',*,*,#1188,.T.);
#3609 = ORIENTED_EDGE('',*,*,#3595,.F.);
#3610 = ORIENTED_EDGE('',*,*,#3611,.F.);
#3611 = EDGE_CURVE('',#3612,#3588,#3614,.T.);
#3612 = VERTEX_POINT('',#3613);
#3613 = CARTESIAN_POINT('',(14.8,-5.95,2.89));
#3614 = LINE('',#3615,#3616);
#3615 = CARTESIAN_POINT('',(14.8,-5.95,2.89));
#3616 = VECTOR('',#3617,1.);
#3617 = DIRECTION('',(0.,1.,0.));
#3618 = ORIENTED_EDGE('',*,*,#3619,.T.);
#3619 = EDGE_CURVE('',#3612,#1189,#3620,.T.);
#3620 = LINE('',#3621,#3622);
#3621 = CARTESIAN_POINT('',(14.8,-5.95,2.89));
#3622 = VECTOR('',#3623,1.);
#3623 = DIRECTION('',(1.,0.,0.));
#3624 = PLANE('',#3625);
#3625 = AXIS2_PLACEMENT_3D('',#3626,#3627,#3628);
#3626 = CARTESIAN_POINT('',(14.8,-5.95,2.89));
#3627 = DIRECTION('',(0.,0.,-1.));
#3628 = DIRECTION('',(-1.,0.,0.));
#3629 = ADVANCED_FACE('',(#3630),#3649,.F.);
#3630 = FACE_BOUND('',#3631,.F.);
#3631 = EDGE_LOOP('',(#3632,#3640,#3647,#3648));
#3632 = ORIENTED_EDGE('',*,*,#3633,.F.);
#3633 = EDGE_CURVE('',#3634,#1040,#3636,.T.);
#3634 = VERTEX_POINT('',#3635);
#3635 = CARTESIAN_POINT('',(14.8,-5.95,3.19));
#3636 = LINE('',#3637,#3638);
#3637 = CARTESIAN_POINT('',(14.8,-5.95,3.19));
#3638 = VECTOR('',#3639,1.);
#3639 = DIRECTION('',(1.,0.,0.));
#3640 = ORIENTED_EDGE('',*,*,#3641,.T.);
#3641 = EDGE_CURVE('',#3634,#3612,#3642,.T.);
#3642 = CIRCLE('',#3643,0.15);
#3643 = AXIS2_PLACEMENT_3D('',#3644,#3645,#3646);
#3644 = CARTESIAN_POINT('',(14.8,-5.95,3.04));
#3645 = DIRECTION('',(1.,0.,0.));
#3646 = DIRECTION('',(0.,1.,0.));
#3647 = ORIENTED_EDGE('',*,*,#3619,.T.);
#3648 = ORIENTED_EDGE('',*,*,#1196,.F.);
#3649 = CYLINDRICAL_SURFACE('',#3650,0.15);
#3650 = AXIS2_PLACEMENT_3D('',#3651,#3652,#3653);
#3651 = CARTESIAN_POINT('',(14.8,-5.95,3.04));
#3652 = DIRECTION('',(1.,0.,0.));
#3653 = DIRECTION('',(0.,1.,0.));
#3654 = ADVANCED_FACE('',(#3655),#3682,.T.);
#3655 = FACE_BOUND('',#3656,.T.);
#3656 = EDGE_LOOP('',(#3657,#3658,#3659,#3660,#3668,#3676));
#3657 = ORIENTED_EDGE('',*,*,#2496,.F.);
#3658 = ORIENTED_EDGE('',*,*,#1237,.T.);
#3659 = ORIENTED_EDGE('',*,*,#2717,.T.);
#3660 = ORIENTED_EDGE('',*,*,#3661,.F.);
#3661 = EDGE_CURVE('',#3662,#2718,#3664,.T.);
#3662 = VERTEX_POINT('',#3663);
#3663 = CARTESIAN_POINT('',(14.487,-6.7,9.E-02));
#3664 = LINE('',#3665,#3666);
#3665 = CARTESIAN_POINT('',(14.487,-6.7,9.E-02));
#3666 = VECTOR('',#3667,1.);
#3667 = DIRECTION('',(0.,-1.,0.));
#3668 = ORIENTED_EDGE('',*,*,#3669,.F.);
#3669 = EDGE_CURVE('',#3670,#3662,#3672,.T.);
#3670 = VERTEX_POINT('',#3671);
#3671 = CARTESIAN_POINT('',(14.487,-6.7,0.39));
#3672 = LINE('',#3673,#3674);
#3673 = CARTESIAN_POINT('',(14.487,-6.7,0.49));
#3674 = VECTOR('',#3675,1.);
#3675 = DIRECTION('',(0.,0.,-1.));
#3676 = ORIENTED_EDGE('',*,*,#3677,.F.);
#3677 = EDGE_CURVE('',#2497,#3670,#3678,.T.);
#3678 = LINE('',#3679,#3680);
#3679 = CARTESIAN_POINT('',(14.487,-7.,0.39));
#3680 = VECTOR('',#3681,1.);
#3681 = DIRECTION('',(0.,1.,-7.E-17));
#3682 = PLANE('',#3683);
#3683 = AXIS2_PLACEMENT_3D('',#3684,#3685,#3686);
#3684 = CARTESIAN_POINT('',(14.487,-6.7,0.49));
#3685 = DIRECTION('',(1.,0.,0.));
#3686 = DIRECTION('',(0.,1.,0.));
#3687 = ADVANCED_FACE('',(#3688,#3699),#3733,.F.);
#3688 = FACE_BOUND('',#3689,.F.);
#3689 = EDGE_LOOP('',(#3690,#3691,#3692,#3698));
#3690 = ORIENTED_EDGE('',*,*,#1253,.F.);
#3691 = ORIENTED_EDGE('',*,*,#1610,.T.);
#3692 = ORIENTED_EDGE('',*,*,#3693,.T.);
#3693 = EDGE_CURVE('',#1611,#2482,#3694,.T.);
#3694 = LINE('',#3695,#3696);
#3695 = CARTESIAN_POINT('',(14.8,4.5,10.49));
#3696 = VECTOR('',#3697,1.);
#3697 = DIRECTION('',(0.,-1.,0.));
#3698 = ORIENTED_EDGE('',*,*,#2489,.T.);
#3699 = FACE_BOUND('',#3700,.F.);
#3700 = EDGE_LOOP('',(#3701,#3711,#3719,#3727));
#3701 = ORIENTED_EDGE('',*,*,#3702,.T.);
#3702 = EDGE_CURVE('',#3703,#3705,#3707,.T.);
#3703 = VERTEX_POINT('',#3704);
#3704 = CARTESIAN_POINT('',(14.8,-6.9,10.39));
#3705 = VERTEX_POINT('',#3706);
#3706 = CARTESIAN_POINT('',(14.8,4.4,10.39));
#3707 = LINE('',#3708,#3709);
#3708 = CARTESIAN_POINT('',(14.8,-6.9,10.39));
#3709 = VECTOR('',#3710,1.);
#3710 = DIRECTION('',(0.,1.,0.));
#3711 = ORIENTED_EDGE('',*,*,#3712,.T.);
#3712 = EDGE_CURVE('',#3705,#3713,#3715,.T.);
#3713 = VERTEX_POINT('',#3714);
#3714 = CARTESIAN_POINT('',(14.8,4.4,0.59));
#3715 = LINE('',#3716,#3717);
#3716 = CARTESIAN_POINT('',(14.8,4.4,10.39));
#3717 = VECTOR('',#3718,1.);
#3718 = DIRECTION('',(0.,0.,-1.));
#3719 = ORIENTED_EDGE('',*,*,#3720,.T.);
#3720 = EDGE_CURVE('',#3713,#3721,#3723,.T.);
#3721 = VERTEX_POINT('',#3722);
#3722 = CARTESIAN_POINT('',(14.8,-6.9,0.59));
#3723 = LINE('',#3724,#3725);
#3724 = CARTESIAN_POINT('',(14.8,4.4,0.59));
#3725 = VECTOR('',#3726,1.);
#3726 = DIRECTION('',(0.,-1.,0.));
#3727 = ORIENTED_EDGE('',*,*,#3728,.F.);
#3728 = EDGE_CURVE('',#3703,#3721,#3729,.T.);
#3729 = LINE('',#3730,#3731);
#3730 = CARTESIAN_POINT('',(14.8,-6.9,10.39));
#3731 = VECTOR('',#3732,1.);
#3732 = DIRECTION('',(0.,0.,-1.));
#3733 = PLANE('',#3734);
#3734 = AXIS2_PLACEMENT_3D('',#3735,#3736,#3737);
#3735 = CARTESIAN_POINT('',(14.8,-1.25,9.E-02));
#3736 = DIRECTION('',(1.,0.,0.));
#3737 = DIRECTION('',(0.,1.,0.));
#3738 = ADVANCED_FACE('',(#3739),#3772,.F.);
#3739 = FACE_BOUND('',#3740,.T.);
#3740 = EDGE_LOOP('',(#3741,#3751,#3759,#3765,#3766));
#3741 = ORIENTED_EDGE('',*,*,#3742,.T.);
#3742 = EDGE_CURVE('',#3743,#3745,#3747,.T.);
#3743 = VERTEX_POINT('',#3744);
#3744 = CARTESIAN_POINT('',(4.1,4.65,2.49));
#3745 = VERTEX_POINT('',#3746);
#3746 = CARTESIAN_POINT('',(4.1,4.4,2.49));
#3747 = LINE('',#3748,#3749);
#3748 = CARTESIAN_POINT('',(4.1,4.65,2.49));
#3749 = VECTOR('',#3750,1.);
#3750 = DIRECTION('',(0.,-1.,0.));
#3751 = ORIENTED_EDGE('',*,*,#3752,.F.);
#3752 = EDGE_CURVE('',#3753,#3745,#3755,.T.);
#3753 = VERTEX_POINT('',#3754);
#3754 = CARTESIAN_POINT('',(4.1,4.4,3.79));
#3755 = LINE('',#3756,#3757);
#3756 = CARTESIAN_POINT('',(4.1,4.4,3.79));
#3757 = VECTOR('',#3758,1.);
#3758 = DIRECTION('',(0.,0.,-1.));
#3759 = ORIENTED_EDGE('',*,*,#3760,.F.);
#3760 = EDGE_CURVE('',#1355,#3753,#3761,.T.);
#3761 = LINE('',#3762,#3763);
#3762 = CARTESIAN_POINT('',(4.1,4.65,3.79));
#3763 = VECTOR('',#3764,1.);
#3764 = DIRECTION('',(0.,-1.,0.));
#3765 = ORIENTED_EDGE('',*,*,#1354,.F.);
#3766 = ORIENTED_EDGE('',*,*,#3767,.T.);
#3767 = EDGE_CURVE('',#1347,#3743,#3768,.T.);
#3768 = LINE('',#3769,#3770);
#3769 = CARTESIAN_POINT('',(4.1,4.65,3.79));
#3770 = VECTOR('',#3771,1.);
#3771 = DIRECTION('',(0.,0.,-1.));
#3772 = PLANE('',#3773);
#3773 = AXIS2_PLACEMENT_3D('',#3774,#3775,#3776);
#3774 = CARTESIAN_POINT('',(4.1,4.65,3.79));
#3775 = DIRECTION('',(1.,0.,0.));
#3776 = DIRECTION('',(0.,1.,0.));
#3777 = ADVANCED_FACE('',(#3778),#3796,.F.);
#3778 = FACE_BOUND('',#3779,.T.);
#3779 = EDGE_LOOP('',(#3780,#3788,#3789,#3790));
#3780 = ORIENTED_EDGE('',*,*,#3781,.T.);
#3781 = EDGE_CURVE('',#3782,#3743,#3784,.T.);
#3782 = VERTEX_POINT('',#3783);
#3783 = CARTESIAN_POINT('',(4.6,4.65,2.49));
#3784 = LINE('',#3785,#3786);
#3785 = CARTESIAN_POINT('',(4.6,4.65,2.49));
#3786 = VECTOR('',#3787,1.);
#3787 = DIRECTION('',(-1.,0.,0.));
#3788 = ORIENTED_EDGE('',*,*,#3767,.F.);
#3789 = ORIENTED_EDGE('',*,*,#1346,.F.);
#3790 = ORIENTED_EDGE('',*,*,#3791,.T.);
#3791 = EDGE_CURVE('',#1339,#3782,#3792,.T.);
#3792 = LINE('',#3793,#3794);
#3793 = CARTESIAN_POINT('',(4.6,4.65,3.79));
#3794 = VECTOR('',#3795,1.);
#3795 = DIRECTION('',(0.,0.,-1.));
#3796 = PLANE('',#3797);
#3797 = AXIS2_PLACEMENT_3D('',#3798,#3799,#3800);
#3798 = CARTESIAN_POINT('',(4.6,4.65,3.79));
#3799 = DIRECTION('',(0.,-1.,0.));
#3800 = DIRECTION('',(1.,0.,0.));
#3801 = ADVANCED_FACE('',(#3802),#3828,.F.);
#3802 = FACE_BOUND('',#3803,.T.);
#3803 = EDGE_LOOP('',(#3804,#3812,#3813,#3814,#3822));
#3804 = ORIENTED_EDGE('',*,*,#3805,.T.);
#3805 = EDGE_CURVE('',#3806,#3782,#3808,.T.);
#3806 = VERTEX_POINT('',#3807);
#3807 = CARTESIAN_POINT('',(5.033012701892,4.4,2.49));
#3808 = LINE('',#3809,#3810);
#3809 = CARTESIAN_POINT('',(5.033012701892,4.4,2.49));
#3810 = VECTOR('',#3811,1.);
#3811 = DIRECTION('',(-0.866025403784,0.5,0.));
#3812 = ORIENTED_EDGE('',*,*,#3791,.F.);
#3813 = ORIENTED_EDGE('',*,*,#1338,.F.);
#3814 = ORIENTED_EDGE('',*,*,#3815,.F.);
#3815 = EDGE_CURVE('',#3816,#1331,#3818,.T.);
#3816 = VERTEX_POINT('',#3817);
#3817 = CARTESIAN_POINT('',(5.033012701892,4.4,3.79));
#3818 = LINE('',#3819,#3820);
#3819 = CARTESIAN_POINT('',(5.033012701892,4.4,3.79));
#3820 = VECTOR('',#3821,1.);
#3821 = DIRECTION('',(-0.866025403784,0.5,0.));
#3822 = ORIENTED_EDGE('',*,*,#3823,.T.);
#3823 = EDGE_CURVE('',#3816,#3806,#3824,.T.);
#3824 = LINE('',#3825,#3826);
#3825 = CARTESIAN_POINT('',(5.033012701892,4.4,3.79));
#3826 = VECTOR('',#3827,1.);
#3827 = DIRECTION('',(0.,0.,-1.));
#3828 = PLANE('',#3829);
#3829 = AXIS2_PLACEMENT_3D('',#3830,#3831,#3832);
#3830 = CARTESIAN_POINT('',(5.033012701892,4.4,3.79));
#3831 = DIRECTION('',(-0.5,-0.866025403784,0.));
#3832 = DIRECTION('',(0.866025403784,-0.5,0.));
#3833 = ADVANCED_FACE('',(#3834),#3867,.F.);
#3834 = FACE_BOUND('',#3835,.T.);
#3835 = EDGE_LOOP('',(#3836,#3846,#3854,#3860,#3861));
#3836 = ORIENTED_EDGE('',*,*,#3837,.T.);
#3837 = EDGE_CURVE('',#3838,#3840,#3842,.T.);
#3838 = VERTEX_POINT('',#3839);
#3839 = CARTESIAN_POINT('',(4.1,4.65,7.44));
#3840 = VERTEX_POINT('',#3841);
#3841 = CARTESIAN_POINT('',(4.1,4.4,7.44));
#3842 = LINE('',#3843,#3844);
#3843 = CARTESIAN_POINT('',(4.1,4.65,7.44));
#3844 = VECTOR('',#3845,1.);
#3845 = DIRECTION('',(0.,-1.,0.));
#3846 = ORIENTED_EDGE('',*,*,#3847,.F.);
#3847 = EDGE_CURVE('',#3848,#3840,#3850,.T.);
#3848 = VERTEX_POINT('',#3849);
#3849 = CARTESIAN_POINT('',(4.1,4.4,8.74));
#3850 = LINE('',#3851,#3852);
#3851 = CARTESIAN_POINT('',(4.1,4.4,8.74));
#3852 = VECTOR('',#3853,1.);
#3853 = DIRECTION('',(0.,0.,-1.));
#3854 = ORIENTED_EDGE('',*,*,#3855,.F.);
#3855 = EDGE_CURVE('',#1483,#3848,#3856,.T.);
#3856 = LINE('',#3857,#3858);
#3857 = CARTESIAN_POINT('',(4.1,4.65,8.74));
#3858 = VECTOR('',#3859,1.);
#3859 = DIRECTION('',(0.,-1.,0.));
#3860 = ORIENTED_EDGE('',*,*,#1482,.F.);
#3861 = ORIENTED_EDGE('',*,*,#3862,.T.);
#3862 = EDGE_CURVE('',#1475,#3838,#3863,.T.);
#3863 = LINE('',#3864,#3865);
#3864 = CARTESIAN_POINT('',(4.1,4.65,8.74));
#3865 = VECTOR('',#3866,1.);
#3866 = DIRECTION('',(0.,0.,-1.));
#3867 = PLANE('',#3868);
#3868 = AXIS2_PLACEMENT_3D('',#3869,#3870,#3871);
#3869 = CARTESIAN_POINT('',(4.1,4.65,8.74));
#3870 = DIRECTION('',(1.,0.,0.));
#3871 = DIRECTION('',(0.,1.,0.));
#3872 = ADVANCED_FACE('',(#3873),#3891,.F.);
#3873 = FACE_BOUND('',#3874,.T.);
#3874 = EDGE_LOOP('',(#3875,#3883,#3884,#3885));
#3875 = ORIENTED_EDGE('',*,*,#3876,.T.);
#3876 = EDGE_CURVE('',#3877,#3838,#3879,.T.);
#3877 = VERTEX_POINT('',#3878);
#3878 = CARTESIAN_POINT('',(4.6,4.65,7.44));
#3879 = LINE('',#3880,#3881);
#3880 = CARTESIAN_POINT('',(4.6,4.65,7.44));
#3881 = VECTOR('',#3882,1.);
#3882 = DIRECTION('',(-1.,0.,0.));
#3883 = ORIENTED_EDGE('',*,*,#3862,.F.);
#3884 = ORIENTED_EDGE('',*,*,#1474,.F.);
#3885 = ORIENTED_EDGE('',*,*,#3886,.T.);
#3886 = EDGE_CURVE('',#1467,#3877,#3887,.T.);
#3887 = LINE('',#3888,#3889);
#3888 = CARTESIAN_POINT('',(4.6,4.65,8.74));
#3889 = VECTOR('',#3890,1.);
#3890 = DIRECTION('',(0.,0.,-1.));
#3891 = PLANE('',#3892);
#3892 = AXIS2_PLACEMENT_3D('',#3893,#3894,#3895);
#3893 = CARTESIAN_POINT('',(4.6,4.65,8.74));
#3894 = DIRECTION('',(0.,-1.,0.));
#3895 = DIRECTION('',(1.,0.,0.));
#3896 = ADVANCED_FACE('',(#3897),#3923,.F.);
#3897 = FACE_BOUND('',#3898,.T.);
#3898 = EDGE_LOOP('',(#3899,#3907,#3908,#3909,#3917));
#3899 = ORIENTED_EDGE('',*,*,#3900,.T.);
#3900 = EDGE_CURVE('',#3901,#3877,#3903,.T.);
#3901 = VERTEX_POINT('',#3902);
#3902 = CARTESIAN_POINT('',(5.033012701892,4.4,7.44));
#3903 = LINE('',#3904,#3905);
#3904 = CARTESIAN_POINT('',(5.033012701892,4.4,7.44));
#3905 = VECTOR('',#3906,1.);
#3906 = DIRECTION('',(-0.866025403784,0.5,0.));
#3907 = ORIENTED_EDGE('',*,*,#3886,.F.);
#3908 = ORIENTED_EDGE('',*,*,#1466,.F.);
#3909 = ORIENTED_EDGE('',*,*,#3910,.F.);
#3910 = EDGE_CURVE('',#3911,#1459,#3913,.T.);
#3911 = VERTEX_POINT('',#3912);
#3912 = CARTESIAN_POINT('',(5.033012701892,4.4,8.74));
#3913 = LINE('',#3914,#3915);
#3914 = CARTESIAN_POINT('',(5.033012701892,4.4,8.74));
#3915 = VECTOR('',#3916,1.);
#3916 = DIRECTION('',(-0.866025403784,0.5,0.));
#3917 = ORIENTED_EDGE('',*,*,#3918,.T.);
#3918 = EDGE_CURVE('',#3911,#3901,#3919,.T.);
#3919 = LINE('',#3920,#3921);
#3920 = CARTESIAN_POINT('',(5.033012701892,4.4,8.74));
#3921 = VECTOR('',#3922,1.);
#3922 = DIRECTION('',(0.,0.,-1.));
#3923 = PLANE('',#3924);
#3924 = AXIS2_PLACEMENT_3D('',#3925,#3926,#3927);
#3925 = CARTESIAN_POINT('',(5.033012701892,4.4,8.74));
#3926 = DIRECTION('',(-0.5,-0.866025403784,0.));
#3927 = DIRECTION('',(0.866025403784,-0.5,0.));
#3928 = ADVANCED_FACE('',(#3929),#3940,.F.);
#3929 = FACE_BOUND('',#3930,.F.);
#3930 = EDGE_LOOP('',(#3931,#3932,#3938,#3939));
#3931 = ORIENTED_EDGE('',*,*,#1742,.F.);
#3932 = ORIENTED_EDGE('',*,*,#3933,.F.);
#3933 = EDGE_CURVE('',#1680,#1743,#3934,.T.);
#3934 = LINE('',#3935,#3936);
#3935 = CARTESIAN_POINT('',(1.7,4.4,6.19));
#3936 = VECTOR('',#3937,1.);
#3937 = DIRECTION('',(0.,0.,-1.));
#3938 = ORIENTED_EDGE('',*,*,#1687,.T.);
#3939 = ORIENTED_EDGE('',*,*,#1580,.F.);
#3940 = PLANE('',#3941);
#3941 = AXIS2_PLACEMENT_3D('',#3942,#3943,#3944);
#3942 = CARTESIAN_POINT('',(1.7,4.4,6.19));
#3943 = DIRECTION('',(-1.,0.,0.));
#3944 = DIRECTION('',(0.,-1.,0.));
#3945 = ADVANCED_FACE('',(#3946),#3952,.T.);
#3946 = FACE_BOUND('',#3947,.T.);
#3947 = EDGE_LOOP('',(#3948,#3949,#3950,#3951));
#3948 = ORIENTED_EDGE('',*,*,#2357,.F.);
#3949 = ORIENTED_EDGE('',*,*,#1618,.F.);
#3950 = ORIENTED_EDGE('',*,*,#3693,.T.);
#3951 = ORIENTED_EDGE('',*,*,#2481,.T.);
#3952 = PLANE('',#3953);
#3953 = AXIS2_PLACEMENT_3D('',#3954,#3955,#3956);
#3954 = CARTESIAN_POINT('',(14.8,4.5,10.49));
#3955 = DIRECTION('',(0.,0.,-1.));
#3956 = DIRECTION('',(-1.,0.,0.));
#3957 = ADVANCED_FACE('',(#3958),#3969,.F.);
#3958 = FACE_BOUND('',#3959,.F.);
#3959 = EDGE_LOOP('',(#3960,#3966,#3967,#3968));
#3960 = ORIENTED_EDGE('',*,*,#3961,.F.);
#3961 = EDGE_CURVE('',#3753,#3816,#3962,.T.);
#3962 = LINE('',#3963,#3964);
#3963 = CARTESIAN_POINT('',(4.1,4.4,3.79));
#3964 = VECTOR('',#3965,1.);
#3965 = DIRECTION('',(1.,0.,0.));
#3966 = ORIENTED_EDGE('',*,*,#3760,.F.);
#3967 = ORIENTED_EDGE('',*,*,#1642,.F.);
#3968 = ORIENTED_EDGE('',*,*,#3815,.F.);
#3969 = PLANE('',#3970);
#3970 = AXIS2_PLACEMENT_3D('',#3971,#3972,#3973);
#3971 = CARTESIAN_POINT('',(7.,-1.25,3.79));
#3972 = DIRECTION('',(0.,0.,-1.));
#3973 = DIRECTION('',(-1.,0.,0.));
#3974 = ADVANCED_FACE('',(#3975),#3986,.F.);
#3975 = FACE_BOUND('',#3976,.F.);
#3976 = EDGE_LOOP('',(#3977,#3983,#3984,#3985));
#3977 = ORIENTED_EDGE('',*,*,#3978,.F.);
#3978 = EDGE_CURVE('',#3848,#3911,#3979,.T.);
#3979 = LINE('',#3980,#3981);
#3980 = CARTESIAN_POINT('',(4.1,4.4,8.74));
#3981 = VECTOR('',#3982,1.);
#3982 = DIRECTION('',(1.,0.,0.));
#3983 = ORIENTED_EDGE('',*,*,#3855,.F.);
#3984 = ORIENTED_EDGE('',*,*,#1655,.F.);
#3985 = ORIENTED_EDGE('',*,*,#3910,.F.);
#3986 = PLANE('',#3987);
#3987 = AXIS2_PLACEMENT_3D('',#3988,#3989,#3990);
#3988 = CARTESIAN_POINT('',(7.,-1.25,8.74));
#3989 = DIRECTION('',(0.,0.,-1.));
#3990 = DIRECTION('',(-1.,0.,0.));
#3991 = ADVANCED_FACE('',(#3992),#4003,.F.);
#3992 = FACE_BOUND('',#3993,.T.);
#3993 = EDGE_LOOP('',(#3994,#3995,#4001,#4002));
#3994 = ORIENTED_EDGE('',*,*,#1732,.T.);
#3995 = ORIENTED_EDGE('',*,*,#3996,.F.);
#3996 = EDGE_CURVE('',#1672,#1733,#3997,.T.);
#3997 = LINE('',#3998,#3999);
#3998 = CARTESIAN_POINT('',(1.066987298108,4.4,6.19));
#3999 = VECTOR('',#4000,1.);
#4000 = DIRECTION('',(0.,0.,-1.));
#4001 = ORIENTED_EDGE('',*,*,#1669,.F.);
#4002 = ORIENTED_EDGE('',*,*,#1716,.T.);
#4003 = PLANE('',#4004);
#4004 = AXIS2_PLACEMENT_3D('',#4005,#4006,#4007);
#4005 = CARTESIAN_POINT('',(1.5,4.65,6.19));
#4006 = DIRECTION('',(0.5,-0.866025403784,0.));
#4007 = DIRECTION('',(0.866025403784,0.5,0.));
#4008 = ADVANCED_FACE('',(#4009,#4015,#4031,#4042),#4053,.F.);
#4009 = FACE_BOUND('',#4010,.T.);
#4010 = EDGE_LOOP('',(#4011,#4012,#4013,#4014));
#4011 = ORIENTED_EDGE('',*,*,#1679,.F.);
#4012 = ORIENTED_EDGE('',*,*,#3996,.T.);
#4013 = ORIENTED_EDGE('',*,*,#1750,.T.);
#4014 = ORIENTED_EDGE('',*,*,#3933,.F.);
#4015 = FACE_BOUND('',#4016,.T.);
#4016 = EDGE_LOOP('',(#4017,#4023,#4024,#4030));
#4017 = ORIENTED_EDGE('',*,*,#4018,.F.);
#4018 = EDGE_CURVE('',#2376,#3713,#4019,.T.);
#4019 = LINE('',#4020,#4021);
#4020 = CARTESIAN_POINT('',(14.433012701892,4.4,0.59));
#4021 = VECTOR('',#4022,1.);
#4022 = DIRECTION('',(1.,0.,0.));
#4023 = ORIENTED_EDGE('',*,*,#2375,.F.);
#4024 = ORIENTED_EDGE('',*,*,#4025,.F.);
#4025 = EDGE_CURVE('',#3705,#2366,#4026,.T.);
#4026 = LINE('',#4027,#4028);
#4027 = CARTESIAN_POINT('',(14.8,4.4,10.39));
#4028 = VECTOR('',#4029,1.);
#4029 = DIRECTION('',(-1.,1.1E-16,0.));
#4030 = ORIENTED_EDGE('',*,*,#3712,.T.);
#4031 = FACE_BOUND('',#4032,.T.);
#4032 = EDGE_LOOP('',(#4033,#4034,#4035,#4041));
#4033 = ORIENTED_EDGE('',*,*,#3961,.F.);
#4034 = ORIENTED_EDGE('',*,*,#3752,.T.);
#4035 = ORIENTED_EDGE('',*,*,#4036,.T.);
#4036 = EDGE_CURVE('',#3745,#3806,#4037,.T.);
#4037 = LINE('',#4038,#4039);
#4038 = CARTESIAN_POINT('',(4.1,4.4,2.49));
#4039 = VECTOR('',#4040,1.);
#4040 = DIRECTION('',(1.,0.,0.));
#4041 = ORIENTED_EDGE('',*,*,#3823,.F.);
#4042 = FACE_BOUND('',#4043,.T.);
#4043 = EDGE_LOOP('',(#4044,#4045,#4046,#4052));
#4044 = ORIENTED_EDGE('',*,*,#3978,.F.);
#4045 = ORIENTED_EDGE('',*,*,#3847,.T.);
#4046 = ORIENTED_EDGE('',*,*,#4047,.T.);
#4047 = EDGE_CURVE('',#3840,#3901,#4048,.T.);
#4048 = LINE('',#4049,#4050);
#4049 = CARTESIAN_POINT('',(4.1,4.4,7.44));
#4050 = VECTOR('',#4051,1.);
#4051 = DIRECTION('',(1.,0.,0.));
#4052 = ORIENTED_EDGE('',*,*,#3918,.F.);
#4053 = PLANE('',#4054);
#4054 = AXIS2_PLACEMENT_3D('',#4055,#4056,#4057);
#4055 = CARTESIAN_POINT('',(14.8,4.4,10.39));
#4056 = DIRECTION('',(-1.1E-16,-1.,0.));
#4057 = DIRECTION('',(1.,-1.1E-16,0.));
#4058 = ADVANCED_FACE('',(#4059),#4084,.F.);
#4059 = FACE_BOUND('',#4060,.T.);
#4060 = EDGE_LOOP('',(#4061,#4062,#4070,#4078));
#4061 = ORIENTED_EDGE('',*,*,#2007,.F.);
#4062 = ORIENTED_EDGE('',*,*,#4063,.F.);
#4063 = EDGE_CURVE('',#4064,#2008,#4066,.T.);
#4064 = VERTEX_POINT('',#4065);
#4065 = CARTESIAN_POINT('',(-0.7,-1.85,-1.E-02));
#4066 = LINE('',#4067,#4068);
#4067 = CARTESIAN_POINT('',(-0.7,-1.85,-1.E-02));
#4068 = VECTOR('',#4069,1.);
#4069 = DIRECTION('',(1.,-6.E-17,0.));
#4070 = ORIENTED_EDGE('',*,*,#4071,.F.);
#4071 = EDGE_CURVE('',#4072,#4064,#4074,.T.);
#4072 = VERTEX_POINT('',#4073);
#4073 = CARTESIAN_POINT('',(-0.7,-0.65,-1.E-02));
#4074 = LINE('',#4075,#4076);
#4075 = CARTESIAN_POINT('',(-0.7,-0.65,-1.E-02));
#4076 = VECTOR('',#4077,1.);
#4077 = DIRECTION('',(0.,-1.,0.));
#4078 = ORIENTED_EDGE('',*,*,#4079,.F.);
#4079 = EDGE_CURVE('',#2010,#4072,#4080,.T.);
#4080 = LINE('',#4081,#4082);
#4081 = CARTESIAN_POINT('',(12.23,-0.65,-1.E-02));
#4082 = VECTOR('',#4083,1.);
#4083 = DIRECTION('',(-1.,6.E-17,0.));
#4084 = PLANE('',#4085);
#4085 = AXIS2_PLACEMENT_3D('',#4086,#4087,#4088);
#4086 = CARTESIAN_POINT('',(7.,-1.25,-1.E-02));
#4087 = DIRECTION('',(0.,0.,1.));
#4088 = DIRECTION('',(1.,0.,0.));
#4089 = ADVANCED_FACE('',(#4090),#4108,.F.);
#4090 = FACE_BOUND('',#4091,.T.);
#4091 = EDGE_LOOP('',(#4092,#4093,#4094,#4102));
#4092 = ORIENTED_EDGE('',*,*,#4063,.T.);
#4093 = ORIENTED_EDGE('',*,*,#2035,.F.);
#4094 = ORIENTED_EDGE('',*,*,#4095,.F.);
#4095 = EDGE_CURVE('',#4096,#2027,#4098,.T.);
#4096 = VERTEX_POINT('',#4097);
#4097 = CARTESIAN_POINT('',(-0.7,-1.85,0.59));
#4098 = LINE('',#4099,#4100);
#4099 = CARTESIAN_POINT('',(-0.7,-1.85,0.59));
#4100 = VECTOR('',#4101,1.);
#4101 = DIRECTION('',(1.,-6.E-17,0.));
#4102 = ORIENTED_EDGE('',*,*,#4103,.T.);
#4103 = EDGE_CURVE('',#4096,#4064,#4104,.T.);
#4104 = LINE('',#4105,#4106);
#4105 = CARTESIAN_POINT('',(-0.7,-1.85,0.59));
#4106 = VECTOR('',#4107,1.);
#4107 = DIRECTION('',(0.,0.,-1.));
#4108 = PLANE('',#4109);
#4109 = AXIS2_PLACEMENT_3D('',#4110,#4111,#4112);
#4110 = CARTESIAN_POINT('',(-0.7,-1.85,0.59));
#4111 = DIRECTION('',(6.E-17,1.,0.));
#4112 = DIRECTION('',(-1.,6.E-17,0.));
#4113 = ADVANCED_FACE('',(#4114),#4132,.F.);
#4114 = FACE_BOUND('',#4115,.T.);
#4115 = EDGE_LOOP('',(#4116,#4117,#4125,#4131));
#4116 = ORIENTED_EDGE('',*,*,#4079,.T.);
#4117 = ORIENTED_EDGE('',*,*,#4118,.F.);
#4118 = EDGE_CURVE('',#4119,#4072,#4121,.T.);
#4119 = VERTEX_POINT('',#4120);
#4120 = CARTESIAN_POINT('',(-0.7,-0.65,0.59));
#4121 = LINE('',#4122,#4123);
#4122 = CARTESIAN_POINT('',(-0.7,-0.65,0.59));
#4123 = VECTOR('',#4124,1.);
#4124 = DIRECTION('',(0.,0.,-1.));
#4125 = ORIENTED_EDGE('',*,*,#4126,.F.);
#4126 = EDGE_CURVE('',#2019,#4119,#4127,.T.);
#4127 = LINE('',#4128,#4129);
#4128 = CARTESIAN_POINT('',(12.23,-0.65,0.59));
#4129 = VECTOR('',#4130,1.);
#4130 = DIRECTION('',(-1.,6.E-17,0.));
#4131 = ORIENTED_EDGE('',*,*,#2018,.T.);
#4132 = PLANE('',#4133);
#4133 = AXIS2_PLACEMENT_3D('',#4134,#4135,#4136);
#4134 = CARTESIAN_POINT('',(12.23,-0.65,0.59));
#4135 = DIRECTION('',(-6.E-17,-1.,0.));
#4136 = DIRECTION('',(1.,-6.E-17,0.));
#4137 = ADVANCED_FACE('',(#4138,#4172,#4206,#4217,#4251,#4285,#4320,
    #4331),#4366,.T.);
#4138 = FACE_BOUND('',#4139,.T.);
#4139 = EDGE_LOOP('',(#4140,#4150,#4158,#4166));
#4140 = ORIENTED_EDGE('',*,*,#4141,.F.);
#4141 = EDGE_CURVE('',#4142,#4144,#4146,.T.);
#4142 = VERTEX_POINT('',#4143);
#4143 = CARTESIAN_POINT('',(14.433012701892,-3.65,0.59));
#4144 = VERTEX_POINT('',#4145);
#4145 = CARTESIAN_POINT('',(13.8,-3.65,0.59));
#4146 = LINE('',#4147,#4148);
#4147 = CARTESIAN_POINT('',(14.8,-3.65,0.59));
#4148 = VECTOR('',#4149,1.);
#4149 = DIRECTION('',(-1.,-8.7E-16,0.));
#4150 = ORIENTED_EDGE('',*,*,#4151,.F.);
#4151 = EDGE_CURVE('',#4152,#4142,#4154,.T.);
#4152 = VERTEX_POINT('',#4153);
#4153 = CARTESIAN_POINT('',(14.433012701892,-2.65,0.59));
#4154 = LINE('',#4155,#4156);
#4155 = CARTESIAN_POINT('',(14.433012701892,4.4,0.59));
#4156 = VECTOR('',#4157,1.);
#4157 = DIRECTION('',(0.,-1.,0.));
#4158 = ORIENTED_EDGE('',*,*,#4159,.F.);
#4159 = EDGE_CURVE('',#4160,#4152,#4162,.T.);
#4160 = VERTEX_POINT('',#4161);
#4161 = CARTESIAN_POINT('',(13.8,-2.65,0.59));
#4162 = LINE('',#4163,#4164);
#4163 = CARTESIAN_POINT('',(13.8,-2.65,0.59));
#4164 = VECTOR('',#4165,1.);
#4165 = DIRECTION('',(1.,0.,0.));
#4166 = ORIENTED_EDGE('',*,*,#4167,.F.);
#4167 = EDGE_CURVE('',#4144,#4160,#4168,.T.);
#4168 = LINE('',#4169,#4170);
#4169 = CARTESIAN_POINT('',(13.8,-3.65,0.59));
#4170 = VECTOR('',#4171,1.);
#4171 = DIRECTION('',(0.,1.,0.));
#4172 = FACE_BOUND('',#4173,.T.);
#4173 = EDGE_LOOP('',(#4174,#4184,#4192,#4200));
#4174 = ORIENTED_EDGE('',*,*,#4175,.F.);
#4175 = EDGE_CURVE('',#4176,#4178,#4180,.T.);
#4176 = VERTEX_POINT('',#4177);
#4177 = CARTESIAN_POINT('',(14.433012701892,0.15,0.59));
#4178 = VERTEX_POINT('',#4179);
#4179 = CARTESIAN_POINT('',(13.8,0.15,0.59));
#4180 = LINE('',#4181,#4182);
#4181 = CARTESIAN_POINT('',(14.8,0.15,0.59));
#4182 = VECTOR('',#4183,1.);
#4183 = DIRECTION('',(-1.,0.,0.));
#4184 = ORIENTED_EDGE('',*,*,#4185,.F.);
#4185 = EDGE_CURVE('',#4186,#4176,#4188,.T.);
#4186 = VERTEX_POINT('',#4187);
#4187 = CARTESIAN_POINT('',(14.433012701892,1.15,0.59));
#4188 = LINE('',#4189,#4190);
#4189 = CARTESIAN_POINT('',(14.433012701892,4.4,0.59));
#4190 = VECTOR('',#4191,1.);
#4191 = DIRECTION('',(0.,-1.,0.));
#4192 = ORIENTED_EDGE('',*,*,#4193,.F.);
#4193 = EDGE_CURVE('',#4194,#4186,#4196,.T.);
#4194 = VERTEX_POINT('',#4195);
#4195 = CARTESIAN_POINT('',(13.8,1.15,0.59));
#4196 = LINE('',#4197,#4198);
#4197 = CARTESIAN_POINT('',(13.8,1.15,0.59));
#4198 = VECTOR('',#4199,1.);
#4199 = DIRECTION('',(1.,0.,0.));
#4200 = ORIENTED_EDGE('',*,*,#4201,.F.);
#4201 = EDGE_CURVE('',#4178,#4194,#4202,.T.);
#4202 = LINE('',#4203,#4204);
#4203 = CARTESIAN_POINT('',(13.8,0.15,0.59));
#4204 = VECTOR('',#4205,1.);
#4205 = DIRECTION('',(0.,1.,0.));
#4206 = FACE_BOUND('',#4207,.T.);
#4207 = EDGE_LOOP('',(#4208,#4209,#4215,#4216));
#4208 = ORIENTED_EDGE('',*,*,#3720,.T.);
#4209 = ORIENTED_EDGE('',*,*,#4210,.F.);
#4210 = EDGE_CURVE('',#2384,#3721,#4211,.T.);
#4211 = LINE('',#4212,#4213);
#4212 = CARTESIAN_POINT('',(14.433012701892,-6.9,0.59));
#4213 = VECTOR('',#4214,1.);
#4214 = DIRECTION('',(1.,0.,0.));
#4215 = ORIENTED_EDGE('',*,*,#2383,.F.);
#4216 = ORIENTED_EDGE('',*,*,#4018,.T.);
#4217 = FACE_BOUND('',#4218,.T.);
#4218 = EDGE_LOOP('',(#4219,#4229,#4237,#4245));
#4219 = ORIENTED_EDGE('',*,*,#4220,.T.);
#4220 = EDGE_CURVE('',#4221,#4223,#4225,.T.);
#4221 = VERTEX_POINT('',#4222);
#4222 = CARTESIAN_POINT('',(-0.566,-0.56,0.59));
#4223 = VERTEX_POINT('',#4224);
#4224 = CARTESIAN_POINT('',(2.6,-0.56,0.59));
#4225 = LINE('',#4226,#4227);
#4226 = CARTESIAN_POINT('',(-0.566,-0.56,0.59));
#4227 = VECTOR('',#4228,1.);
#4228 = DIRECTION('',(1.,-7.E-17,0.));
#4229 = ORIENTED_EDGE('',*,*,#4230,.T.);
#4230 = EDGE_CURVE('',#4223,#4231,#4233,.T.);
#4231 = VERTEX_POINT('',#4232);
#4232 = CARTESIAN_POINT('',(2.6,0.56,0.59));
#4233 = LINE('',#4234,#4235);
#4234 = CARTESIAN_POINT('',(2.6,-0.56,0.59));
#4235 = VECTOR('',#4236,1.);
#4236 = DIRECTION('',(0.,1.,0.));
#4237 = ORIENTED_EDGE('',*,*,#4238,.T.);
#4238 = EDGE_CURVE('',#4231,#4239,#4241,.T.);
#4239 = VERTEX_POINT('',#4240);
#4240 = CARTESIAN_POINT('',(-0.566,0.56,0.59));
#4241 = LINE('',#4242,#4243);
#4242 = CARTESIAN_POINT('',(2.6,0.56,0.59));
#4243 = VECTOR('',#4244,1.);
#4244 = DIRECTION('',(-1.,7.E-17,0.));
#4245 = ORIENTED_EDGE('',*,*,#4246,.T.);
#4246 = EDGE_CURVE('',#4239,#4221,#4247,.T.);
#4247 = LINE('',#4248,#4249);
#4248 = CARTESIAN_POINT('',(-0.566,0.56,0.59));
#4249 = VECTOR('',#4250,1.);
#4250 = DIRECTION('',(0.,-1.,0.));
#4251 = FACE_BOUND('',#4252,.T.);
#4252 = EDGE_LOOP('',(#4253,#4263,#4271,#4279));
#4253 = ORIENTED_EDGE('',*,*,#4254,.T.);
#4254 = EDGE_CURVE('',#4255,#4257,#4259,.T.);
#4255 = VERTEX_POINT('',#4256);
#4256 = CARTESIAN_POINT('',(-0.566,-3.06,0.59));
#4257 = VERTEX_POINT('',#4258);
#4258 = CARTESIAN_POINT('',(2.6,-3.06,0.59));
#4259 = LINE('',#4260,#4261);
#4260 = CARTESIAN_POINT('',(-0.566,-3.06,0.59));
#4261 = VECTOR('',#4262,1.);
#4262 = DIRECTION('',(1.,-1.4E-16,0.));
#4263 = ORIENTED_EDGE('',*,*,#4264,.T.);
#4264 = EDGE_CURVE('',#4257,#4265,#4267,.T.);
#4265 = VERTEX_POINT('',#4266);
#4266 = CARTESIAN_POINT('',(2.6,-1.94,0.59));
#4267 = LINE('',#4268,#4269);
#4268 = CARTESIAN_POINT('',(2.6,-3.06,0.59));
#4269 = VECTOR('',#4270,1.);
#4270 = DIRECTION('',(0.,1.,0.));
#4271 = ORIENTED_EDGE('',*,*,#4272,.T.);
#4272 = EDGE_CURVE('',#4265,#4273,#4275,.T.);
#4273 = VERTEX_POINT('',#4274);
#4274 = CARTESIAN_POINT('',(-0.566,-1.94,0.59));
#4275 = LINE('',#4276,#4277);
#4276 = CARTESIAN_POINT('',(2.6,-1.94,0.59));
#4277 = VECTOR('',#4278,1.);
#4278 = DIRECTION('',(-1.,7.E-17,0.));
#4279 = ORIENTED_EDGE('',*,*,#4280,.T.);
#4280 = EDGE_CURVE('',#4273,#4255,#4281,.T.);
#4281 = LINE('',#4282,#4283);
#4282 = CARTESIAN_POINT('',(-0.566,-1.94,0.59));
#4283 = VECTOR('',#4284,1.);
#4284 = DIRECTION('',(0.,-1.,0.));
#4285 = FACE_BOUND('',#4286,.T.);
#4286 = EDGE_LOOP('',(#4287,#4297,#4306,#4314));
#4287 = ORIENTED_EDGE('',*,*,#4288,.T.);
#4288 = EDGE_CURVE('',#4289,#4291,#4293,.T.);
#4289 = VERTEX_POINT('',#4290);
#4290 = CARTESIAN_POINT('',(-0.7,-5.7,0.59));
#4291 = VERTEX_POINT('',#4292);
#4292 = CARTESIAN_POINT('',(8.2,-5.7,0.59));
#4293 = LINE('',#4294,#4295);
#4294 = CARTESIAN_POINT('',(-0.7,-5.7,0.59));
#4295 = VECTOR('',#4296,1.);
#4296 = DIRECTION('',(1.,-1.E-16,0.));
#4297 = ORIENTED_EDGE('',*,*,#4298,.T.);
#4298 = EDGE_CURVE('',#4291,#4299,#4301,.T.);
#4299 = VERTEX_POINT('',#4300);
#4300 = CARTESIAN_POINT('',(8.2,-4.5,0.59));
#4301 = CIRCLE('',#4302,0.6);
#4302 = AXIS2_PLACEMENT_3D('',#4303,#4304,#4305);
#4303 = CARTESIAN_POINT('',(8.2,-5.1,0.59));
#4304 = DIRECTION('',(0.,-0.,1.));
#4305 = DIRECTION('',(0.,1.,0.));
#4306 = ORIENTED_EDGE('',*,*,#4307,.T.);
#4307 = EDGE_CURVE('',#4299,#4308,#4310,.T.);
#4308 = VERTEX_POINT('',#4309);
#4309 = CARTESIAN_POINT('',(-0.7,-4.5,0.59));
#4310 = LINE('',#4311,#4312);
#4311 = CARTESIAN_POINT('',(8.2,-4.5,0.59));
#4312 = VECTOR('',#4313,1.);
#4313 = DIRECTION('',(-1.,1.E-16,0.));
#4314 = ORIENTED_EDGE('',*,*,#4315,.T.);
#4315 = EDGE_CURVE('',#4308,#4289,#4316,.T.);
#4316 = LINE('',#4317,#4318);
#4317 = CARTESIAN_POINT('',(-0.7,-4.5,0.59));
#4318 = VECTOR('',#4319,1.);
#4319 = DIRECTION('',(7.2E-16,-1.,0.));
#4320 = FACE_BOUND('',#4321,.T.);
#4321 = EDGE_LOOP('',(#4322,#4323,#4324,#4325));
#4322 = ORIENTED_EDGE('',*,*,#4095,.T.);
#4323 = ORIENTED_EDGE('',*,*,#2026,.T.);
#4324 = ORIENTED_EDGE('',*,*,#4126,.T.);
#4325 = ORIENTED_EDGE('',*,*,#4326,.T.);
#4326 = EDGE_CURVE('',#4119,#4096,#4327,.T.);
#4327 = LINE('',#4328,#4329);
#4328 = CARTESIAN_POINT('',(-0.7,-0.65,0.59));
#4329 = VECTOR('',#4330,1.);
#4330 = DIRECTION('',(0.,-1.,0.));
#4331 = FACE_BOUND('',#4332,.T.);
#4332 = EDGE_LOOP('',(#4333,#4343,#4352,#4360));
#4333 = ORIENTED_EDGE('',*,*,#4334,.T.);
#4334 = EDGE_CURVE('',#4335,#4337,#4339,.T.);
#4335 = VERTEX_POINT('',#4336);
#4336 = CARTESIAN_POINT('',(-0.7,2.,0.59));
#4337 = VERTEX_POINT('',#4338);
#4338 = CARTESIAN_POINT('',(8.2,2.,0.59));
#4339 = LINE('',#4340,#4341);
#4340 = CARTESIAN_POINT('',(-0.7,2.,0.59));
#4341 = VECTOR('',#4342,1.);
#4342 = DIRECTION('',(1.,-5.E-17,0.));
#4343 = ORIENTED_EDGE('',*,*,#4344,.T.);
#4344 = EDGE_CURVE('',#4337,#4345,#4347,.T.);
#4345 = VERTEX_POINT('',#4346);
#4346 = CARTESIAN_POINT('',(8.2,3.2,0.59));
#4347 = CIRCLE('',#4348,0.6);
#4348 = AXIS2_PLACEMENT_3D('',#4349,#4350,#4351);
#4349 = CARTESIAN_POINT('',(8.2,2.6,0.59));
#4350 = DIRECTION('',(0.,-0.,1.));
#4351 = DIRECTION('',(0.,1.,0.));
#4352 = ORIENTED_EDGE('',*,*,#4353,.T.);
#4353 = EDGE_CURVE('',#4345,#4354,#4356,.T.);
#4354 = VERTEX_POINT('',#4355);
#4355 = CARTESIAN_POINT('',(-0.7,3.2,0.59));
#4356 = LINE('',#4357,#4358);
#4357 = CARTESIAN_POINT('',(8.2,3.2,0.59));
#4358 = VECTOR('',#4359,1.);
#4359 = DIRECTION('',(-1.,1.E-16,0.));
#4360 = ORIENTED_EDGE('',*,*,#4361,.T.);
#4361 = EDGE_CURVE('',#4354,#4335,#4362,.T.);
#4362 = LINE('',#4363,#4364);
#4363 = CARTESIAN_POINT('',(-0.7,3.2,0.59));
#4364 = VECTOR('',#4365,1.);
#4365 = DIRECTION('',(0.,-1.,0.));
#4366 = PLANE('',#4367);
#4367 = AXIS2_PLACEMENT_3D('',#4368,#4369,#4370);
#4368 = CARTESIAN_POINT('',(14.433012701892,4.4,0.59));
#4369 = DIRECTION('',(0.,0.,-1.));
#4370 = DIRECTION('',(-1.,0.,0.));
#4371 = ADVANCED_FACE('',(#4372),#4487,.F.);
#4372 = FACE_BOUND('',#4373,.T.);
#4373 = EDGE_LOOP('',(#4374,#4384,#4393,#4401,#4409,#4417,#4424,#4425,
    #4433,#4441,#4449,#4457,#4465,#4473,#4479,#4480,#4481));
#4374 = ORIENTED_EDGE('',*,*,#4375,.T.);
#4375 = EDGE_CURVE('',#4376,#4378,#4380,.T.);
#4376 = VERTEX_POINT('',#4377);
#4377 = CARTESIAN_POINT('',(6.887,-5.77,9.E-02));
#4378 = VERTEX_POINT('',#4379);
#4379 = CARTESIAN_POINT('',(8.437,-5.77,9.E-02));
#4380 = LINE('',#4381,#4382);
#4381 = CARTESIAN_POINT('',(6.887,-5.77,9.E-02));
#4382 = VECTOR('',#4383,1.);
#4383 = DIRECTION('',(1.,0.,0.));
#4384 = ORIENTED_EDGE('',*,*,#4385,.T.);
#4385 = EDGE_CURVE('',#4378,#4386,#4388,.T.);
#4386 = VERTEX_POINT('',#4387);
#4387 = CARTESIAN_POINT('',(8.437,-4.47,9.E-02));
#4388 = CIRCLE('',#4389,0.65);
#4389 = AXIS2_PLACEMENT_3D('',#4390,#4391,#4392);
#4390 = CARTESIAN_POINT('',(8.43699998334,-5.12,9.E-02));
#4391 = DIRECTION('',(0.,-0.,1.));
#4392 = DIRECTION('',(0.,1.,0.));
#4393 = ORIENTED_EDGE('',*,*,#4394,.T.);
#4394 = EDGE_CURVE('',#4386,#4395,#4397,.T.);
#4395 = VERTEX_POINT('',#4396);
#4396 = CARTESIAN_POINT('',(6.887,-4.47,9.E-02));
#4397 = LINE('',#4398,#4399);
#4398 = CARTESIAN_POINT('',(8.437,-4.47,9.E-02));
#4399 = VECTOR('',#4400,1.);
#4400 = DIRECTION('',(-1.,5.6E-16,0.));
#4401 = ORIENTED_EDGE('',*,*,#4402,.F.);
#4402 = EDGE_CURVE('',#4403,#4395,#4405,.T.);
#4403 = VERTEX_POINT('',#4404);
#4404 = CARTESIAN_POINT('',(6.887,-2.,9.E-02));
#4405 = LINE('',#4406,#4407);
#4406 = CARTESIAN_POINT('',(6.887,6.25,9.E-02));
#4407 = VECTOR('',#4408,1.);
#4408 = DIRECTION('',(0.,-1.,0.));
#4409 = ORIENTED_EDGE('',*,*,#4410,.T.);
#4410 = EDGE_CURVE('',#4403,#4411,#4413,.T.);
#4411 = VERTEX_POINT('',#4412);
#4412 = CARTESIAN_POINT('',(12.237,-2.,9.E-02));
#4413 = LINE('',#4414,#4415);
#4414 = CARTESIAN_POINT('',(6.887,-2.,9.E-02));
#4415 = VECTOR('',#4416,1.);
#4416 = DIRECTION('',(1.,0.,0.));
#4417 = ORIENTED_EDGE('',*,*,#4418,.T.);
#4418 = EDGE_CURVE('',#4411,#2055,#4419,.T.);
#4419 = CIRCLE('',#4420,0.5);
#4420 = AXIS2_PLACEMENT_3D('',#4421,#4422,#4423);
#4421 = CARTESIAN_POINT('',(12.237,-1.5,9.E-02));
#4422 = DIRECTION('',(0.,-0.,1.));
#4423 = DIRECTION('',(0.,1.,0.));
#4424 = ORIENTED_EDGE('',*,*,#2054,.T.);
#4425 = ORIENTED_EDGE('',*,*,#4426,.T.);
#4426 = EDGE_CURVE('',#2057,#4427,#4429,.T.);
#4427 = VERTEX_POINT('',#4428);
#4428 = CARTESIAN_POINT('',(14.69,-1.449,9.E-02));
#4429 = LINE('',#4430,#4431);
#4430 = CARTESIAN_POINT('',(12.796037984591,-1.449,9.E-02));
#4431 = VECTOR('',#4432,1.);
#4432 = DIRECTION('',(1.,9.E-17,0.));
#4433 = ORIENTED_EDGE('',*,*,#4434,.T.);
#4434 = EDGE_CURVE('',#4427,#4435,#4437,.T.);
#4435 = VERTEX_POINT('',#4436);
#4436 = CARTESIAN_POINT('',(14.69,-2.3,9.E-02));
#4437 = LINE('',#4438,#4439);
#4438 = CARTESIAN_POINT('',(14.69,6.25,9.E-02));
#4439 = VECTOR('',#4440,1.);
#4440 = DIRECTION('',(0.,-1.,0.));
#4441 = ORIENTED_EDGE('',*,*,#4442,.T.);
#4442 = EDGE_CURVE('',#4435,#4443,#4445,.T.);
#4443 = VERTEX_POINT('',#4444);
#4444 = CARTESIAN_POINT('',(13.737,-2.3,9.E-02));
#4445 = LINE('',#4446,#4447);
#4446 = CARTESIAN_POINT('',(14.69,-2.3,9.E-02));
#4447 = VECTOR('',#4448,1.);
#4448 = DIRECTION('',(-1.,0.,0.));
#4449 = ORIENTED_EDGE('',*,*,#4450,.T.);
#4450 = EDGE_CURVE('',#4443,#4451,#4453,.T.);
#4451 = VERTEX_POINT('',#4452);
#4452 = CARTESIAN_POINT('',(13.737,-3.998,9.E-02));
#4453 = LINE('',#4454,#4455);
#4454 = CARTESIAN_POINT('',(13.737,-2.3,9.E-02));
#4455 = VECTOR('',#4456,1.);
#4456 = DIRECTION('',(0.,-1.,0.));
#4457 = ORIENTED_EDGE('',*,*,#4458,.T.);
#4458 = EDGE_CURVE('',#4451,#4459,#4461,.T.);
#4459 = VERTEX_POINT('',#4460);
#4460 = CARTESIAN_POINT('',(14.69,-3.998,9.E-02));
#4461 = LINE('',#4462,#4463);
#4462 = CARTESIAN_POINT('',(13.737,-3.998,9.E-02));
#4463 = VECTOR('',#4464,1.);
#4464 = DIRECTION('',(1.,0.,0.));
#4465 = ORIENTED_EDGE('',*,*,#4466,.T.);
#4466 = EDGE_CURVE('',#4459,#4467,#4469,.T.);
#4467 = VERTEX_POINT('',#4468);
#4468 = CARTESIAN_POINT('',(14.69,-6.7,9.E-02));
#4469 = LINE('',#4470,#4471);
#4470 = CARTESIAN_POINT('',(14.69,6.25,9.E-02));
#4471 = VECTOR('',#4472,1.);
#4472 = DIRECTION('',(0.,-1.,0.));
#4473 = ORIENTED_EDGE('',*,*,#4474,.T.);
#4474 = EDGE_CURVE('',#4467,#3662,#4475,.T.);
#4475 = LINE('',#4476,#4477);
#4476 = CARTESIAN_POINT('',(14.69,-6.7,9.E-02));
#4477 = VECTOR('',#4478,1.);
#4478 = DIRECTION('',(-1.,8.55E-15,0.));
#4479 = ORIENTED_EDGE('',*,*,#3661,.T.);
#4480 = ORIENTED_EDGE('',*,*,#2788,.T.);
#4481 = ORIENTED_EDGE('',*,*,#4482,.F.);
#4482 = EDGE_CURVE('',#4376,#2781,#4483,.T.);
#4483 = LINE('',#4484,#4485);
#4484 = CARTESIAN_POINT('',(6.887,6.25,9.E-02));
#4485 = VECTOR('',#4486,1.);
#4486 = DIRECTION('',(0.,-1.,0.));
#4487 = PLANE('',#4488);
#4488 = AXIS2_PLACEMENT_3D('',#4489,#4490,#4491);
#4489 = CARTESIAN_POINT('',(15.1,-7.,9.E-02));
#4490 = DIRECTION('',(0.,0.,1.));
#4491 = DIRECTION('',(1.,0.,0.));
#4492 = ADVANCED_FACE('',(#4493),#4511,.T.);
#4493 = FACE_BOUND('',#4494,.T.);
#4494 = EDGE_LOOP('',(#4495,#4503,#4504,#4505));
#4495 = ORIENTED_EDGE('',*,*,#4496,.T.);
#4496 = EDGE_CURVE('',#4497,#4427,#4499,.T.);
#4497 = VERTEX_POINT('',#4498);
#4498 = CARTESIAN_POINT('',(14.69,-1.449,0.39));
#4499 = LINE('',#4500,#4501);
#4500 = CARTESIAN_POINT('',(14.69,-1.449,0.49));
#4501 = VECTOR('',#4502,1.);
#4502 = DIRECTION('',(0.,0.,-1.));
#4503 = ORIENTED_EDGE('',*,*,#4426,.F.);
#4504 = ORIENTED_EDGE('',*,*,#2082,.F.);
#4505 = ORIENTED_EDGE('',*,*,#4506,.F.);
#4506 = EDGE_CURVE('',#4497,#2074,#4507,.T.);
#4507 = LINE('',#4508,#4509);
#4508 = CARTESIAN_POINT('',(14.8,-1.449,0.39));
#4509 = VECTOR('',#4510,1.);
#4510 = DIRECTION('',(-1.,-9.E-17,0.));
#4511 = PLANE('',#4512);
#4512 = AXIS2_PLACEMENT_3D('',#4513,#4514,#4515);
#4513 = CARTESIAN_POINT('',(12.796037984591,-1.449,0.49));
#4514 = DIRECTION('',(-9.E-17,1.,0.));
#4515 = DIRECTION('',(-1.,-9.E-17,0.));
#4516 = ADVANCED_FACE('',(#4517),#4625,.T.);
#4517 = FACE_BOUND('',#4518,.T.);
#4518 = EDGE_LOOP('',(#4519,#4530,#4538,#4544,#4545,#4546,#4554,#4562,
    #4570,#4578,#4586,#4592,#4593,#4594,#4603,#4611,#4619));
#4519 = ORIENTED_EDGE('',*,*,#4520,.F.);
#4520 = EDGE_CURVE('',#4521,#4523,#4525,.T.);
#4521 = VERTEX_POINT('',#4522);
#4522 = CARTESIAN_POINT('',(8.437,-5.77,0.39));
#4523 = VERTEX_POINT('',#4524);
#4524 = CARTESIAN_POINT('',(8.437,-4.47,0.39));
#4525 = CIRCLE('',#4526,0.65);
#4526 = AXIS2_PLACEMENT_3D('',#4527,#4528,#4529);
#4527 = CARTESIAN_POINT('',(8.43699998334,-5.12,0.39));
#4528 = DIRECTION('',(-0.,7.E-17,1.));
#4529 = DIRECTION('',(0.,-1.,7.E-17));
#4530 = ORIENTED_EDGE('',*,*,#4531,.T.);
#4531 = EDGE_CURVE('',#4521,#4532,#4534,.T.);
#4532 = VERTEX_POINT('',#4533);
#4533 = CARTESIAN_POINT('',(6.887,-5.77,0.39));
#4534 = LINE('',#4535,#4536);
#4535 = CARTESIAN_POINT('',(14.8,-5.77,0.39));
#4536 = VECTOR('',#4537,1.);
#4537 = DIRECTION('',(-1.,0.,0.));
#4538 = ORIENTED_EDGE('',*,*,#4539,.F.);
#4539 = EDGE_CURVE('',#2505,#4532,#4540,.T.);
#4540 = LINE('',#4541,#4542);
#4541 = CARTESIAN_POINT('',(6.887,6.25,0.39));
#4542 = VECTOR('',#4543,1.);
#4543 = DIRECTION('',(0.,1.,-7.E-17));
#4544 = ORIENTED_EDGE('',*,*,#2504,.F.);
#4545 = ORIENTED_EDGE('',*,*,#3677,.T.);
#4546 = ORIENTED_EDGE('',*,*,#4547,.T.);
#4547 = EDGE_CURVE('',#3670,#4548,#4550,.T.);
#4548 = VERTEX_POINT('',#4549);
#4549 = CARTESIAN_POINT('',(14.69,-6.7,0.39));
#4550 = LINE('',#4551,#4552);
#4551 = CARTESIAN_POINT('',(14.8,-6.7,0.39));
#4552 = VECTOR('',#4553,1.);
#4553 = DIRECTION('',(1.,-8.55E-15,0.));
#4554 = ORIENTED_EDGE('',*,*,#4555,.F.);
#4555 = EDGE_CURVE('',#4556,#4548,#4558,.T.);
#4556 = VERTEX_POINT('',#4557);
#4557 = CARTESIAN_POINT('',(14.69,-3.998,0.39));
#4558 = LINE('',#4559,#4560);
#4559 = CARTESIAN_POINT('',(14.69,6.25,0.39));
#4560 = VECTOR('',#4561,1.);
#4561 = DIRECTION('',(0.,-1.,7.E-17));
#4562 = ORIENTED_EDGE('',*,*,#4563,.T.);
#4563 = EDGE_CURVE('',#4556,#4564,#4566,.T.);
#4564 = VERTEX_POINT('',#4565);
#4565 = CARTESIAN_POINT('',(13.737,-3.998,0.39));
#4566 = LINE('',#4567,#4568);
#4567 = CARTESIAN_POINT('',(14.8,-3.998,0.39));
#4568 = VECTOR('',#4569,1.);
#4569 = DIRECTION('',(-1.,0.,0.));
#4570 = ORIENTED_EDGE('',*,*,#4571,.T.);
#4571 = EDGE_CURVE('',#4564,#4572,#4574,.T.);
#4572 = VERTEX_POINT('',#4573);
#4573 = CARTESIAN_POINT('',(13.737,-2.3,0.39));
#4574 = LINE('',#4575,#4576);
#4575 = CARTESIAN_POINT('',(13.737,-7.,0.39));
#4576 = VECTOR('',#4577,1.);
#4577 = DIRECTION('',(0.,1.,-7.E-17));
#4578 = ORIENTED_EDGE('',*,*,#4579,.T.);
#4579 = EDGE_CURVE('',#4572,#4580,#4582,.T.);
#4580 = VERTEX_POINT('',#4581);
#4581 = CARTESIAN_POINT('',(14.69,-2.3,0.39));
#4582 = LINE('',#4583,#4584);
#4583 = CARTESIAN_POINT('',(14.8,-2.3,0.39));
#4584 = VECTOR('',#4585,1.);
#4585 = DIRECTION('',(1.,0.,0.));
#4586 = ORIENTED_EDGE('',*,*,#4587,.F.);
#4587 = EDGE_CURVE('',#4497,#4580,#4588,.T.);
#4588 = LINE('',#4589,#4590);
#4589 = CARTESIAN_POINT('',(14.69,6.25,0.39));
#4590 = VECTOR('',#4591,1.);
#4591 = DIRECTION('',(0.,-1.,7.E-17));
#4592 = ORIENTED_EDGE('',*,*,#4506,.T.);
#4593 = ORIENTED_EDGE('',*,*,#2073,.F.);
#4594 = ORIENTED_EDGE('',*,*,#4595,.F.);
#4595 = EDGE_CURVE('',#4596,#2066,#4598,.T.);
#4596 = VERTEX_POINT('',#4597);
#4597 = CARTESIAN_POINT('',(12.237,-2.,0.39));
#4598 = CIRCLE('',#4599,0.5);
#4599 = AXIS2_PLACEMENT_3D('',#4600,#4601,#4602);
#4600 = CARTESIAN_POINT('',(12.237,-1.5,0.39));
#4601 = DIRECTION('',(-0.,7.E-17,1.));
#4602 = DIRECTION('',(0.,-1.,7.E-17));
#4603 = ORIENTED_EDGE('',*,*,#4604,.T.);
#4604 = EDGE_CURVE('',#4596,#4605,#4607,.T.);
#4605 = VERTEX_POINT('',#4606);
#4606 = CARTESIAN_POINT('',(6.887,-2.,0.39));
#4607 = LINE('',#4608,#4609);
#4608 = CARTESIAN_POINT('',(14.8,-2.,0.39));
#4609 = VECTOR('',#4610,1.);
#4610 = DIRECTION('',(-1.,0.,0.));
#4611 = ORIENTED_EDGE('',*,*,#4612,.F.);
#4612 = EDGE_CURVE('',#4613,#4605,#4615,.T.);
#4613 = VERTEX_POINT('',#4614);
#4614 = CARTESIAN_POINT('',(6.887,-4.47,0.39));
#4615 = LINE('',#4616,#4617);
#4616 = CARTESIAN_POINT('',(6.887,6.25,0.39));
#4617 = VECTOR('',#4618,1.);
#4618 = DIRECTION('',(0.,1.,-7.E-17));
#4619 = ORIENTED_EDGE('',*,*,#4620,.T.);
#4620 = EDGE_CURVE('',#4613,#4523,#4621,.T.);
#4621 = LINE('',#4622,#4623);
#4622 = CARTESIAN_POINT('',(14.8,-4.47,0.39));
#4623 = VECTOR('',#4624,1.);
#4624 = DIRECTION('',(1.,-5.6E-16,0.));
#4625 = PLANE('',#4626);
#4626 = AXIS2_PLACEMENT_3D('',#4627,#4628,#4629);
#4627 = CARTESIAN_POINT('',(14.8,-7.,0.39));
#4628 = DIRECTION('',(0.,7.E-17,1.));
#4629 = DIRECTION('',(0.,-1.,7.E-17));
#4630 = ADVANCED_FACE('',(#4631),#4642,.F.);
#4631 = FACE_BOUND('',#4632,.F.);
#4632 = EDGE_LOOP('',(#4633,#4634,#4640,#4641));
#4633 = ORIENTED_EDGE('',*,*,#4595,.F.);
#4634 = ORIENTED_EDGE('',*,*,#4635,.T.);
#4635 = EDGE_CURVE('',#4596,#4411,#4636,.T.);
#4636 = LINE('',#4637,#4638);
#4637 = CARTESIAN_POINT('',(12.237,-2.,0.49));
#4638 = VECTOR('',#4639,1.);
#4639 = DIRECTION('',(0.,0.,-1.));
#4640 = ORIENTED_EDGE('',*,*,#4418,.T.);
#4641 = ORIENTED_EDGE('',*,*,#2065,.F.);
#4642 = CYLINDRICAL_SURFACE('',#4643,0.5);
#4643 = AXIS2_PLACEMENT_3D('',#4644,#4645,#4646);
#4644 = CARTESIAN_POINT('',(12.237,-1.5,0.49));
#4645 = DIRECTION('',(0.,0.,-1.));
#4646 = DIRECTION('',(-1.,0.,0.));
#4647 = ADVANCED_FACE('',(#4648),#4659,.F.);
#4648 = FACE_BOUND('',#4649,.T.);
#4649 = EDGE_LOOP('',(#4650,#4651,#4657,#4658));
#4650 = ORIENTED_EDGE('',*,*,#2333,.F.);
#4651 = ORIENTED_EDGE('',*,*,#4652,.F.);
#4652 = EDGE_CURVE('',#2230,#2325,#4653,.T.);
#4653 = LINE('',#4654,#4655);
#4654 = CARTESIAN_POINT('',(15.1,5.552757820339,-2.091423631337));
#4655 = VECTOR('',#4656,1.);
#4656 = DIRECTION('',(-1.,0.,0.));
#4657 = ORIENTED_EDGE('',*,*,#2229,.F.);
#4658 = ORIENTED_EDGE('',*,*,#2203,.T.);
#4659 = PLANE('',#4660);
#4660 = AXIS2_PLACEMENT_3D('',#4661,#4662,#4663);
#4661 = CARTESIAN_POINT('',(15.1,4.990580839554,-1.444712993376));
#4662 = DIRECTION('',(0.,0.754709580223,0.656059028991));
#4663 = DIRECTION('',(0.,-0.656059028991,0.754709580223));
#4664 = ADVANCED_FACE('',(#4665),#4694,.F.);
#4665 = FACE_BOUND('',#4666,.F.);
#4666 = EDGE_LOOP('',(#4667,#4668,#4677,#4685,#4692,#4693));
#4667 = ORIENTED_EDGE('',*,*,#2237,.F.);
#4668 = ORIENTED_EDGE('',*,*,#4669,.T.);
#4669 = EDGE_CURVE('',#2238,#4670,#4672,.T.);
#4670 = VERTEX_POINT('',#4671);
#4671 = CARTESIAN_POINT('',(5.488967786304,5.435500720121,-2.98240027256
    ));
#4672 = B_SPLINE_CURVE_WITH_KNOTS('',3,(#4673,#4674,#4675,#4676),
  .UNSPECIFIED.,.F.,.F.,(4,4),(0.,9.530782829021E-05),
  .PIECEWISE_BEZIER_KNOTS.);
#4673 = CARTESIAN_POINT('',(5.496644223209,5.509795896383,
    -2.923198235144));
#4674 = CARTESIAN_POINT('',(5.494647432061,5.486564732325,
    -2.944930072385));
#4675 = CARTESIAN_POINT('',(5.49194620686,5.461804747841,-2.964651986796
    ));
#4676 = CARTESIAN_POINT('',(5.488967786304,5.435500720121,-2.98240027256
    ));
#4677 = ORIENTED_EDGE('',*,*,#4678,.T.);
#4678 = EDGE_CURVE('',#4670,#4679,#4681,.T.);
#4679 = VERTEX_POINT('',#4680);
#4680 = CARTESIAN_POINT('',(3.911032213696,5.435500720121,-2.98240027256
    ));
#4681 = LINE('',#4682,#4683);
#4682 = CARTESIAN_POINT('',(15.1,5.435500720121,-2.98240027256));
#4683 = VECTOR('',#4684,1.);
#4684 = DIRECTION('',(-1.,0.,0.));
#4685 = ORIENTED_EDGE('',*,*,#4686,.T.);
#4686 = EDGE_CURVE('',#4679,#2317,#4687,.T.);
#4687 = B_SPLINE_CURVE_WITH_KNOTS('',3,(#4688,#4689,#4690,#4691),
  .UNSPECIFIED.,.F.,.F.,(4,4),(0.,9.530782829021E-05),
  .PIECEWISE_BEZIER_KNOTS.);
#4688 = CARTESIAN_POINT('',(3.911032213696,5.435500720121,-2.98240027256
    ));
#4689 = CARTESIAN_POINT('',(3.90805379314,5.461804747841,-2.964651986796
    ));
#4690 = CARTESIAN_POINT('',(3.905352567939,5.486564732325,
    -2.944930072385));
#4691 = CARTESIAN_POINT('',(3.903355776791,5.509795896383,
    -2.923198235144));
#4692 = ORIENTED_EDGE('',*,*,#2324,.F.);
#4693 = ORIENTED_EDGE('',*,*,#4652,.F.);
#4694 = CYLINDRICAL_SURFACE('',#4695,0.6);
#4695 = AXIS2_PLACEMENT_3D('',#4696,#4697,#4698);
#4696 = CARTESIAN_POINT('',(15.1,5.099907071315,-2.485030286653));
#4697 = DIRECTION('',(-1.,0.,0.));
#4698 = DIRECTION('',(0.,-1.,0.));
#4699 = ADVANCED_FACE('',(#4700),#4738,.T.);
#4700 = FACE_BOUND('',#4701,.T.);
#4701 = EDGE_LOOP('',(#4702,#4703,#4712,#4721,#4730,#4737));
#4702 = ORIENTED_EDGE('',*,*,#4669,.T.);
#4703 = ORIENTED_EDGE('',*,*,#4704,.T.);
#4704 = EDGE_CURVE('',#4670,#4705,#4707,.T.);
#4705 = VERTEX_POINT('',#4706);
#4706 = CARTESIAN_POINT('',(5.279724708912,4.814473045579,
    -3.401288728233));
#4707 = ELLIPSE('',#4708,1.430633319977,0.8);
#4708 = AXIS2_PLACEMENT_3D('',#4709,#4710,#4711);
#4709 = CARTESIAN_POINT('',(4.7,5.631792196439,-2.85));
#4710 = DIRECTION('',(0.,0.559192903471,-0.829037572555));
#4711 = DIRECTION('',(0.,-0.829037572555,-0.559192903471));
#4712 = ORIENTED_EDGE('',*,*,#4713,.T.);
#4713 = EDGE_CURVE('',#4705,#4714,#4716,.T.);
#4714 = VERTEX_POINT('',#4715);
#4715 = CARTESIAN_POINT('',(4.7,4.982230916621,-3.65));
#4716 = ELLIPSE('',#4717,0.964974358803,0.8);
#4717 = AXIS2_PLACEMENT_3D('',#4718,#4719,#4720);
#4718 = CARTESIAN_POINT('',(4.7,4.442624103147,-2.85));
#4719 = DIRECTION('',(-0.,0.829037572555,0.559192903471));
#4720 = DIRECTION('',(0.,-0.559192903471,0.829037572555));
#4721 = ORIENTED_EDGE('',*,*,#4722,.T.);
#4722 = EDGE_CURVE('',#4714,#4723,#4725,.T.);
#4723 = VERTEX_POINT('',#4724);
#4724 = CARTESIAN_POINT('',(5.401266711031,5.597493718553,-3.235));
#4725 = ELLIPSE('',#4726,1.430633319977,0.8);
#4726 = AXIS2_PLACEMENT_3D('',#4727,#4728,#4729);
#4727 = CARTESIAN_POINT('',(4.7,6.168279691431,-2.85));
#4728 = DIRECTION('',(0.,-0.559192903471,0.829037572555));
#4729 = DIRECTION('',(0.,-0.829037572555,-0.559192903471));
#4730 = ORIENTED_EDGE('',*,*,#4731,.F.);
#4731 = EDGE_CURVE('',#2247,#4723,#4732,.T.);
#4732 = B_SPLINE_CURVE_WITH_KNOTS('',3,(#4733,#4734,#4735,#4736),
  .UNSPECIFIED.,.F.,.F.,(4,4),(0.,4.368482605839E-04),
  .PIECEWISE_BEZIER_KNOTS.);
#4733 = CARTESIAN_POINT('',(5.496644223209,5.886118506789,
    -2.923198235144));
#4734 = CARTESIAN_POINT('',(5.484786355705,5.814181394873,
    -3.052251915572));
#4735 = CARTESIAN_POINT('',(5.444175656068,5.71532049408,-3.156842559064
    ));
#4736 = CARTESIAN_POINT('',(5.401266711031,5.597493718553,-3.235));
#4737 = ORIENTED_EDGE('',*,*,#2246,.T.);
#4738 = CYLINDRICAL_SURFACE('',#4739,0.8);
#4739 = AXIS2_PLACEMENT_3D('',#4740,#4741,#4742);
#4740 = CARTESIAN_POINT('',(4.7,6.25,-2.85));
#4741 = DIRECTION('',(0.,-1.,0.));
#4742 = DIRECTION('',(1.,0.,0.));
#4743 = ADVANCED_FACE('',(#4744),#4765,.T.);
#4744 = FACE_BOUND('',#4745,.T.);
#4745 = EDGE_LOOP('',(#4746,#4747,#4748,#4749,#4750,#4758));
#4746 = ORIENTED_EDGE('',*,*,#2307,.F.);
#4747 = ORIENTED_EDGE('',*,*,#2289,.F.);
#4748 = ORIENTED_EDGE('',*,*,#2254,.F.);
#4749 = ORIENTED_EDGE('',*,*,#4731,.T.);
#4750 = ORIENTED_EDGE('',*,*,#4751,.T.);
#4751 = EDGE_CURVE('',#4723,#4752,#4754,.T.);
#4752 = VERTEX_POINT('',#4753);
#4753 = CARTESIAN_POINT('',(3.998733288969,5.597493718553,-3.235));
#4754 = LINE('',#4755,#4756);
#4755 = CARTESIAN_POINT('',(15.1,5.597493718553,-3.235));
#4756 = VECTOR('',#4757,1.);
#4757 = DIRECTION('',(-1.,0.,0.));
#4758 = ORIENTED_EDGE('',*,*,#4759,.T.);
#4759 = EDGE_CURVE('',#4752,#2308,#4760,.T.);
#4760 = B_SPLINE_CURVE_WITH_KNOTS('',3,(#4761,#4762,#4763,#4764),
  .UNSPECIFIED.,.F.,.F.,(4,4),(0.,4.375557070259E-04),
  .PIECEWISE_BEZIER_KNOTS.);
#4761 = CARTESIAN_POINT('',(3.998733288969,5.597493718553,-3.235));
#4762 = CARTESIAN_POINT('',(3.955880275434,5.715166907721,
    -3.156944436729));
#4763 = CARTESIAN_POINT('',(3.915187423559,5.81434046597,-3.051966545337
    ));
#4764 = CARTESIAN_POINT('',(3.903355776791,5.886118506789,
    -2.923198235144));
#4765 = CYLINDRICAL_SURFACE('',#4766,0.9);
#4766 = AXIS2_PLACEMENT_3D('',#4767,#4768,#4769);
#4767 = CARTESIAN_POINT('',(15.1,5.1,-2.485));
#4768 = DIRECTION('',(-1.,0.,0.));
#4769 = DIRECTION('',(0.,-1.,0.));
#4770 = ADVANCED_FACE('',(#4771),#4799,.T.);
#4771 = FACE_BOUND('',#4772,.T.);
#4772 = EDGE_LOOP('',(#4773,#4774,#4775,#4776,#4783,#4792));
#4773 = ORIENTED_EDGE('',*,*,#4686,.T.);
#4774 = ORIENTED_EDGE('',*,*,#2316,.F.);
#4775 = ORIENTED_EDGE('',*,*,#4759,.F.);
#4776 = ORIENTED_EDGE('',*,*,#4777,.T.);
#4777 = EDGE_CURVE('',#4752,#4714,#4778,.T.);
#4778 = ELLIPSE('',#4779,1.430633319977,0.8);
#4779 = AXIS2_PLACEMENT_3D('',#4780,#4781,#4782);
#4780 = CARTESIAN_POINT('',(4.7,6.168279691431,-2.85));
#4781 = DIRECTION('',(0.,-0.559192903471,0.829037572555));
#4782 = DIRECTION('',(0.,-0.829037572555,-0.559192903471));
#4783 = ORIENTED_EDGE('',*,*,#4784,.T.);
#4784 = EDGE_CURVE('',#4714,#4785,#4787,.T.);
#4785 = VERTEX_POINT('',#4786);
#4786 = CARTESIAN_POINT('',(4.120275291088,4.814473045579,
    -3.401288728233));
#4787 = ELLIPSE('',#4788,0.964974358803,0.8);
#4788 = AXIS2_PLACEMENT_3D('',#4789,#4790,#4791);
#4789 = CARTESIAN_POINT('',(4.7,4.442624103147,-2.85));
#4790 = DIRECTION('',(-0.,0.829037572555,0.559192903471));
#4791 = DIRECTION('',(0.,-0.559192903471,0.829037572555));
#4792 = ORIENTED_EDGE('',*,*,#4793,.T.);
#4793 = EDGE_CURVE('',#4785,#4679,#4794,.T.);
#4794 = ELLIPSE('',#4795,1.430633319977,0.8);
#4795 = AXIS2_PLACEMENT_3D('',#4796,#4797,#4798);
#4796 = CARTESIAN_POINT('',(4.7,5.631792196439,-2.85));
#4797 = DIRECTION('',(0.,0.559192903471,-0.829037572555));
#4798 = DIRECTION('',(0.,-0.829037572555,-0.559192903471));
#4799 = CYLINDRICAL_SURFACE('',#4800,0.8);
#4800 = AXIS2_PLACEMENT_3D('',#4801,#4802,#4803);
#4801 = CARTESIAN_POINT('',(4.7,6.25,-2.85));
#4802 = DIRECTION('',(0.,-1.,0.));
#4803 = DIRECTION('',(1.,0.,0.));
#4804 = ADVANCED_FACE('',(#4805,#4839,#4873),#4884,.T.);
#4805 = FACE_BOUND('',#4806,.T.);
#4806 = EDGE_LOOP('',(#4807,#4817,#4825,#4833));
#4807 = ORIENTED_EDGE('',*,*,#4808,.F.);
#4808 = EDGE_CURVE('',#4809,#4811,#4813,.T.);
#4809 = VERTEX_POINT('',#4810);
#4810 = CARTESIAN_POINT('',(-0.566,-3.06,10.39));
#4811 = VERTEX_POINT('',#4812);
#4812 = CARTESIAN_POINT('',(2.6,-3.06,10.39));
#4813 = LINE('',#4814,#4815);
#4814 = CARTESIAN_POINT('',(-0.566,-3.06,10.39));
#4815 = VECTOR('',#4816,1.);
#4816 = DIRECTION('',(1.,-1.4E-16,0.));
#4817 = ORIENTED_EDGE('',*,*,#4818,.F.);
#4818 = EDGE_CURVE('',#4819,#4809,#4821,.T.);
#4819 = VERTEX_POINT('',#4820);
#4820 = CARTESIAN_POINT('',(-0.566,-1.94,10.39));
#4821 = LINE('',#4822,#4823);
#4822 = CARTESIAN_POINT('',(-0.566,-1.94,10.39));
#4823 = VECTOR('',#4824,1.);
#4824 = DIRECTION('',(0.,-1.,0.));
#4825 = ORIENTED_EDGE('',*,*,#4826,.F.);
#4826 = EDGE_CURVE('',#4827,#4819,#4829,.T.);
#4827 = VERTEX_POINT('',#4828);
#4828 = CARTESIAN_POINT('',(2.6,-1.94,10.39));
#4829 = LINE('',#4830,#4831);
#4830 = CARTESIAN_POINT('',(2.6,-1.94,10.39));
#4831 = VECTOR('',#4832,1.);
#4832 = DIRECTION('',(-1.,7.E-17,0.));
#4833 = ORIENTED_EDGE('',*,*,#4834,.F.);
#4834 = EDGE_CURVE('',#4811,#4827,#4835,.T.);
#4835 = LINE('',#4836,#4837);
#4836 = CARTESIAN_POINT('',(2.6,-3.06,10.39));
#4837 = VECTOR('',#4838,1.);
#4838 = DIRECTION('',(0.,1.,0.));
#4839 = FACE_BOUND('',#4840,.T.);
#4840 = EDGE_LOOP('',(#4841,#4851,#4859,#4867));
#4841 = ORIENTED_EDGE('',*,*,#4842,.F.);
#4842 = EDGE_CURVE('',#4843,#4845,#4847,.T.);
#4843 = VERTEX_POINT('',#4844);
#4844 = CARTESIAN_POINT('',(-0.566,-0.56,10.39));
#4845 = VERTEX_POINT('',#4846);
#4846 = CARTESIAN_POINT('',(2.6,-0.56,10.39));
#4847 = LINE('',#4848,#4849);
#4848 = CARTESIAN_POINT('',(-0.566,-0.56,10.39));
#4849 = VECTOR('',#4850,1.);
#4850 = DIRECTION('',(1.,-7.E-17,0.));
#4851 = ORIENTED_EDGE('',*,*,#4852,.F.);
#4852 = EDGE_CURVE('',#4853,#4843,#4855,.T.);
#4853 = VERTEX_POINT('',#4854);
#4854 = CARTESIAN_POINT('',(-0.566,0.56,10.39));
#4855 = LINE('',#4856,#4857);
#4856 = CARTESIAN_POINT('',(-0.566,0.56,10.39));
#4857 = VECTOR('',#4858,1.);
#4858 = DIRECTION('',(0.,-1.,0.));
#4859 = ORIENTED_EDGE('',*,*,#4860,.F.);
#4860 = EDGE_CURVE('',#4861,#4853,#4863,.T.);
#4861 = VERTEX_POINT('',#4862);
#4862 = CARTESIAN_POINT('',(2.6,0.56,10.39));
#4863 = LINE('',#4864,#4865);
#4864 = CARTESIAN_POINT('',(2.6,0.56,10.39));
#4865 = VECTOR('',#4866,1.);
#4866 = DIRECTION('',(-1.,7.E-17,0.));
#4867 = ORIENTED_EDGE('',*,*,#4868,.F.);
#4868 = EDGE_CURVE('',#4845,#4861,#4869,.T.);
#4869 = LINE('',#4870,#4871);
#4870 = CARTESIAN_POINT('',(2.6,-0.56,10.39));
#4871 = VECTOR('',#4872,1.);
#4872 = DIRECTION('',(0.,1.,0.));
#4873 = FACE_BOUND('',#4874,.T.);
#4874 = EDGE_LOOP('',(#4875,#4881,#4882,#4883));
#4875 = ORIENTED_EDGE('',*,*,#4876,.T.);
#4876 = EDGE_CURVE('',#2368,#3703,#4877,.T.);
#4877 = LINE('',#4878,#4879);
#4878 = CARTESIAN_POINT('',(-0.8,-6.9,10.39));
#4879 = VECTOR('',#4880,1.);
#4880 = DIRECTION('',(1.,-1.1E-16,0.));
#4881 = ORIENTED_EDGE('',*,*,#3702,.T.);
#4882 = ORIENTED_EDGE('',*,*,#4025,.T.);
#4883 = ORIENTED_EDGE('',*,*,#2365,.T.);
#4884 = PLANE('',#4885);
#4885 = AXIS2_PLACEMENT_3D('',#4886,#4887,#4888);
#4886 = CARTESIAN_POINT('',(7.,-1.25,10.39));
#4887 = DIRECTION('',(0.,0.,1.));
#4888 = DIRECTION('',(1.,0.,0.));
#4889 = ADVANCED_FACE('',(#4890,#4924,#4930,#4964),#4998,.F.);
#4890 = FACE_BOUND('',#4891,.T.);
#4891 = EDGE_LOOP('',(#4892,#4902,#4910,#4918));
#4892 = ORIENTED_EDGE('',*,*,#4893,.F.);
#4893 = EDGE_CURVE('',#4894,#4896,#4898,.T.);
#4894 = VERTEX_POINT('',#4895);
#4895 = CARTESIAN_POINT('',(5.033012701892,-6.9,3.79));
#4896 = VERTEX_POINT('',#4897);
#4897 = CARTESIAN_POINT('',(4.1,-6.9,3.79));
#4898 = LINE('',#4899,#4900);
#4899 = CARTESIAN_POINT('',(5.033012701892,-6.9,3.79));
#4900 = VECTOR('',#4901,1.);
#4901 = DIRECTION('',(-1.,0.,0.));
#4902 = ORIENTED_EDGE('',*,*,#4903,.T.);
#4903 = EDGE_CURVE('',#4894,#4904,#4906,.T.);
#4904 = VERTEX_POINT('',#4905);
#4905 = CARTESIAN_POINT('',(5.033012701892,-6.9,2.49));
#4906 = LINE('',#4907,#4908);
#4907 = CARTESIAN_POINT('',(5.033012701892,-6.9,3.79));
#4908 = VECTOR('',#4909,1.);
#4909 = DIRECTION('',(0.,0.,-1.));
#4910 = ORIENTED_EDGE('',*,*,#4911,.T.);
#4911 = EDGE_CURVE('',#4904,#4912,#4914,.T.);
#4912 = VERTEX_POINT('',#4913);
#4913 = CARTESIAN_POINT('',(4.1,-6.9,2.49));
#4914 = LINE('',#4915,#4916);
#4915 = CARTESIAN_POINT('',(5.033012701892,-6.9,2.49));
#4916 = VECTOR('',#4917,1.);
#4917 = DIRECTION('',(-1.,0.,0.));
#4918 = ORIENTED_EDGE('',*,*,#4919,.F.);
#4919 = EDGE_CURVE('',#4896,#4912,#4920,.T.);
#4920 = LINE('',#4921,#4922);
#4921 = CARTESIAN_POINT('',(4.1,-6.9,3.79));
#4922 = VECTOR('',#4923,1.);
#4923 = DIRECTION('',(0.,0.,-1.));
#4924 = FACE_BOUND('',#4925,.T.);
#4925 = EDGE_LOOP('',(#4926,#4927,#4928,#4929));
#4926 = ORIENTED_EDGE('',*,*,#2391,.T.);
#4927 = ORIENTED_EDGE('',*,*,#4210,.T.);
#4928 = ORIENTED_EDGE('',*,*,#3728,.F.);
#4929 = ORIENTED_EDGE('',*,*,#4876,.F.);
#4930 = FACE_BOUND('',#4931,.T.);
#4931 = EDGE_LOOP('',(#4932,#4942,#4950,#4958));
#4932 = ORIENTED_EDGE('',*,*,#4933,.F.);
#4933 = EDGE_CURVE('',#4934,#4936,#4938,.T.);
#4934 = VERTEX_POINT('',#4935);
#4935 = CARTESIAN_POINT('',(1.066987298108,-6.9,6.19));
#4936 = VERTEX_POINT('',#4937);
#4937 = CARTESIAN_POINT('',(1.066987298108,-6.9,4.89));
#4938 = LINE('',#4939,#4940);
#4939 = CARTESIAN_POINT('',(1.066987298108,-6.9,6.19));
#4940 = VECTOR('',#4941,1.);
#4941 = DIRECTION('',(0.,0.,-1.));
#4942 = ORIENTED_EDGE('',*,*,#4943,.F.);
#4943 = EDGE_CURVE('',#4944,#4934,#4946,.T.);
#4944 = VERTEX_POINT('',#4945);
#4945 = CARTESIAN_POINT('',(1.7,-6.9,6.19));
#4946 = LINE('',#4947,#4948);
#4947 = CARTESIAN_POINT('',(1.7,-6.9,6.19));
#4948 = VECTOR('',#4949,1.);
#4949 = DIRECTION('',(-1.,0.,0.));
#4950 = ORIENTED_EDGE('',*,*,#4951,.T.);
#4951 = EDGE_CURVE('',#4944,#4952,#4954,.T.);
#4952 = VERTEX_POINT('',#4953);
#4953 = CARTESIAN_POINT('',(1.7,-6.9,4.89));
#4954 = LINE('',#4955,#4956);
#4955 = CARTESIAN_POINT('',(1.7,-6.9,6.19));
#4956 = VECTOR('',#4957,1.);
#4957 = DIRECTION('',(0.,0.,-1.));
#4958 = ORIENTED_EDGE('',*,*,#4959,.T.);
#4959 = EDGE_CURVE('',#4952,#4936,#4960,.T.);
#4960 = LINE('',#4961,#4962);
#4961 = CARTESIAN_POINT('',(1.7,-6.9,4.89));
#4962 = VECTOR('',#4963,1.);
#4963 = DIRECTION('',(-1.,0.,0.));
#4964 = FACE_BOUND('',#4965,.T.);
#4965 = EDGE_LOOP('',(#4966,#4976,#4984,#4992));
#4966 = ORIENTED_EDGE('',*,*,#4967,.F.);
#4967 = EDGE_CURVE('',#4968,#4970,#4972,.T.);
#4968 = VERTEX_POINT('',#4969);
#4969 = CARTESIAN_POINT('',(5.033012701892,-6.9,8.74));
#4970 = VERTEX_POINT('',#4971);
#4971 = CARTESIAN_POINT('',(4.1,-6.9,8.74));
#4972 = LINE('',#4973,#4974);
#4973 = CARTESIAN_POINT('',(5.033012701892,-6.9,8.74));
#4974 = VECTOR('',#4975,1.);
#4975 = DIRECTION('',(-1.,0.,0.));
#4976 = ORIENTED_EDGE('',*,*,#4977,.T.);
#4977 = EDGE_CURVE('',#4968,#4978,#4980,.T.);
#4978 = VERTEX_POINT('',#4979);
#4979 = CARTESIAN_POINT('',(5.033012701892,-6.9,7.44));
#4980 = LINE('',#4981,#4982);
#4981 = CARTESIAN_POINT('',(5.033012701892,-6.9,8.74));
#4982 = VECTOR('',#4983,1.);
#4983 = DIRECTION('',(0.,0.,-1.));
#4984 = ORIENTED_EDGE('',*,*,#4985,.T.);
#4985 = EDGE_CURVE('',#4978,#4986,#4988,.T.);
#4986 = VERTEX_POINT('',#4987);
#4987 = CARTESIAN_POINT('',(4.1,-6.9,7.44));
#4988 = LINE('',#4989,#4990);
#4989 = CARTESIAN_POINT('',(5.033012701892,-6.9,7.44));
#4990 = VECTOR('',#4991,1.);
#4991 = DIRECTION('',(-1.,0.,0.));
#4992 = ORIENTED_EDGE('',*,*,#4993,.F.);
#4993 = EDGE_CURVE('',#4970,#4986,#4994,.T.);
#4994 = LINE('',#4995,#4996);
#4995 = CARTESIAN_POINT('',(4.1,-6.9,8.74));
#4996 = VECTOR('',#4997,1.);
#4997 = DIRECTION('',(0.,0.,-1.));
#4998 = PLANE('',#4999);
#4999 = AXIS2_PLACEMENT_3D('',#5000,#5001,#5002);
#5000 = CARTESIAN_POINT('',(-0.8,-6.9,10.39));
#5001 = DIRECTION('',(1.1E-16,1.,0.));
#5002 = DIRECTION('',(-1.,1.1E-16,0.));
#5003 = ADVANCED_FACE('',(#5004),#5020,.T.);
#5004 = FACE_BOUND('',#5005,.T.);
#5005 = EDGE_LOOP('',(#5006,#5007,#5013,#5014));
#5006 = ORIENTED_EDGE('',*,*,#2405,.T.);
#5007 = ORIENTED_EDGE('',*,*,#5008,.T.);
#5008 = EDGE_CURVE('',#2408,#2686,#5009,.T.);
#5009 = LINE('',#5010,#5011);
#5010 = CARTESIAN_POINT('',(1.7,4.8,6.29));
#5011 = VECTOR('',#5012,1.);
#5012 = DIRECTION('',(0.,-1.,0.));
#5013 = ORIENTED_EDGE('',*,*,#2683,.F.);
#5014 = ORIENTED_EDGE('',*,*,#5015,.F.);
#5015 = EDGE_CURVE('',#2406,#2684,#5016,.T.);
#5016 = LINE('',#5017,#5018);
#5017 = CARTESIAN_POINT('',(0.13,4.8,6.29));
#5018 = VECTOR('',#5019,1.);
#5019 = DIRECTION('',(0.,-1.,0.));
#5020 = PLANE('',#5021);
#5021 = AXIS2_PLACEMENT_3D('',#5022,#5023,#5024);
#5022 = CARTESIAN_POINT('',(0.13,4.8,6.29));
#5023 = DIRECTION('',(0.,0.,-1.));
#5024 = DIRECTION('',(-1.,0.,0.));
#5025 = ADVANCED_FACE('',(#5026),#5037,.T.);
#5026 = FACE_BOUND('',#5027,.T.);
#5027 = EDGE_LOOP('',(#5028,#5029,#5030,#5031));
#5028 = ORIENTED_EDGE('',*,*,#2415,.T.);
#5029 = ORIENTED_EDGE('',*,*,#5015,.T.);
#5030 = ORIENTED_EDGE('',*,*,#2709,.F.);
#5031 = ORIENTED_EDGE('',*,*,#5032,.F.);
#5032 = EDGE_CURVE('',#2416,#2702,#5033,.T.);
#5033 = LINE('',#5034,#5035);
#5034 = CARTESIAN_POINT('',(0.13,4.8,4.69));
#5035 = VECTOR('',#5036,1.);
#5036 = DIRECTION('',(0.,-1.,0.));
#5037 = PLANE('',#5038);
#5038 = AXIS2_PLACEMENT_3D('',#5039,#5040,#5041);
#5039 = CARTESIAN_POINT('',(0.13,4.8,4.69));
#5040 = DIRECTION('',(1.,0.,0.));
#5041 = DIRECTION('',(0.,1.,0.));
#5042 = ADVANCED_FACE('',(#5043),#5054,.T.);
#5043 = FACE_BOUND('',#5044,.T.);
#5044 = EDGE_LOOP('',(#5045,#5046,#5047,#5048));
#5045 = ORIENTED_EDGE('',*,*,#2423,.T.);
#5046 = ORIENTED_EDGE('',*,*,#5032,.T.);
#5047 = ORIENTED_EDGE('',*,*,#2701,.F.);
#5048 = ORIENTED_EDGE('',*,*,#5049,.F.);
#5049 = EDGE_CURVE('',#2424,#2694,#5050,.T.);
#5050 = LINE('',#5051,#5052);
#5051 = CARTESIAN_POINT('',(1.7,4.8,4.69));
#5052 = VECTOR('',#5053,1.);
#5053 = DIRECTION('',(0.,-1.,0.));
#5054 = PLANE('',#5055);
#5055 = AXIS2_PLACEMENT_3D('',#5056,#5057,#5058);
#5056 = CARTESIAN_POINT('',(1.7,4.8,4.69));
#5057 = DIRECTION('',(0.,0.,1.));
#5058 = DIRECTION('',(1.,0.,0.));
#5059 = ADVANCED_FACE('',(#5060),#5089,.T.);
#5060 = FACE_BOUND('',#5061,.T.);
#5061 = EDGE_LOOP('',(#5062,#5063,#5064,#5072,#5080,#5086,#5087,#5088));
#5062 = ORIENTED_EDGE('',*,*,#5008,.F.);
#5063 = ORIENTED_EDGE('',*,*,#2447,.T.);
#5064 = ORIENTED_EDGE('',*,*,#5065,.F.);
#5065 = EDGE_CURVE('',#5066,#2440,#5068,.T.);
#5066 = VERTEX_POINT('',#5067);
#5067 = CARTESIAN_POINT('',(1.7,-7.15,6.19));
#5068 = LINE('',#5069,#5070);
#5069 = CARTESIAN_POINT('',(1.7,-7.15,6.19));
#5070 = VECTOR('',#5071,1.);
#5071 = DIRECTION('',(0.,1.,0.));
#5072 = ORIENTED_EDGE('',*,*,#5073,.T.);
#5073 = EDGE_CURVE('',#5066,#5074,#5076,.T.);
#5074 = VERTEX_POINT('',#5075);
#5075 = CARTESIAN_POINT('',(1.7,-7.15,4.89));
#5076 = LINE('',#5077,#5078);
#5077 = CARTESIAN_POINT('',(1.7,-7.15,6.19));
#5078 = VECTOR('',#5079,1.);
#5079 = DIRECTION('',(0.,0.,-1.));
#5080 = ORIENTED_EDGE('',*,*,#5081,.T.);
#5081 = EDGE_CURVE('',#5074,#2432,#5082,.T.);
#5082 = LINE('',#5083,#5084);
#5083 = CARTESIAN_POINT('',(1.7,-7.15,4.89));
#5084 = VECTOR('',#5085,1.);
#5085 = DIRECTION('',(0.,1.,0.));
#5086 = ORIENTED_EDGE('',*,*,#2431,.T.);
#5087 = ORIENTED_EDGE('',*,*,#5049,.T.);
#5088 = ORIENTED_EDGE('',*,*,#2693,.F.);
#5089 = PLANE('',#5090);
#5090 = AXIS2_PLACEMENT_3D('',#5091,#5092,#5093);
#5091 = CARTESIAN_POINT('',(1.7,4.8,6.29));
#5092 = DIRECTION('',(-1.,0.,0.));
#5093 = DIRECTION('',(0.,-1.,0.));
#5094 = ADVANCED_FACE('',(#5095),#5111,.F.);
#5095 = FACE_BOUND('',#5096,.F.);
#5096 = EDGE_LOOP('',(#5097,#5103,#5104,#5110));
#5097 = ORIENTED_EDGE('',*,*,#5098,.F.);
#5098 = EDGE_CURVE('',#2432,#4952,#5099,.T.);
#5099 = LINE('',#5100,#5101);
#5100 = CARTESIAN_POINT('',(1.7,-7.15,4.89));
#5101 = VECTOR('',#5102,1.);
#5102 = DIRECTION('',(0.,1.,0.));
#5103 = ORIENTED_EDGE('',*,*,#2439,.F.);
#5104 = ORIENTED_EDGE('',*,*,#5105,.T.);
#5105 = EDGE_CURVE('',#2440,#4944,#5106,.T.);
#5106 = LINE('',#5107,#5108);
#5107 = CARTESIAN_POINT('',(1.7,-7.15,6.19));
#5108 = VECTOR('',#5109,1.);
#5109 = DIRECTION('',(0.,1.,0.));
#5110 = ORIENTED_EDGE('',*,*,#4951,.T.);
#5111 = PLANE('',#5112);
#5112 = AXIS2_PLACEMENT_3D('',#5113,#5114,#5115);
#5113 = CARTESIAN_POINT('',(1.7,-7.15,6.19));
#5114 = DIRECTION('',(-1.,0.,0.));
#5115 = DIRECTION('',(0.,-1.,0.));
#5116 = ADVANCED_FACE('',(#5117),#5151,.T.);
#5117 = FACE_BOUND('',#5118,.T.);
#5118 = EDGE_LOOP('',(#5119,#5128,#5136,#5143,#5144,#5150));
#5119 = ORIENTED_EDGE('',*,*,#5120,.T.);
#5120 = EDGE_CURVE('',#2458,#5121,#5123,.T.);
#5121 = VERTEX_POINT('',#5122);
#5122 = CARTESIAN_POINT('',(3.7,-7.085162306782,-0.71));
#5123 = CIRCLE('',#5124,2.);
#5124 = AXIS2_PLACEMENT_3D('',#5125,#5126,#5127);
#5125 = CARTESIAN_POINT('',(3.7,-9.,-0.132594935395));
#5126 = DIRECTION('',(-1.,0.,0.));
#5127 = DIRECTION('',(0.,-1.,0.));
#5128 = ORIENTED_EDGE('',*,*,#5129,.T.);
#5129 = EDGE_CURVE('',#5121,#5130,#5132,.T.);
#5130 = VERTEX_POINT('',#5131);
#5131 = CARTESIAN_POINT('',(3.7,-7.401061792511,-0.71));
#5132 = LINE('',#5133,#5134);
#5133 = CARTESIAN_POINT('',(3.7,6.25,-0.71));
#5134 = VECTOR('',#5135,1.);
#5135 = DIRECTION('',(0.,-1.,0.));
#5136 = ORIENTED_EDGE('',*,*,#5137,.F.);
#5137 = EDGE_CURVE('',#2740,#5130,#5138,.T.);
#5138 = CIRCLE('',#5139,1.7);
#5139 = AXIS2_PLACEMENT_3D('',#5140,#5141,#5142);
#5140 = CARTESIAN_POINT('',(3.7,-9.,-0.132594935395));
#5141 = DIRECTION('',(-1.,0.,0.));
#5142 = DIRECTION('',(0.,-1.,0.));
#5143 = ORIENTED_EDGE('',*,*,#2739,.T.);
#5144 = ORIENTED_EDGE('',*,*,#5145,.F.);
#5145 = EDGE_CURVE('',#2456,#2732,#5146,.T.);
#5146 = LINE('',#5147,#5148);
#5147 = CARTESIAN_POINT('',(3.7,6.25,9.E-02));
#5148 = VECTOR('',#5149,1.);
#5149 = DIRECTION('',(0.,-1.,0.));
#5150 = ORIENTED_EDGE('',*,*,#2455,.T.);
#5151 = PLANE('',#5152);
#5152 = AXIS2_PLACEMENT_3D('',#5153,#5154,#5155);
#5153 = CARTESIAN_POINT('',(3.7,6.25,9.E-02));
#5154 = DIRECTION('',(-1.,0.,0.));
#5155 = DIRECTION('',(0.,-1.,0.));
#5156 = ADVANCED_FACE('',(#5157),#5163,.F.);
#5157 = FACE_BOUND('',#5158,.T.);
#5158 = EDGE_LOOP('',(#5159,#5160,#5161,#5162));
#5159 = ORIENTED_EDGE('',*,*,#2465,.T.);
#5160 = ORIENTED_EDGE('',*,*,#5145,.T.);
#5161 = ORIENTED_EDGE('',*,*,#2731,.T.);
#5162 = ORIENTED_EDGE('',*,*,#2661,.F.);
#5163 = PLANE('',#5164);
#5164 = AXIS2_PLACEMENT_3D('',#5165,#5166,#5167);
#5165 = CARTESIAN_POINT('',(15.1,-7.,9.E-02));
#5166 = DIRECTION('',(0.,0.,1.));
#5167 = DIRECTION('',(1.,0.,0.));
#5168 = ADVANCED_FACE('',(#5169),#5187,.T.);
#5169 = FACE_BOUND('',#5170,.T.);
#5170 = EDGE_LOOP('',(#5171,#5172,#5173,#5179,#5180,#5181));
#5171 = ORIENTED_EDGE('',*,*,#4482,.T.);
#5172 = ORIENTED_EDGE('',*,*,#2780,.T.);
#5173 = ORIENTED_EDGE('',*,*,#5174,.F.);
#5174 = EDGE_CURVE('',#2513,#2772,#5175,.T.);
#5175 = LINE('',#5176,#5177);
#5176 = CARTESIAN_POINT('',(6.887,6.25,0.49));
#5177 = VECTOR('',#5178,1.);
#5178 = DIRECTION('',(0.,-1.,0.));
#5179 = ORIENTED_EDGE('',*,*,#2512,.T.);
#5180 = ORIENTED_EDGE('',*,*,#4539,.T.);
#5181 = ORIENTED_EDGE('',*,*,#5182,.T.);
#5182 = EDGE_CURVE('',#4532,#4376,#5183,.T.);
#5183 = LINE('',#5184,#5185);
#5184 = CARTESIAN_POINT('',(6.887,-5.77,0.49));
#5185 = VECTOR('',#5186,1.);
#5186 = DIRECTION('',(0.,0.,-1.));
#5187 = PLANE('',#5188);
#5188 = AXIS2_PLACEMENT_3D('',#5189,#5190,#5191);
#5189 = CARTESIAN_POINT('',(6.887,6.25,0.49));
#5190 = DIRECTION('',(-1.,0.,1.66E-15));
#5191 = DIRECTION('',(1.66E-15,0.,1.));
#5192 = ADVANCED_FACE('',(#5193),#5204,.F.);
#5193 = FACE_BOUND('',#5194,.F.);
#5194 = EDGE_LOOP('',(#5195,#5196,#5197,#5198));
#5195 = ORIENTED_EDGE('',*,*,#2771,.T.);
#5196 = ORIENTED_EDGE('',*,*,#5174,.F.);
#5197 = ORIENTED_EDGE('',*,*,#2520,.F.);
#5198 = ORIENTED_EDGE('',*,*,#5199,.T.);
#5199 = EDGE_CURVE('',#2521,#2764,#5200,.T.);
#5200 = LINE('',#5201,#5202);
#5201 = CARTESIAN_POINT('',(6.387,6.25,0.49));
#5202 = VECTOR('',#5203,1.);
#5203 = DIRECTION('',(0.,-1.,0.));
#5204 = CYLINDRICAL_SURFACE('',#5205,0.25);
#5205 = AXIS2_PLACEMENT_3D('',#5206,#5207,#5208);
#5206 = CARTESIAN_POINT('',(6.637,6.25,0.490000017473));
#5207 = DIRECTION('',(0.,-1.,0.));
#5208 = DIRECTION('',(1.,0.,0.));
#5209 = ADVANCED_FACE('',(#5210),#5221,.T.);
#5210 = FACE_BOUND('',#5211,.T.);
#5211 = EDGE_LOOP('',(#5212,#5218,#5219,#5220));
#5212 = ORIENTED_EDGE('',*,*,#5213,.F.);
#5213 = EDGE_CURVE('',#2530,#2756,#5214,.T.);
#5214 = LINE('',#5215,#5216);
#5215 = CARTESIAN_POINT('',(5.7,6.25,0.49));
#5216 = VECTOR('',#5217,1.);
#5217 = DIRECTION('',(0.,-1.,0.));
#5218 = ORIENTED_EDGE('',*,*,#2529,.T.);
#5219 = ORIENTED_EDGE('',*,*,#5199,.T.);
#5220 = ORIENTED_EDGE('',*,*,#2763,.T.);
#5221 = PLANE('',#5222);
#5222 = AXIS2_PLACEMENT_3D('',#5223,#5224,#5225);
#5223 = CARTESIAN_POINT('',(5.7,6.25,0.49));
#5224 = DIRECTION('',(0.,0.,-1.));
#5225 = DIRECTION('',(-1.,0.,0.));
#5226 = ADVANCED_FACE('',(#5227),#5256,.T.);
#5227 = FACE_BOUND('',#5228,.T.);
#5228 = EDGE_LOOP('',(#5229,#5230,#5231,#5232,#5241,#5249));
#5229 = ORIENTED_EDGE('',*,*,#2537,.T.);
#5230 = ORIENTED_EDGE('',*,*,#5213,.T.);
#5231 = ORIENTED_EDGE('',*,*,#2755,.T.);
#5232 = ORIENTED_EDGE('',*,*,#5233,.F.);
#5233 = EDGE_CURVE('',#5234,#2748,#5236,.T.);
#5234 = VERTEX_POINT('',#5235);
#5235 = CARTESIAN_POINT('',(5.7,-7.401061792511,-0.71));
#5236 = CIRCLE('',#5237,1.7);
#5237 = AXIS2_PLACEMENT_3D('',#5238,#5239,#5240);
#5238 = CARTESIAN_POINT('',(5.7,-9.,-0.132594935395));
#5239 = DIRECTION('',(1.,0.,0.));
#5240 = DIRECTION('',(0.,1.,0.));
#5241 = ORIENTED_EDGE('',*,*,#5242,.F.);
#5242 = EDGE_CURVE('',#5243,#5234,#5245,.T.);
#5243 = VERTEX_POINT('',#5244);
#5244 = CARTESIAN_POINT('',(5.7,-7.085162306782,-0.71));
#5245 = LINE('',#5246,#5247);
#5246 = CARTESIAN_POINT('',(5.7,6.25,-0.71));
#5247 = VECTOR('',#5248,1.);
#5248 = DIRECTION('',(0.,-1.,0.));
#5249 = ORIENTED_EDGE('',*,*,#5250,.T.);
#5250 = EDGE_CURVE('',#5243,#2538,#5251,.T.);
#5251 = CIRCLE('',#5252,2.);
#5252 = AXIS2_PLACEMENT_3D('',#5253,#5254,#5255);
#5253 = CARTESIAN_POINT('',(5.7,-9.,-0.132594935395));
#5254 = DIRECTION('',(1.,0.,0.));
#5255 = DIRECTION('',(0.,1.,0.));
#5256 = PLANE('',#5257);
#5257 = AXIS2_PLACEMENT_3D('',#5258,#5259,#5260);
#5258 = CARTESIAN_POINT('',(5.7,6.25,-0.71));
#5259 = DIRECTION('',(1.,0.,0.));
#5260 = DIRECTION('',(0.,1.,0.));
#5261 = ADVANCED_FACE('',(#5262),#5291,.T.);
#5262 = FACE_BOUND('',#5263,.T.);
#5263 = EDGE_LOOP('',(#5264,#5265,#5266,#5267,#5276,#5284));
#5264 = ORIENTED_EDGE('',*,*,#5120,.F.);
#5265 = ORIENTED_EDGE('',*,*,#2545,.F.);
#5266 = ORIENTED_EDGE('',*,*,#5250,.F.);
#5267 = ORIENTED_EDGE('',*,*,#5268,.F.);
#5268 = EDGE_CURVE('',#5269,#5243,#5271,.T.);
#5269 = VERTEX_POINT('',#5270);
#5270 = CARTESIAN_POINT('',(5.632492205572,-7.490580839554,
    -1.444712993376));
#5271 = ELLIPSE('',#5272,2.008424781586,2.);
#5272 = AXIS2_PLACEMENT_3D('',#5273,#5274,#5275);
#5273 = CARTESIAN_POINT('',(5.753053835653,-9.,-0.132594935395));
#5274 = DIRECTION('',(0.995805279011,0.,-9.149779393031E-02));
#5275 = DIRECTION('',(-9.149779393031E-02,0.,-0.995805279011));
#5276 = ORIENTED_EDGE('',*,*,#5277,.T.);
#5277 = EDGE_CURVE('',#5269,#5278,#5280,.T.);
#5278 = VERTEX_POINT('',#5279);
#5279 = CARTESIAN_POINT('',(3.767507794428,-7.490580839554,
    -1.444712993376));
#5280 = LINE('',#5281,#5282);
#5281 = CARTESIAN_POINT('',(15.1,-7.490580839554,-1.444712993376));
#5282 = VECTOR('',#5283,1.);
#5283 = DIRECTION('',(-1.,0.,0.));
#5284 = ORIENTED_EDGE('',*,*,#5285,.F.);
#5285 = EDGE_CURVE('',#5121,#5278,#5286,.T.);
#5286 = ELLIPSE('',#5287,2.008424781586,2.);
#5287 = AXIS2_PLACEMENT_3D('',#5288,#5289,#5290);
#5288 = CARTESIAN_POINT('',(3.646946164347,-9.,-0.132594935395));
#5289 = DIRECTION('',(-0.995805279011,0.,-9.149779393031E-02));
#5290 = DIRECTION('',(-9.149779393031E-02,0.,0.995805279011));
#5291 = CYLINDRICAL_SURFACE('',#5292,2.);
#5292 = AXIS2_PLACEMENT_3D('',#5293,#5294,#5295);
#5293 = CARTESIAN_POINT('',(15.1,-9.,-0.132594935395));
#5294 = DIRECTION('',(-1.,0.,0.));
#5295 = DIRECTION('',(0.,-1.,0.));
#5296 = ADVANCED_FACE('',(#5297),#5336,.T.);
#5297 = FACE_BOUND('',#5298,.T.);
#5298 = EDGE_LOOP('',(#5299,#5305,#5306,#5314,#5322,#5328,#5329,#5335));
#5299 = ORIENTED_EDGE('',*,*,#5300,.F.);
#5300 = EDGE_CURVE('',#2554,#2837,#5301,.T.);
#5301 = LINE('',#5302,#5303);
#5302 = CARTESIAN_POINT('',(4.03,4.8,3.79));
#5303 = VECTOR('',#5304,1.);
#5304 = DIRECTION('',(0.,-1.,0.));
#5305 = ORIENTED_EDGE('',*,*,#2553,.T.);
#5306 = ORIENTED_EDGE('',*,*,#5307,.T.);
#5307 = EDGE_CURVE('',#2556,#5308,#5310,.T.);
#5308 = VERTEX_POINT('',#5309);
#5309 = CARTESIAN_POINT('',(4.1,-7.15,3.79));
#5310 = LINE('',#5311,#5312);
#5311 = CARTESIAN_POINT('',(4.1,-6.9,3.79));
#5312 = VECTOR('',#5313,1.);
#5313 = DIRECTION('',(0.,-1.,0.));
#5314 = ORIENTED_EDGE('',*,*,#5315,.T.);
#5315 = EDGE_CURVE('',#5308,#5316,#5318,.T.);
#5316 = VERTEX_POINT('',#5317);
#5317 = CARTESIAN_POINT('',(4.6,-7.15,3.79));
#5318 = LINE('',#5319,#5320);
#5319 = CARTESIAN_POINT('',(4.1,-7.15,3.79));
#5320 = VECTOR('',#5321,1.);
#5321 = DIRECTION('',(1.,0.,0.));
#5322 = ORIENTED_EDGE('',*,*,#5323,.T.);
#5323 = EDGE_CURVE('',#5316,#2588,#5324,.T.);
#5324 = LINE('',#5325,#5326);
#5325 = CARTESIAN_POINT('',(4.6,-7.15,3.79));
#5326 = VECTOR('',#5327,1.);
#5327 = DIRECTION('',(0.866025403784,0.5,0.));
#5328 = ORIENTED_EDGE('',*,*,#2587,.T.);
#5329 = ORIENTED_EDGE('',*,*,#5330,.T.);
#5330 = EDGE_CURVE('',#2580,#2839,#5331,.T.);
#5331 = LINE('',#5332,#5333);
#5332 = CARTESIAN_POINT('',(5.6,4.8,3.79));
#5333 = VECTOR('',#5334,1.);
#5334 = DIRECTION('',(0.,-1.,0.));
#5335 = ORIENTED_EDGE('',*,*,#2836,.F.);
#5336 = PLANE('',#5337);
#5337 = AXIS2_PLACEMENT_3D('',#5338,#5339,#5340);
#5338 = CARTESIAN_POINT('',(4.03,4.8,3.79));
#5339 = DIRECTION('',(0.,0.,-1.));
#5340 = DIRECTION('',(-1.,0.,0.));
#5341 = ADVANCED_FACE('',(#5342),#5358,.F.);
#5342 = FACE_BOUND('',#5343,.F.);
#5343 = EDGE_LOOP('',(#5344,#5345,#5351,#5352));
#5344 = ORIENTED_EDGE('',*,*,#2595,.F.);
#5345 = ORIENTED_EDGE('',*,*,#5346,.F.);
#5346 = EDGE_CURVE('',#4896,#2556,#5347,.T.);
#5347 = LINE('',#5348,#5349);
#5348 = CARTESIAN_POINT('',(4.1,-6.9,3.79));
#5349 = VECTOR('',#5350,1.);
#5350 = DIRECTION('',(0.,-1.,0.));
#5351 = ORIENTED_EDGE('',*,*,#4893,.F.);
#5352 = ORIENTED_EDGE('',*,*,#5353,.F.);
#5353 = EDGE_CURVE('',#2588,#4894,#5354,.T.);
#5354 = LINE('',#5355,#5356);
#5355 = CARTESIAN_POINT('',(4.6,-7.15,3.79));
#5356 = VECTOR('',#5357,1.);
#5357 = DIRECTION('',(0.866025403784,0.5,0.));
#5358 = PLANE('',#5359);
#5359 = AXIS2_PLACEMENT_3D('',#5360,#5361,#5362);
#5360 = CARTESIAN_POINT('',(7.,-1.25,3.79));
#5361 = DIRECTION('',(0.,0.,-1.));
#5362 = DIRECTION('',(-1.,0.,0.));
#5363 = ADVANCED_FACE('',(#5364),#5375,.T.);
#5364 = FACE_BOUND('',#5365,.T.);
#5365 = EDGE_LOOP('',(#5366,#5367,#5368,#5369));
#5366 = ORIENTED_EDGE('',*,*,#2563,.T.);
#5367 = ORIENTED_EDGE('',*,*,#5300,.T.);
#5368 = ORIENTED_EDGE('',*,*,#2862,.F.);
#5369 = ORIENTED_EDGE('',*,*,#5370,.F.);
#5370 = EDGE_CURVE('',#2564,#2855,#5371,.T.);
#5371 = LINE('',#5372,#5373);
#5372 = CARTESIAN_POINT('',(4.03,4.8,2.39));
#5373 = VECTOR('',#5374,1.);
#5374 = DIRECTION('',(0.,-1.,0.));
#5375 = PLANE('',#5376);
#5376 = AXIS2_PLACEMENT_3D('',#5377,#5378,#5379);
#5377 = CARTESIAN_POINT('',(4.03,4.8,2.39));
#5378 = DIRECTION('',(1.,0.,0.));
#5379 = DIRECTION('',(0.,1.,0.));
#5380 = ADVANCED_FACE('',(#5381),#5392,.T.);
#5381 = FACE_BOUND('',#5382,.T.);
#5382 = EDGE_LOOP('',(#5383,#5384,#5385,#5386));
#5383 = ORIENTED_EDGE('',*,*,#2571,.T.);
#5384 = ORIENTED_EDGE('',*,*,#5370,.T.);
#5385 = ORIENTED_EDGE('',*,*,#2854,.F.);
#5386 = ORIENTED_EDGE('',*,*,#5387,.F.);
#5387 = EDGE_CURVE('',#2572,#2847,#5388,.T.);
#5388 = LINE('',#5389,#5390);
#5389 = CARTESIAN_POINT('',(5.6,4.8,2.39));
#5390 = VECTOR('',#5391,1.);
#5391 = DIRECTION('',(0.,-1.,0.));
#5392 = PLANE('',#5393);
#5393 = AXIS2_PLACEMENT_3D('',#5394,#5395,#5396);
#5394 = CARTESIAN_POINT('',(5.6,4.8,2.39));
#5395 = DIRECTION('',(0.,0.,1.));
#5396 = DIRECTION('',(1.,0.,0.));
#5397 = ADVANCED_FACE('',(#5398),#5404,.T.);
#5398 = FACE_BOUND('',#5399,.T.);
#5399 = EDGE_LOOP('',(#5400,#5401,#5402,#5403));
#5400 = ORIENTED_EDGE('',*,*,#2579,.T.);
#5401 = ORIENTED_EDGE('',*,*,#5387,.T.);
#5402 = ORIENTED_EDGE('',*,*,#2846,.F.);
#5403 = ORIENTED_EDGE('',*,*,#5330,.F.);
#5404 = PLANE('',#5405);
#5405 = AXIS2_PLACEMENT_3D('',#5406,#5407,#5408);
#5406 = CARTESIAN_POINT('',(5.6,4.8,3.79));
#5407 = DIRECTION('',(-1.,0.,0.));
#5408 = DIRECTION('',(0.,-1.,0.));
#5409 = ADVANCED_FACE('',(#5410),#5449,.T.);
#5410 = FACE_BOUND('',#5411,.T.);
#5411 = EDGE_LOOP('',(#5412,#5418,#5419,#5427,#5435,#5441,#5442,#5448));
#5412 = ORIENTED_EDGE('',*,*,#5413,.F.);
#5413 = EDGE_CURVE('',#2604,#2871,#5414,.T.);
#5414 = LINE('',#5415,#5416);
#5415 = CARTESIAN_POINT('',(4.03,4.8,8.74));
#5416 = VECTOR('',#5417,1.);
#5417 = DIRECTION('',(0.,-1.,0.));
#5418 = ORIENTED_EDGE('',*,*,#2603,.T.);
#5419 = ORIENTED_EDGE('',*,*,#5420,.T.);
#5420 = EDGE_CURVE('',#2606,#5421,#5423,.T.);
#5421 = VERTEX_POINT('',#5422);
#5422 = CARTESIAN_POINT('',(4.1,-7.15,8.74));
#5423 = LINE('',#5424,#5425);
#5424 = CARTESIAN_POINT('',(4.1,-6.9,8.74));
#5425 = VECTOR('',#5426,1.);
#5426 = DIRECTION('',(0.,-1.,0.));
#5427 = ORIENTED_EDGE('',*,*,#5428,.T.);
#5428 = EDGE_CURVE('',#5421,#5429,#5431,.T.);
#5429 = VERTEX_POINT('',#5430);
#5430 = CARTESIAN_POINT('',(4.6,-7.15,8.74));
#5431 = LINE('',#5432,#5433);
#5432 = CARTESIAN_POINT('',(4.1,-7.15,8.74));
#5433 = VECTOR('',#5434,1.);
#5434 = DIRECTION('',(1.,0.,0.));
#5435 = ORIENTED_EDGE('',*,*,#5436,.T.);
#5436 = EDGE_CURVE('',#5429,#2638,#5437,.T.);
#5437 = LINE('',#5438,#5439);
#5438 = CARTESIAN_POINT('',(4.6,-7.15,8.74));
#5439 = VECTOR('',#5440,1.);
#5440 = DIRECTION('',(0.866025403784,0.5,0.));
#5441 = ORIENTED_EDGE('',*,*,#2637,.T.);
#5442 = ORIENTED_EDGE('',*,*,#5443,.T.);
#5443 = EDGE_CURVE('',#2630,#2873,#5444,.T.);
#5444 = LINE('',#5445,#5446);
#5445 = CARTESIAN_POINT('',(5.6,4.8,8.74));
#5446 = VECTOR('',#5447,1.);
#5447 = DIRECTION('',(0.,-1.,0.));
#5448 = ORIENTED_EDGE('',*,*,#2870,.F.);
#5449 = PLANE('',#5450);
#5450 = AXIS2_PLACEMENT_3D('',#5451,#5452,#5453);
#5451 = CARTESIAN_POINT('',(4.03,4.8,8.74));
#5452 = DIRECTION('',(0.,0.,-1.));
#5453 = DIRECTION('',(-1.,0.,0.));
#5454 = ADVANCED_FACE('',(#5455),#5471,.F.);
#5455 = FACE_BOUND('',#5456,.F.);
#5456 = EDGE_LOOP('',(#5457,#5458,#5464,#5465));
#5457 = ORIENTED_EDGE('',*,*,#2645,.F.);
#5458 = ORIENTED_EDGE('',*,*,#5459,.F.);
#5459 = EDGE_CURVE('',#4970,#2606,#5460,.T.);
#5460 = LINE('',#5461,#5462);
#5461 = CARTESIAN_POINT('',(4.1,-6.9,8.74));
#5462 = VECTOR('',#5463,1.);
#5463 = DIRECTION('',(0.,-1.,0.));
#5464 = ORIENTED_EDGE('',*,*,#4967,.F.);
#5465 = ORIENTED_EDGE('',*,*,#5466,.F.);
#5466 = EDGE_CURVE('',#2638,#4968,#5467,.T.);
#5467 = LINE('',#5468,#5469);
#5468 = CARTESIAN_POINT('',(4.6,-7.15,8.74));
#5469 = VECTOR('',#5470,1.);
#5470 = DIRECTION('',(0.866025403784,0.5,0.));
#5471 = PLANE('',#5472);
#5472 = AXIS2_PLACEMENT_3D('',#5473,#5474,#5475);
#5473 = CARTESIAN_POINT('',(7.,-1.25,8.74));
#5474 = DIRECTION('',(0.,0.,-1.));
#5475 = DIRECTION('',(-1.,0.,0.));
#5476 = ADVANCED_FACE('',(#5477),#5488,.T.);
#5477 = FACE_BOUND('',#5478,.T.);
#5478 = EDGE_LOOP('',(#5479,#5480,#5481,#5482));
#5479 = ORIENTED_EDGE('',*,*,#2613,.T.);
#5480 = ORIENTED_EDGE('',*,*,#5413,.T.);
#5481 = ORIENTED_EDGE('',*,*,#2896,.F.);
#5482 = ORIENTED_EDGE('',*,*,#5483,.F.);
#5483 = EDGE_CURVE('',#2614,#2889,#5484,.T.);
#5484 = LINE('',#5485,#5486);
#5485 = CARTESIAN_POINT('',(4.03,4.8,7.34));
#5486 = VECTOR('',#5487,1.);
#5487 = DIRECTION('',(0.,-1.,0.));
#5488 = PLANE('',#5489);
#5489 = AXIS2_PLACEMENT_3D('',#5490,#5491,#5492);
#5490 = CARTESIAN_POINT('',(4.03,4.8,7.34));
#5491 = DIRECTION('',(1.,0.,0.));
#5492 = DIRECTION('',(0.,1.,0.));
#5493 = ADVANCED_FACE('',(#5494),#5505,.T.);
#5494 = FACE_BOUND('',#5495,.T.);
#5495 = EDGE_LOOP('',(#5496,#5497,#5498,#5499));
#5496 = ORIENTED_EDGE('',*,*,#2621,.T.);
#5497 = ORIENTED_EDGE('',*,*,#5483,.T.);
#5498 = ORIENTED_EDGE('',*,*,#2888,.F.);
#5499 = ORIENTED_EDGE('',*,*,#5500,.F.);
#5500 = EDGE_CURVE('',#2622,#2881,#5501,.T.);
#5501 = LINE('',#5502,#5503);
#5502 = CARTESIAN_POINT('',(5.6,4.8,7.34));
#5503 = VECTOR('',#5504,1.);
#5504 = DIRECTION('',(0.,-1.,0.));
#5505 = PLANE('',#5506);
#5506 = AXIS2_PLACEMENT_3D('',#5507,#5508,#5509);
#5507 = CARTESIAN_POINT('',(5.6,4.8,7.34));
#5508 = DIRECTION('',(0.,0.,1.));
#5509 = DIRECTION('',(1.,0.,0.));
#5510 = ADVANCED_FACE('',(#5511),#5517,.T.);
#5511 = FACE_BOUND('',#5512,.T.);
#5512 = EDGE_LOOP('',(#5513,#5514,#5515,#5516));
#5513 = ORIENTED_EDGE('',*,*,#2629,.T.);
#5514 = ORIENTED_EDGE('',*,*,#5500,.T.);
#5515 = ORIENTED_EDGE('',*,*,#2880,.F.);
#5516 = ORIENTED_EDGE('',*,*,#5443,.F.);
#5517 = PLANE('',#5518);
#5518 = AXIS2_PLACEMENT_3D('',#5519,#5520,#5521);
#5519 = CARTESIAN_POINT('',(5.6,4.8,8.74));
#5520 = DIRECTION('',(-1.,0.,0.));
#5521 = DIRECTION('',(0.,-1.,0.));
#5522 = ADVANCED_FACE('',(#5523),#5552,.F.);
#5523 = FACE_BOUND('',#5524,.F.);
#5524 = EDGE_LOOP('',(#5525,#5526,#5535,#5543,#5550,#5551));
#5525 = ORIENTED_EDGE('',*,*,#5233,.F.);
#5526 = ORIENTED_EDGE('',*,*,#5527,.F.);
#5527 = EDGE_CURVE('',#5528,#5234,#5530,.T.);
#5528 = VERTEX_POINT('',#5529);
#5529 = CARTESIAN_POINT('',(5.650576450084,-7.716993713621,
    -1.247895284679));
#5530 = ELLIPSE('',#5531,1.707161064348,1.7);
#5531 = AXIS2_PLACEMENT_3D('',#5532,#5533,#5534);
#5532 = CARTESIAN_POINT('',(5.753053835653,-9.,-0.132594935395));
#5533 = DIRECTION('',(0.995805279011,0.,-9.149779393031E-02));
#5534 = DIRECTION('',(-9.149779393031E-02,0.,-0.995805279011));
#5535 = ORIENTED_EDGE('',*,*,#5536,.T.);
#5536 = EDGE_CURVE('',#5528,#5537,#5539,.T.);
#5537 = VERTEX_POINT('',#5538);
#5538 = CARTESIAN_POINT('',(3.749423549916,-7.716993713621,
    -1.247895284679));
#5539 = LINE('',#5540,#5541);
#5540 = CARTESIAN_POINT('',(15.1,-7.716993713621,-1.247895284679));
#5541 = VECTOR('',#5542,1.);
#5542 = DIRECTION('',(-1.,0.,0.));
#5543 = ORIENTED_EDGE('',*,*,#5544,.F.);
#5544 = EDGE_CURVE('',#5130,#5537,#5545,.T.);
#5545 = ELLIPSE('',#5546,1.707161064348,1.7);
#5546 = AXIS2_PLACEMENT_3D('',#5547,#5548,#5549);
#5547 = CARTESIAN_POINT('',(3.646946164347,-9.,-0.132594935395));
#5548 = DIRECTION('',(-0.995805279011,0.,-9.149779393031E-02));
#5549 = DIRECTION('',(-9.149779393031E-02,0.,0.995805279011));
#5550 = ORIENTED_EDGE('',*,*,#5137,.F.);
#5551 = ORIENTED_EDGE('',*,*,#2747,.F.);
#5552 = CYLINDRICAL_SURFACE('',#5553,1.7);
#5553 = AXIS2_PLACEMENT_3D('',#5554,#5555,#5556);
#5554 = CARTESIAN_POINT('',(15.1,-9.,-0.132594935395));
#5555 = DIRECTION('',(-1.,0.,0.));
#5556 = DIRECTION('',(0.,-1.,0.));
#5557 = ADVANCED_FACE('',(#5558),#5574,.T.);
#5558 = FACE_BOUND('',#5559,.T.);
#5559 = EDGE_LOOP('',(#5560,#5561,#5572,#5573));
#5560 = ORIENTED_EDGE('',*,*,#2807,.F.);
#5561 = ORIENTED_EDGE('',*,*,#5562,.F.);
#5562 = EDGE_CURVE('',#5563,#2799,#5565,.T.);
#5563 = VERTEX_POINT('',#5564);
#5564 = CARTESIAN_POINT('',(1.6,-7.5,8.89));
#5565 = B_SPLINE_CURVE_WITH_KNOTS('',5,(#5566,#5567,#5568,#5569,#5570,
    #5571),.UNSPECIFIED.,.F.,.F.,(6,6),(-1.570796326795,-0.339836909454)
  ,.PIECEWISE_BEZIER_KNOTS.);
#5566 = CARTESIAN_POINT('',(1.6,-7.5,8.89));
#5567 = CARTESIAN_POINT('',(1.6,-7.5,8.96385756504));
#5568 = CARTESIAN_POINT('',(1.6,-7.477298820088,9.037731790866));
#5569 = CARTESIAN_POINT('',(1.6,-7.431715808187,9.10219590451));
#5570 = CARTESIAN_POINT('',(1.6,-7.369633580109,9.148223524128));
#5571 = CARTESIAN_POINT('',(1.6,-7.3,9.172842712475));
#5572 = ORIENTED_EDGE('',*,*,#5562,.T.);
#5573 = ORIENTED_EDGE('',*,*,#2796,.F.);
#5574 = SPHERICAL_SURFACE('',#5575,0.3);
#5575 = AXIS2_PLACEMENT_3D('',#5576,#5577,#5578);
#5576 = CARTESIAN_POINT('',(1.6,-7.2,8.89));
#5577 = DIRECTION('',(0.,1.,0.));
#5578 = DIRECTION('',(0.,0.,1.));
#5579 = ADVANCED_FACE('',(#5580),#5596,.T.);
#5580 = FACE_BOUND('',#5581,.T.);
#5581 = EDGE_LOOP('',(#5582,#5583,#5594,#5595));
#5582 = ORIENTED_EDGE('',*,*,#2827,.F.);
#5583 = ORIENTED_EDGE('',*,*,#5584,.F.);
#5584 = EDGE_CURVE('',#5585,#2819,#5587,.T.);
#5585 = VERTEX_POINT('',#5586);
#5586 = CARTESIAN_POINT('',(1.6,-7.5,2.39));
#5587 = B_SPLINE_CURVE_WITH_KNOTS('',5,(#5588,#5589,#5590,#5591,#5592,
    #5593),.UNSPECIFIED.,.F.,.F.,(6,6),(-1.570796326795,-0.339836909454)
  ,.PIECEWISE_BEZIER_KNOTS.);
#5588 = CARTESIAN_POINT('',(1.6,-7.5,2.39));
#5589 = CARTESIAN_POINT('',(1.6,-7.5,2.46385756504));
#5590 = CARTESIAN_POINT('',(1.6,-7.477298820088,2.537731790866));
#5591 = CARTESIAN_POINT('',(1.6,-7.431715808186,2.60219590451));
#5592 = CARTESIAN_POINT('',(1.6,-7.369633580109,2.648223524128));
#5593 = CARTESIAN_POINT('',(1.6,-7.3,2.672842712475));
#5594 = ORIENTED_EDGE('',*,*,#5584,.T.);
#5595 = ORIENTED_EDGE('',*,*,#2816,.F.);
#5596 = SPHERICAL_SURFACE('',#5597,0.3);
#5597 = AXIS2_PLACEMENT_3D('',#5598,#5599,#5600);
#5598 = CARTESIAN_POINT('',(1.6,-7.2,2.39));
#5599 = DIRECTION('',(0.,1.,0.));
#5600 = DIRECTION('',(0.,0.,1.));
#5601 = ADVANCED_FACE('',(#5602),#5608,.F.);
#5602 = FACE_BOUND('',#5603,.T.);
#5603 = EDGE_LOOP('',(#5604,#5605,#5606,#5607));
#5604 = ORIENTED_EDGE('',*,*,#2944,.F.);
#5605 = ORIENTED_EDGE('',*,*,#2919,.F.);
#5606 = ORIENTED_EDGE('',*,*,#2993,.F.);
#5607 = ORIENTED_EDGE('',*,*,#2968,.F.);
#5608 = PLANE('',#5609);
#5609 = AXIS2_PLACEMENT_3D('',#5610,#5611,#5612);
#5610 = CARTESIAN_POINT('',(-1.4,-4.2,4.39));
#5611 = DIRECTION('',(1.,0.,0.));
#5612 = DIRECTION('',(0.,1.,0.));
#5613 = ADVANCED_FACE('',(#5614),#5620,.F.);
#5614 = FACE_BOUND('',#5615,.T.);
#5615 = EDGE_LOOP('',(#5616,#5617,#5618,#5619));
#5616 = ORIENTED_EDGE('',*,*,#3042,.F.);
#5617 = ORIENTED_EDGE('',*,*,#3017,.F.);
#5618 = ORIENTED_EDGE('',*,*,#3091,.F.);
#5619 = ORIENTED_EDGE('',*,*,#3066,.F.);
#5620 = PLANE('',#5621);
#5621 = AXIS2_PLACEMENT_3D('',#5622,#5623,#5624);
#5622 = CARTESIAN_POINT('',(-1.4,-4.2,8.39));
#5623 = DIRECTION('',(1.,0.,0.));
#5624 = DIRECTION('',(0.,1.,0.));
#5625 = ADVANCED_FACE('',(#5626),#5661,.F.);
#5626 = FACE_BOUND('',#5627,.T.);
#5627 = EDGE_LOOP('',(#5628,#5638,#5644,#5645,#5646,#5655));
#5628 = ORIENTED_EDGE('',*,*,#5629,.F.);
#5629 = EDGE_CURVE('',#5630,#5632,#5634,.T.);
#5630 = VERTEX_POINT('',#5631);
#5631 = CARTESIAN_POINT('',(14.6,-5.411488818112,3.19));
#5632 = VERTEX_POINT('',#5633);
#5633 = CARTESIAN_POINT('',(14.6,-5.734595527245,3.19));
#5634 = LINE('',#5635,#5636);
#5635 = CARTESIAN_POINT('',(14.6,3.45,3.19));
#5636 = VECTOR('',#5637,1.);
#5637 = DIRECTION('',(0.,-1.,0.));
#5638 = ORIENTED_EDGE('',*,*,#5639,.F.);
#5639 = EDGE_CURVE('',#3107,#5630,#5640,.T.);
#5640 = LINE('',#5641,#5642);
#5641 = CARTESIAN_POINT('',(14.785683917775,-5.48575708656,3.19));
#5642 = VECTOR('',#5643,1.);
#5643 = DIRECTION('',(-0.928485826881,0.37136783555,0.));
#5644 = ORIENTED_EDGE('',*,*,#3106,.F.);
#5645 = ORIENTED_EDGE('',*,*,#3633,.F.);
#5646 = ORIENTED_EDGE('',*,*,#5647,.T.);
#5647 = EDGE_CURVE('',#3634,#5648,#5650,.T.);
#5648 = VERTEX_POINT('',#5649);
#5649 = CARTESIAN_POINT('',(14.67427356711,-5.764302834624,3.19));
#5650 = CIRCLE('',#5651,0.2);
#5651 = AXIS2_PLACEMENT_3D('',#5652,#5653,#5654);
#5652 = CARTESIAN_POINT('',(14.6,-5.95,3.19));
#5653 = DIRECTION('',(0.,-0.,1.));
#5654 = DIRECTION('',(0.,1.,0.));
#5655 = ORIENTED_EDGE('',*,*,#5656,.F.);
#5656 = EDGE_CURVE('',#5632,#5648,#5657,.T.);
#5657 = LINE('',#5658,#5659);
#5658 = CARTESIAN_POINT('',(10.960330259586,-4.278831492423,3.19));
#5659 = VECTOR('',#5660,1.);
#5660 = DIRECTION('',(0.928485826881,-0.37136783555,0.));
#5661 = PLANE('',#5662);
#5662 = AXIS2_PLACEMENT_3D('',#5663,#5664,#5665);
#5663 = CARTESIAN_POINT('',(14.6,-5.95,3.19));
#5664 = DIRECTION('',(0.,0.,1.));
#5665 = DIRECTION('',(1.,0.,0.));
#5666 = ADVANCED_FACE('',(#5667),#5701,.F.);
#5667 = FACE_BOUND('',#5668,.T.);
#5668 = EDGE_LOOP('',(#5669,#5679,#5685,#5686,#5687,#5695));
#5669 = ORIENTED_EDGE('',*,*,#5670,.F.);
#5670 = EDGE_CURVE('',#5671,#5673,#5675,.T.);
#5671 = VERTEX_POINT('',#5672);
#5672 = CARTESIAN_POINT('',(14.6,-5.411488818112,6.39));
#5673 = VERTEX_POINT('',#5674);
#5674 = CARTESIAN_POINT('',(11.535983523692,-4.185969662134,
    5.738723192896));
#5675 = LINE('',#5676,#5677);
#5676 = CARTESIAN_POINT('',(14.778722791235,-5.482972834586,
    6.427988701997));
#5677 = VECTOR('',#5678,1.);
#5678 = DIRECTION('',(-0.91091552212,0.364340215031,-0.193621071354));
#5679 = ORIENTED_EDGE('',*,*,#5680,.F.);
#5680 = EDGE_CURVE('',#3116,#5671,#5681,.T.);
#5681 = LINE('',#5682,#5683);
#5682 = CARTESIAN_POINT('',(14.785683917775,-5.48575708656,6.39));
#5683 = VECTOR('',#5684,1.);
#5684 = DIRECTION('',(-0.928485826881,0.37136783555,0.));
#5685 = ORIENTED_EDGE('',*,*,#3115,.T.);
#5686 = ORIENTED_EDGE('',*,*,#5639,.T.);
#5687 = ORIENTED_EDGE('',*,*,#5688,.F.);
#5688 = EDGE_CURVE('',#5689,#5630,#5691,.T.);
#5689 = VERTEX_POINT('',#5690);
#5690 = CARTESIAN_POINT('',(11.535983523692,-4.185969662134,
    3.841276807104));
#5691 = LINE('',#5692,#5693);
#5692 = CARTESIAN_POINT('',(14.214330985457,-5.257232217717,
    3.271976479674));
#5693 = VECTOR('',#5694,1.);
#5694 = DIRECTION('',(0.91091552212,-0.364340215031,-0.193621071354));
#5695 = ORIENTED_EDGE('',*,*,#5696,.F.);
#5696 = EDGE_CURVE('',#5673,#5689,#5697,.T.);
#5697 = LINE('',#5698,#5699);
#5698 = CARTESIAN_POINT('',(11.535983523692,-4.185969662134,6.39));
#5699 = VECTOR('',#5700,1.);
#5700 = DIRECTION('',(0.,0.,-1.));
#5701 = PLANE('',#5702);
#5702 = AXIS2_PLACEMENT_3D('',#5703,#5704,#5705);
#5703 = CARTESIAN_POINT('',(14.785683917775,-5.48575708656,6.39));
#5704 = DIRECTION('',(-0.37136783555,-0.928485826881,0.));
#5705 = DIRECTION('',(0.928485826881,-0.37136783555,0.));
#5706 = ADVANCED_FACE('',(#5707),#5735,.T.);
#5707 = FACE_BOUND('',#5708,.T.);
#5708 = EDGE_LOOP('',(#5709,#5710,#5718,#5726,#5733,#5734));
#5709 = ORIENTED_EDGE('',*,*,#5680,.T.);
#5710 = ORIENTED_EDGE('',*,*,#5711,.T.);
#5711 = EDGE_CURVE('',#5671,#5712,#5714,.T.);
#5712 = VERTEX_POINT('',#5713);
#5713 = CARTESIAN_POINT('',(14.6,-5.734595527245,6.39));
#5714 = LINE('',#5715,#5716);
#5715 = CARTESIAN_POINT('',(14.6,3.45,6.39));
#5716 = VECTOR('',#5717,1.);
#5717 = DIRECTION('',(0.,-1.,0.));
#5718 = ORIENTED_EDGE('',*,*,#5719,.T.);
#5719 = EDGE_CURVE('',#5712,#5720,#5722,.T.);
#5720 = VERTEX_POINT('',#5721);
#5721 = CARTESIAN_POINT('',(14.67427356711,-5.764302834624,6.39));
#5722 = LINE('',#5723,#5724);
#5723 = CARTESIAN_POINT('',(10.960330259586,-4.278831492423,6.39));
#5724 = VECTOR('',#5725,1.);
#5725 = DIRECTION('',(0.928485826881,-0.37136783555,0.));
#5726 = ORIENTED_EDGE('',*,*,#5727,.F.);
#5727 = EDGE_CURVE('',#3157,#5720,#5728,.T.);
#5728 = CIRCLE('',#5729,0.2);
#5729 = AXIS2_PLACEMENT_3D('',#5730,#5731,#5732);
#5730 = CARTESIAN_POINT('',(14.6,-5.95,6.39));
#5731 = DIRECTION('',(0.,-0.,1.));
#5732 = DIRECTION('',(0.,1.,0.));
#5733 = ORIENTED_EDGE('',*,*,#3165,.T.);
#5734 = ORIENTED_EDGE('',*,*,#3123,.T.);
#5735 = PLANE('',#5736);
#5736 = AXIS2_PLACEMENT_3D('',#5737,#5738,#5739);
#5737 = CARTESIAN_POINT('',(14.6,-5.95,6.39));
#5738 = DIRECTION('',(0.,0.,1.));
#5739 = DIRECTION('',(1.,0.,0.));
#5740 = ADVANCED_FACE('',(#5741),#5806,.F.);
#5741 = FACE_BOUND('',#5742,.F.);
#5742 = EDGE_LOOP('',(#5743,#5751,#5752,#5753,#5754,#5755,#5756,#5757,
    #5758,#5759,#5760,#5768,#5776,#5784,#5792,#5800));
#5743 = ORIENTED_EDGE('',*,*,#5744,.T.);
#5744 = EDGE_CURVE('',#5745,#3148,#5747,.T.);
#5745 = VERTEX_POINT('',#5746);
#5746 = CARTESIAN_POINT('',(14.8,-5.475,6.64));
#5747 = LINE('',#5748,#5749);
#5748 = CARTESIAN_POINT('',(14.8,-5.475,6.64));
#5749 = VECTOR('',#5750,1.);
#5750 = DIRECTION('',(0.,-1.,0.));
#5751 = ORIENTED_EDGE('',*,*,#3147,.F.);
#5752 = ORIENTED_EDGE('',*,*,#3182,.F.);
#5753 = ORIENTED_EDGE('',*,*,#3206,.F.);
#5754 = ORIENTED_EDGE('',*,*,#3230,.F.);
#5755 = ORIENTED_EDGE('',*,*,#3254,.F.);
#5756 = ORIENTED_EDGE('',*,*,#3278,.F.);
#5757 = ORIENTED_EDGE('',*,*,#3302,.F.);
#5758 = ORIENTED_EDGE('',*,*,#3326,.F.);
#5759 = ORIENTED_EDGE('',*,*,#3365,.F.);
#5760 = ORIENTED_EDGE('',*,*,#5761,.T.);
#5761 = EDGE_CURVE('',#3357,#5762,#5764,.T.);
#5762 = VERTEX_POINT('',#5763);
#5763 = CARTESIAN_POINT('',(14.8,2.975,6.64));
#5764 = LINE('',#5765,#5766);
#5765 = CARTESIAN_POINT('',(14.8,3.7,6.64));
#5766 = VECTOR('',#5767,1.);
#5767 = DIRECTION('',(0.,-1.,0.));
#5768 = ORIENTED_EDGE('',*,*,#5769,.T.);
#5769 = EDGE_CURVE('',#5762,#5770,#5772,.T.);
#5770 = VERTEX_POINT('',#5771);
#5771 = CARTESIAN_POINT('',(14.8,2.975,7.93));
#5772 = LINE('',#5773,#5774);
#5773 = CARTESIAN_POINT('',(14.8,2.975,6.64));
#5774 = VECTOR('',#5775,1.);
#5775 = DIRECTION('',(0.,0.,1.));
#5776 = ORIENTED_EDGE('',*,*,#5777,.T.);
#5777 = EDGE_CURVE('',#5770,#5778,#5780,.T.);
#5778 = VERTEX_POINT('',#5779);
#5779 = CARTESIAN_POINT('',(14.8,1.475,9.43));
#5780 = LINE('',#5781,#5782);
#5781 = CARTESIAN_POINT('',(14.8,2.975,7.93));
#5782 = VECTOR('',#5783,1.);
#5783 = DIRECTION('',(0.,-0.707106781187,0.707106781187));
#5784 = ORIENTED_EDGE('',*,*,#5785,.T.);
#5785 = EDGE_CURVE('',#5778,#5786,#5788,.T.);
#5786 = VERTEX_POINT('',#5787);
#5787 = CARTESIAN_POINT('',(14.8,-3.975,9.43));
#5788 = LINE('',#5789,#5790);
#5789 = CARTESIAN_POINT('',(14.8,1.475,9.43));
#5790 = VECTOR('',#5791,1.);
#5791 = DIRECTION('',(0.,-1.,0.));
#5792 = ORIENTED_EDGE('',*,*,#5793,.T.);
#5793 = EDGE_CURVE('',#5786,#5794,#5796,.T.);
#5794 = VERTEX_POINT('',#5795);
#5795 = CARTESIAN_POINT('',(14.8,-5.475,7.93));
#5796 = LINE('',#5797,#5798);
#5797 = CARTESIAN_POINT('',(14.8,-3.975,9.43));
#5798 = VECTOR('',#5799,1.);
#5799 = DIRECTION('',(0.,-0.707106781187,-0.707106781187));
#5800 = ORIENTED_EDGE('',*,*,#5801,.T.);
#5801 = EDGE_CURVE('',#5794,#5745,#5802,.T.);
#5802 = LINE('',#5803,#5804);
#5803 = CARTESIAN_POINT('',(14.8,-5.475,7.93));
#5804 = VECTOR('',#5805,1.);
#5805 = DIRECTION('',(0.,0.,-1.));
#5806 = PLANE('',#5807);
#5807 = AXIS2_PLACEMENT_3D('',#5808,#5809,#5810);
#5808 = CARTESIAN_POINT('',(14.8,-6.9,10.39));
#5809 = DIRECTION('',(-1.,0.,0.));
#5810 = DIRECTION('',(0.,-1.,0.));
#5811 = ADVANCED_FACE('',(#5812),#5846,.F.);
#5812 = FACE_BOUND('',#5813,.F.);
#5813 = EDGE_LOOP('',(#5814,#5815,#5823,#5831,#5837,#5838,#5839,#5840));
#5814 = ORIENTED_EDGE('',*,*,#3156,.F.);
#5815 = ORIENTED_EDGE('',*,*,#5816,.T.);
#5816 = EDGE_CURVE('',#3148,#5817,#5819,.T.);
#5817 = VERTEX_POINT('',#5818);
#5818 = CARTESIAN_POINT('',(14.8,-6.2,6.64));
#5819 = LINE('',#5820,#5821);
#5820 = CARTESIAN_POINT('',(14.8,-5.475,6.64));
#5821 = VECTOR('',#5822,1.);
#5822 = DIRECTION('',(0.,-1.,0.));
#5823 = ORIENTED_EDGE('',*,*,#5824,.T.);
#5824 = EDGE_CURVE('',#5817,#5825,#5827,.T.);
#5825 = VERTEX_POINT('',#5826);
#5826 = CARTESIAN_POINT('',(14.8,-6.2,2.64));
#5827 = LINE('',#5828,#5829);
#5828 = CARTESIAN_POINT('',(14.8,-6.2,6.64));
#5829 = VECTOR('',#5830,1.);
#5830 = DIRECTION('',(0.,0.,-1.));
#5831 = ORIENTED_EDGE('',*,*,#5832,.T.);
#5832 = EDGE_CURVE('',#5825,#3580,#5833,.T.);
#5833 = LINE('',#5834,#5835);
#5834 = CARTESIAN_POINT('',(14.8,-6.2,2.64));
#5835 = VECTOR('',#5836,1.);
#5836 = DIRECTION('',(0.,1.,0.));
#5837 = ORIENTED_EDGE('',*,*,#3587,.F.);
#5838 = ORIENTED_EDGE('',*,*,#3611,.F.);
#5839 = ORIENTED_EDGE('',*,*,#3641,.F.);
#5840 = ORIENTED_EDGE('',*,*,#5841,.F.);
#5841 = EDGE_CURVE('',#3157,#3634,#5842,.T.);
#5842 = LINE('',#5843,#5844);
#5843 = CARTESIAN_POINT('',(14.8,-5.95,6.39));
#5844 = VECTOR('',#5845,1.);
#5845 = DIRECTION('',(0.,0.,-1.));
#5846 = PLANE('',#5847);
#5847 = AXIS2_PLACEMENT_3D('',#5848,#5849,#5850);
#5848 = CARTESIAN_POINT('',(14.8,-1.25,9.E-02));
#5849 = DIRECTION('',(1.,0.,0.));
#5850 = DIRECTION('',(0.,1.,0.));
#5851 = ADVANCED_FACE('',(#5852),#5887,.T.);
#5852 = FACE_BOUND('',#5853,.T.);
#5853 = EDGE_LOOP('',(#5854,#5864,#5872,#5878,#5879,#5880));
#5854 = ORIENTED_EDGE('',*,*,#5855,.T.);
#5855 = EDGE_CURVE('',#5856,#5858,#5860,.T.);
#5856 = VERTEX_POINT('',#5857);
#5857 = CARTESIAN_POINT('',(14.67427356711,3.264302834624,6.39));
#5858 = VERTEX_POINT('',#5859);
#5859 = CARTESIAN_POINT('',(14.6,3.234595527245,6.39));
#5860 = LINE('',#5861,#5862);
#5861 = CARTESIAN_POINT('',(14.67427356711,3.264302834624,6.39));
#5862 = VECTOR('',#5863,1.);
#5863 = DIRECTION('',(-0.928485826881,-0.37136783555,0.));
#5864 = ORIENTED_EDGE('',*,*,#5865,.T.);
#5865 = EDGE_CURVE('',#5858,#5866,#5868,.T.);
#5866 = VERTEX_POINT('',#5867);
#5867 = CARTESIAN_POINT('',(14.6,2.911488818112,6.39));
#5868 = LINE('',#5869,#5870);
#5869 = CARTESIAN_POINT('',(14.6,3.45,6.39));
#5870 = VECTOR('',#5871,1.);
#5871 = DIRECTION('',(0.,-1.,0.));
#5872 = ORIENTED_EDGE('',*,*,#5873,.T.);
#5873 = EDGE_CURVE('',#5866,#3393,#5874,.T.);
#5874 = LINE('',#5875,#5876);
#5875 = CARTESIAN_POINT('',(11.535983523692,1.685969662134,6.39));
#5876 = VECTOR('',#5877,1.);
#5877 = DIRECTION('',(0.928485826881,0.37136783555,0.));
#5878 = ORIENTED_EDGE('',*,*,#3392,.T.);
#5879 = ORIENTED_EDGE('',*,*,#3348,.F.);
#5880 = ORIENTED_EDGE('',*,*,#5881,.F.);
#5881 = EDGE_CURVE('',#5856,#3349,#5882,.T.);
#5882 = CIRCLE('',#5883,0.2);
#5883 = AXIS2_PLACEMENT_3D('',#5884,#5885,#5886);
#5884 = CARTESIAN_POINT('',(14.6,3.45,6.39));
#5885 = DIRECTION('',(0.,-0.,1.));
#5886 = DIRECTION('',(0.,1.,0.));
#5887 = PLANE('',#5888);
#5888 = AXIS2_PLACEMENT_3D('',#5889,#5890,#5891);
#5889 = CARTESIAN_POINT('',(14.6,3.45,6.39));
#5890 = DIRECTION('',(0.,0.,1.));
#5891 = DIRECTION('',(1.,0.,0.));
#5892 = ADVANCED_FACE('',(#5893),#5927,.F.);
#5893 = FACE_BOUND('',#5894,.F.);
#5894 = EDGE_LOOP('',(#5895,#5903,#5904,#5910,#5911,#5912,#5913,#5921));
#5895 = ORIENTED_EDGE('',*,*,#5896,.T.);
#5896 = EDGE_CURVE('',#5897,#3357,#5899,.T.);
#5897 = VERTEX_POINT('',#5898);
#5898 = CARTESIAN_POINT('',(14.8,3.7,6.64));
#5899 = LINE('',#5900,#5901);
#5900 = CARTESIAN_POINT('',(14.8,3.7,6.64));
#5901 = VECTOR('',#5902,1.);
#5902 = DIRECTION('',(0.,-1.,0.));
#5903 = ORIENTED_EDGE('',*,*,#3356,.F.);
#5904 = ORIENTED_EDGE('',*,*,#5905,.F.);
#5905 = EDGE_CURVE('',#3424,#3349,#5906,.T.);
#5906 = LINE('',#5907,#5908);
#5907 = CARTESIAN_POINT('',(14.8,3.45,3.19));
#5908 = VECTOR('',#5909,1.);
#5909 = DIRECTION('',(0.,0.,1.));
#5910 = ORIENTED_EDGE('',*,*,#3423,.F.);
#5911 = ORIENTED_EDGE('',*,*,#3449,.F.);
#5912 = ORIENTED_EDGE('',*,*,#3473,.F.);
#5913 = ORIENTED_EDGE('',*,*,#5914,.T.);
#5914 = EDGE_CURVE('',#3474,#5915,#5917,.T.);
#5915 = VERTEX_POINT('',#5916);
#5916 = CARTESIAN_POINT('',(14.8,3.7,2.64));
#5917 = LINE('',#5918,#5919);
#5918 = CARTESIAN_POINT('',(14.8,2.975,2.64));
#5919 = VECTOR('',#5920,1.);
#5920 = DIRECTION('',(0.,1.,0.));
#5921 = ORIENTED_EDGE('',*,*,#5922,.T.);
#5922 = EDGE_CURVE('',#5915,#5897,#5923,.T.);
#5923 = LINE('',#5924,#5925);
#5924 = CARTESIAN_POINT('',(14.8,3.7,2.64));
#5925 = VECTOR('',#5926,1.);
#5926 = DIRECTION('',(0.,0.,1.));
#5927 = PLANE('',#5928);
#5928 = AXIS2_PLACEMENT_3D('',#5929,#5930,#5931);
#5929 = CARTESIAN_POINT('',(14.8,-1.25,9.E-02));
#5930 = DIRECTION('',(1.,0.,0.));
#5931 = DIRECTION('',(0.,1.,0.));
#5932 = ADVANCED_FACE('',(#5933),#5968,.F.);
#5933 = FACE_BOUND('',#5934,.T.);
#5934 = EDGE_LOOP('',(#5935,#5945,#5953,#5960,#5961,#5962));
#5935 = ORIENTED_EDGE('',*,*,#5936,.F.);
#5936 = EDGE_CURVE('',#5937,#5939,#5941,.T.);
#5937 = VERTEX_POINT('',#5938);
#5938 = CARTESIAN_POINT('',(14.6,3.234595527245,3.19));
#5939 = VERTEX_POINT('',#5940);
#5940 = CARTESIAN_POINT('',(14.6,2.911488818112,3.19));
#5941 = LINE('',#5942,#5943);
#5942 = CARTESIAN_POINT('',(14.6,3.45,3.19));
#5943 = VECTOR('',#5944,1.);
#5944 = DIRECTION('',(0.,-1.,0.));
#5945 = ORIENTED_EDGE('',*,*,#5946,.F.);
#5946 = EDGE_CURVE('',#5947,#5937,#5949,.T.);
#5947 = VERTEX_POINT('',#5948);
#5948 = CARTESIAN_POINT('',(14.67427356711,3.264302834624,3.19));
#5949 = LINE('',#5950,#5951);
#5950 = CARTESIAN_POINT('',(14.67427356711,3.264302834624,3.19));
#5951 = VECTOR('',#5952,1.);
#5952 = DIRECTION('',(-0.928485826881,-0.37136783555,0.));
#5953 = ORIENTED_EDGE('',*,*,#5954,.T.);
#5954 = EDGE_CURVE('',#5947,#3424,#5955,.T.);
#5955 = CIRCLE('',#5956,0.2);
#5956 = AXIS2_PLACEMENT_3D('',#5957,#5958,#5959);
#5957 = CARTESIAN_POINT('',(14.6,3.45,3.19));
#5958 = DIRECTION('',(0.,-0.,1.));
#5959 = DIRECTION('',(0.,1.,0.));
#5960 = ORIENTED_EDGE('',*,*,#3432,.T.);
#5961 = ORIENTED_EDGE('',*,*,#3382,.F.);
#5962 = ORIENTED_EDGE('',*,*,#5963,.F.);
#5963 = EDGE_CURVE('',#5939,#3383,#5964,.T.);
#5964 = LINE('',#5965,#5966);
#5965 = CARTESIAN_POINT('',(11.535983523692,1.685969662134,3.19));
#5966 = VECTOR('',#5967,1.);
#5967 = DIRECTION('',(0.928485826881,0.37136783555,0.));
#5968 = PLANE('',#5969);
#5969 = AXIS2_PLACEMENT_3D('',#5970,#5971,#5972);
#5970 = CARTESIAN_POINT('',(14.6,3.45,3.19));
#5971 = DIRECTION('',(0.,0.,1.));
#5972 = DIRECTION('',(1.,0.,0.));
#5973 = ADVANCED_FACE('',(#5974),#6001,.F.);
#5974 = FACE_BOUND('',#5975,.T.);
#5975 = EDGE_LOOP('',(#5976,#5984,#5992,#5998,#5999,#6000));
#5976 = ORIENTED_EDGE('',*,*,#5977,.F.);
#5977 = EDGE_CURVE('',#5978,#5866,#5980,.T.);
#5978 = VERTEX_POINT('',#5979);
#5979 = CARTESIAN_POINT('',(11.535983523692,1.685969662134,
    5.738723192896));
#5980 = LINE('',#5981,#5982);
#5981 = CARTESIAN_POINT('',(11.650850802824,1.731913295942,
    5.763138986796));
#5982 = VECTOR('',#5983,1.);
#5983 = DIRECTION('',(0.91091552212,0.364340215031,0.193621071354));
#5984 = ORIENTED_EDGE('',*,*,#5985,.T.);
#5985 = EDGE_CURVE('',#5978,#5986,#5988,.T.);
#5986 = VERTEX_POINT('',#5987);
#5987 = CARTESIAN_POINT('',(11.535983523692,1.685969662134,
    3.841276807104));
#5988 = LINE('',#5989,#5990);
#5989 = CARTESIAN_POINT('',(11.535983523692,1.685969662134,6.39));
#5990 = VECTOR('',#5991,1.);
#5991 = DIRECTION('',(0.,0.,-1.));
#5992 = ORIENTED_EDGE('',*,*,#5993,.F.);
#5993 = EDGE_CURVE('',#5939,#5986,#5994,.T.);
#5994 = LINE('',#5995,#5996);
#5995 = CARTESIAN_POINT('',(11.086458997046,1.506172679074,
    3.936826194875));
#5996 = VECTOR('',#5997,1.);
#5997 = DIRECTION('',(-0.91091552212,-0.364340215031,0.193621071354));
#5998 = ORIENTED_EDGE('',*,*,#5963,.T.);
#5999 = ORIENTED_EDGE('',*,*,#3401,.F.);
#6000 = ORIENTED_EDGE('',*,*,#5873,.F.);
#6001 = PLANE('',#6002);
#6002 = AXIS2_PLACEMENT_3D('',#6003,#6004,#6005);
#6003 = CARTESIAN_POINT('',(11.535983523692,1.685969662134,6.39));
#6004 = DIRECTION('',(-0.37136783555,0.928485826881,0.));
#6005 = DIRECTION('',(-0.928485826881,-0.37136783555,0.));
#6006 = ADVANCED_FACE('',(#6007),#6052,.F.);
#6007 = FACE_BOUND('',#6008,.F.);
#6008 = EDGE_LOOP('',(#6009,#6010,#6018,#6026,#6034,#6042,#6048,#6049,
    #6050,#6051));
#6009 = ORIENTED_EDGE('',*,*,#3579,.F.);
#6010 = ORIENTED_EDGE('',*,*,#6011,.T.);
#6011 = EDGE_CURVE('',#3580,#6012,#6014,.T.);
#6012 = VERTEX_POINT('',#6013);
#6013 = CARTESIAN_POINT('',(14.8,-5.475,2.64));
#6014 = LINE('',#6015,#6016);
#6015 = CARTESIAN_POINT('',(14.8,-6.2,2.64));
#6016 = VECTOR('',#6017,1.);
#6017 = DIRECTION('',(0.,1.,0.));
#6018 = ORIENTED_EDGE('',*,*,#6019,.T.);
#6019 = EDGE_CURVE('',#6012,#6020,#6022,.T.);
#6020 = VERTEX_POINT('',#6021);
#6021 = CARTESIAN_POINT('',(14.8,-5.475,1.65));
#6022 = LINE('',#6023,#6024);
#6023 = CARTESIAN_POINT('',(14.8,-5.475,2.64));
#6024 = VECTOR('',#6025,1.);
#6025 = DIRECTION('',(0.,0.,-1.));
#6026 = ORIENTED_EDGE('',*,*,#6027,.T.);
#6027 = EDGE_CURVE('',#6020,#6028,#6030,.T.);
#6028 = VERTEX_POINT('',#6029);
#6029 = CARTESIAN_POINT('',(14.8,2.975,1.65));
#6030 = LINE('',#6031,#6032);
#6031 = CARTESIAN_POINT('',(14.8,-5.475,1.65));
#6032 = VECTOR('',#6033,1.);
#6033 = DIRECTION('',(0.,1.,0.));
#6034 = ORIENTED_EDGE('',*,*,#6035,.T.);
#6035 = EDGE_CURVE('',#6028,#6036,#6038,.T.);
#6036 = VERTEX_POINT('',#6037);
#6037 = CARTESIAN_POINT('',(14.8,2.975,2.64));
#6038 = LINE('',#6039,#6040);
#6039 = CARTESIAN_POINT('',(14.8,2.975,1.65));
#6040 = VECTOR('',#6041,1.);
#6041 = DIRECTION('',(0.,1.75E-15,1.));
#6042 = ORIENTED_EDGE('',*,*,#6043,.T.);
#6043 = EDGE_CURVE('',#6036,#3474,#6044,.T.);
#6044 = LINE('',#6045,#6046);
#6045 = CARTESIAN_POINT('',(14.8,2.975,2.64));
#6046 = VECTOR('',#6047,1.);
#6047 = DIRECTION('',(0.,1.,0.));
#6048 = ORIENTED_EDGE('',*,*,#3481,.F.);
#6049 = ORIENTED_EDGE('',*,*,#3511,.F.);
#6050 = ORIENTED_EDGE('',*,*,#3530,.F.);
#6051 = ORIENTED_EDGE('',*,*,#3560,.F.);
#6052 = PLANE('',#6053);
#6053 = AXIS2_PLACEMENT_3D('',#6054,#6055,#6056);
#6054 = CARTESIAN_POINT('',(14.8,-6.9,10.39));
#6055 = DIRECTION('',(-1.,0.,0.));
#6056 = DIRECTION('',(0.,-1.,0.));
#6057 = ADVANCED_FACE('',(#6058),#6069,.T.);
#6058 = FACE_BOUND('',#6059,.T.);
#6059 = EDGE_LOOP('',(#6060,#6061,#6062,#6068));
#6060 = ORIENTED_EDGE('',*,*,#3669,.T.);
#6061 = ORIENTED_EDGE('',*,*,#4474,.F.);
#6062 = ORIENTED_EDGE('',*,*,#6063,.F.);
#6063 = EDGE_CURVE('',#4548,#4467,#6064,.T.);
#6064 = LINE('',#6065,#6066);
#6065 = CARTESIAN_POINT('',(14.69,-6.7,0.49));
#6066 = VECTOR('',#6067,1.);
#6067 = DIRECTION('',(0.,0.,-1.));
#6068 = ORIENTED_EDGE('',*,*,#4547,.F.);
#6069 = PLANE('',#6070);
#6070 = AXIS2_PLACEMENT_3D('',#6071,#6072,#6073);
#6071 = CARTESIAN_POINT('',(14.69,-6.7,0.49));
#6072 = DIRECTION('',(-8.55E-15,-1.,0.));
#6073 = DIRECTION('',(1.,-8.55E-15,0.));
#6074 = ADVANCED_FACE('',(#6075),#6081,.T.);
#6075 = FACE_BOUND('',#6076,.T.);
#6076 = EDGE_LOOP('',(#6077,#6078,#6079,#6080));
#6077 = ORIENTED_EDGE('',*,*,#4036,.F.);
#6078 = ORIENTED_EDGE('',*,*,#3742,.F.);
#6079 = ORIENTED_EDGE('',*,*,#3781,.F.);
#6080 = ORIENTED_EDGE('',*,*,#3805,.F.);
#6081 = PLANE('',#6082);
#6082 = AXIS2_PLACEMENT_3D('',#6083,#6084,#6085);
#6083 = CARTESIAN_POINT('',(7.,-1.25,2.49));
#6084 = DIRECTION('',(0.,0.,-1.));
#6085 = DIRECTION('',(-1.,0.,0.));
#6086 = ADVANCED_FACE('',(#6087),#6093,.T.);
#6087 = FACE_BOUND('',#6088,.T.);
#6088 = EDGE_LOOP('',(#6089,#6090,#6091,#6092));
#6089 = ORIENTED_EDGE('',*,*,#4047,.F.);
#6090 = ORIENTED_EDGE('',*,*,#3837,.F.);
#6091 = ORIENTED_EDGE('',*,*,#3876,.F.);
#6092 = ORIENTED_EDGE('',*,*,#3900,.F.);
#6093 = PLANE('',#6094);
#6094 = AXIS2_PLACEMENT_3D('',#6095,#6096,#6097);
#6095 = CARTESIAN_POINT('',(7.,-1.25,7.44));
#6096 = DIRECTION('',(0.,0.,-1.));
#6097 = DIRECTION('',(-1.,0.,0.));
#6098 = ADVANCED_FACE('',(#6099),#6105,.F.);
#6099 = FACE_BOUND('',#6100,.T.);
#6100 = EDGE_LOOP('',(#6101,#6102,#6103,#6104));
#6101 = ORIENTED_EDGE('',*,*,#4071,.T.);
#6102 = ORIENTED_EDGE('',*,*,#4103,.F.);
#6103 = ORIENTED_EDGE('',*,*,#4326,.F.);
#6104 = ORIENTED_EDGE('',*,*,#4118,.T.);
#6105 = PLANE('',#6106);
#6106 = AXIS2_PLACEMENT_3D('',#6107,#6108,#6109);
#6107 = CARTESIAN_POINT('',(-0.7,-0.65,0.59));
#6108 = DIRECTION('',(1.,0.,0.));
#6109 = DIRECTION('',(0.,1.,0.));
#6110 = ADVANCED_FACE('',(#6111),#6136,.T.);
#6111 = FACE_BOUND('',#6112,.T.);
#6112 = EDGE_LOOP('',(#6113,#6121,#6122,#6130));
#6113 = ORIENTED_EDGE('',*,*,#6114,.F.);
#6114 = EDGE_CURVE('',#4142,#6115,#6117,.T.);
#6115 = VERTEX_POINT('',#6116);
#6116 = CARTESIAN_POINT('',(14.,-3.65,0.34));
#6117 = LINE('',#6118,#6119);
#6118 = CARTESIAN_POINT('',(14.,-3.65,0.34));
#6119 = VECTOR('',#6120,1.);
#6120 = DIRECTION('',(-0.866025403784,-7.5E-16,-0.5));
#6121 = ORIENTED_EDGE('',*,*,#4141,.T.);
#6122 = ORIENTED_EDGE('',*,*,#6123,.T.);
#6123 = EDGE_CURVE('',#4144,#6124,#6126,.T.);
#6124 = VERTEX_POINT('',#6125);
#6125 = CARTESIAN_POINT('',(13.8,-3.65,0.34));
#6126 = LINE('',#6127,#6128);
#6127 = CARTESIAN_POINT('',(13.8,-3.65,0.59));
#6128 = VECTOR('',#6129,1.);
#6129 = DIRECTION('',(0.,0.,-1.));
#6130 = ORIENTED_EDGE('',*,*,#6131,.F.);
#6131 = EDGE_CURVE('',#6115,#6124,#6132,.T.);
#6132 = LINE('',#6133,#6134);
#6133 = CARTESIAN_POINT('',(13.8,-3.65,0.34));
#6134 = VECTOR('',#6135,1.);
#6135 = DIRECTION('',(-1.,-8.7E-16,0.));
#6136 = PLANE('',#6137);
#6137 = AXIS2_PLACEMENT_3D('',#6138,#6139,#6140);
#6138 = CARTESIAN_POINT('',(14.8,-3.65,0.59));
#6139 = DIRECTION('',(8.7E-16,-1.,0.));
#6140 = DIRECTION('',(1.,8.7E-16,0.));
#6141 = ADVANCED_FACE('',(#6142),#6160,.T.);
#6142 = FACE_BOUND('',#6143,.T.);
#6143 = EDGE_LOOP('',(#6144,#6145,#6146,#6154));
#6144 = ORIENTED_EDGE('',*,*,#4151,.T.);
#6145 = ORIENTED_EDGE('',*,*,#6114,.T.);
#6146 = ORIENTED_EDGE('',*,*,#6147,.F.);
#6147 = EDGE_CURVE('',#6148,#6115,#6150,.T.);
#6148 = VERTEX_POINT('',#6149);
#6149 = CARTESIAN_POINT('',(14.,-2.65,0.34));
#6150 = LINE('',#6151,#6152);
#6151 = CARTESIAN_POINT('',(14.,4.4,0.34));
#6152 = VECTOR('',#6153,1.);
#6153 = DIRECTION('',(0.,-1.,0.));
#6154 = ORIENTED_EDGE('',*,*,#6155,.T.);
#6155 = EDGE_CURVE('',#6148,#4152,#6156,.T.);
#6156 = LINE('',#6157,#6158);
#6157 = CARTESIAN_POINT('',(14.,-2.65,0.34));
#6158 = VECTOR('',#6159,1.);
#6159 = DIRECTION('',(0.866025403784,0.,0.5));
#6160 = PLANE('',#6161);
#6161 = AXIS2_PLACEMENT_3D('',#6162,#6163,#6164);
#6162 = CARTESIAN_POINT('',(14.,4.4,0.34));
#6163 = DIRECTION('',(0.5,0.,-0.866025403784));
#6164 = DIRECTION('',(-0.866025403784,0.,-0.5));
#6165 = ADVANCED_FACE('',(#6166),#6184,.T.);
#6166 = FACE_BOUND('',#6167,.T.);
#6167 = EDGE_LOOP('',(#6168,#6176,#6177,#6178));
#6168 = ORIENTED_EDGE('',*,*,#6169,.F.);
#6169 = EDGE_CURVE('',#4160,#6170,#6172,.T.);
#6170 = VERTEX_POINT('',#6171);
#6171 = CARTESIAN_POINT('',(13.8,-2.65,0.34));
#6172 = LINE('',#6173,#6174);
#6173 = CARTESIAN_POINT('',(13.8,-2.65,0.59));
#6174 = VECTOR('',#6175,1.);
#6175 = DIRECTION('',(0.,0.,-1.));
#6176 = ORIENTED_EDGE('',*,*,#4159,.T.);
#6177 = ORIENTED_EDGE('',*,*,#6155,.F.);
#6178 = ORIENTED_EDGE('',*,*,#6179,.F.);
#6179 = EDGE_CURVE('',#6170,#6148,#6180,.T.);
#6180 = LINE('',#6181,#6182);
#6181 = CARTESIAN_POINT('',(13.8,-2.65,0.34));
#6182 = VECTOR('',#6183,1.);
#6183 = DIRECTION('',(1.,0.,0.));
#6184 = PLANE('',#6185);
#6185 = AXIS2_PLACEMENT_3D('',#6186,#6187,#6188);
#6186 = CARTESIAN_POINT('',(13.8,-2.65,0.59));
#6187 = DIRECTION('',(0.,1.,0.));
#6188 = DIRECTION('',(-1.,0.,0.));
#6189 = ADVANCED_FACE('',(#6190),#6201,.T.);
#6190 = FACE_BOUND('',#6191,.T.);
#6191 = EDGE_LOOP('',(#6192,#6193,#6194,#6195));
#6192 = ORIENTED_EDGE('',*,*,#6123,.F.);
#6193 = ORIENTED_EDGE('',*,*,#4167,.T.);
#6194 = ORIENTED_EDGE('',*,*,#6169,.T.);
#6195 = ORIENTED_EDGE('',*,*,#6196,.T.);
#6196 = EDGE_CURVE('',#6170,#6124,#6197,.T.);
#6197 = LINE('',#6198,#6199);
#6198 = CARTESIAN_POINT('',(13.8,4.4,0.34));
#6199 = VECTOR('',#6200,1.);
#6200 = DIRECTION('',(0.,-1.,0.));
#6201 = PLANE('',#6202);
#6202 = AXIS2_PLACEMENT_3D('',#6203,#6204,#6205);
#6203 = CARTESIAN_POINT('',(13.8,-3.65,0.59));
#6204 = DIRECTION('',(-1.,0.,0.));
#6205 = DIRECTION('',(0.,-1.,0.));
#6206 = ADVANCED_FACE('',(#6207),#6232,.T.);
#6207 = FACE_BOUND('',#6208,.T.);
#6208 = EDGE_LOOP('',(#6209,#6217,#6218,#6226));
#6209 = ORIENTED_EDGE('',*,*,#6210,.F.);
#6210 = EDGE_CURVE('',#4176,#6211,#6213,.T.);
#6211 = VERTEX_POINT('',#6212);
#6212 = CARTESIAN_POINT('',(14.,0.15,0.34));
#6213 = LINE('',#6214,#6215);
#6214 = CARTESIAN_POINT('',(14.,0.15,0.34));
#6215 = VECTOR('',#6216,1.);
#6216 = DIRECTION('',(-0.866025403784,0.,-0.5));
#6217 = ORIENTED_EDGE('',*,*,#4175,.T.);
#6218 = ORIENTED_EDGE('',*,*,#6219,.T.);
#6219 = EDGE_CURVE('',#4178,#6220,#6222,.T.);
#6220 = VERTEX_POINT('',#6221);
#6221 = CARTESIAN_POINT('',(13.8,0.15,0.34));
#6222 = LINE('',#6223,#6224);
#6223 = CARTESIAN_POINT('',(13.8,0.15,0.59));
#6224 = VECTOR('',#6225,1.);
#6225 = DIRECTION('',(0.,0.,-1.));
#6226 = ORIENTED_EDGE('',*,*,#6227,.F.);
#6227 = EDGE_CURVE('',#6211,#6220,#6228,.T.);
#6228 = LINE('',#6229,#6230);
#6229 = CARTESIAN_POINT('',(13.8,0.15,0.34));
#6230 = VECTOR('',#6231,1.);
#6231 = DIRECTION('',(-1.,0.,0.));
#6232 = PLANE('',#6233);
#6233 = AXIS2_PLACEMENT_3D('',#6234,#6235,#6236);
#6234 = CARTESIAN_POINT('',(14.8,0.15,0.59));
#6235 = DIRECTION('',(0.,-1.,0.));
#6236 = DIRECTION('',(1.,0.,0.));
#6237 = ADVANCED_FACE('',(#6238),#6256,.T.);
#6238 = FACE_BOUND('',#6239,.T.);
#6239 = EDGE_LOOP('',(#6240,#6241,#6242,#6250));
#6240 = ORIENTED_EDGE('',*,*,#4185,.T.);
#6241 = ORIENTED_EDGE('',*,*,#6210,.T.);
#6242 = ORIENTED_EDGE('',*,*,#6243,.F.);
#6243 = EDGE_CURVE('',#6244,#6211,#6246,.T.);
#6244 = VERTEX_POINT('',#6245);
#6245 = CARTESIAN_POINT('',(14.,1.15,0.34));
#6246 = LINE('',#6247,#6248);
#6247 = CARTESIAN_POINT('',(14.,4.4,0.34));
#6248 = VECTOR('',#6249,1.);
#6249 = DIRECTION('',(0.,-1.,0.));
#6250 = ORIENTED_EDGE('',*,*,#6251,.T.);
#6251 = EDGE_CURVE('',#6244,#4186,#6252,.T.);
#6252 = LINE('',#6253,#6254);
#6253 = CARTESIAN_POINT('',(14.,1.15,0.34));
#6254 = VECTOR('',#6255,1.);
#6255 = DIRECTION('',(0.866025403784,0.,0.5));
#6256 = PLANE('',#6257);
#6257 = AXIS2_PLACEMENT_3D('',#6258,#6259,#6260);
#6258 = CARTESIAN_POINT('',(14.,4.4,0.34));
#6259 = DIRECTION('',(0.5,0.,-0.866025403784));
#6260 = DIRECTION('',(-0.866025403784,0.,-0.5));
#6261 = ADVANCED_FACE('',(#6262),#6280,.T.);
#6262 = FACE_BOUND('',#6263,.T.);
#6263 = EDGE_LOOP('',(#6264,#6272,#6273,#6274));
#6264 = ORIENTED_EDGE('',*,*,#6265,.F.);
#6265 = EDGE_CURVE('',#4194,#6266,#6268,.T.);
#6266 = VERTEX_POINT('',#6267);
#6267 = CARTESIAN_POINT('',(13.8,1.15,0.34));
#6268 = LINE('',#6269,#6270);
#6269 = CARTESIAN_POINT('',(13.8,1.15,0.59));
#6270 = VECTOR('',#6271,1.);
#6271 = DIRECTION('',(0.,0.,-1.));
#6272 = ORIENTED_EDGE('',*,*,#4193,.T.);
#6273 = ORIENTED_EDGE('',*,*,#6251,.F.);
#6274 = ORIENTED_EDGE('',*,*,#6275,.F.);
#6275 = EDGE_CURVE('',#6266,#6244,#6276,.T.);
#6276 = LINE('',#6277,#6278);
#6277 = CARTESIAN_POINT('',(13.8,1.15,0.34));
#6278 = VECTOR('',#6279,1.);
#6279 = DIRECTION('',(1.,0.,0.));
#6280 = PLANE('',#6281);
#6281 = AXIS2_PLACEMENT_3D('',#6282,#6283,#6284);
#6282 = CARTESIAN_POINT('',(13.8,1.15,0.59));
#6283 = DIRECTION('',(0.,1.,0.));
#6284 = DIRECTION('',(-1.,0.,0.));
#6285 = ADVANCED_FACE('',(#6286),#6297,.T.);
#6286 = FACE_BOUND('',#6287,.T.);
#6287 = EDGE_LOOP('',(#6288,#6289,#6290,#6291));
#6288 = ORIENTED_EDGE('',*,*,#6219,.F.);
#6289 = ORIENTED_EDGE('',*,*,#4201,.T.);
#6290 = ORIENTED_EDGE('',*,*,#6265,.T.);
#6291 = ORIENTED_EDGE('',*,*,#6292,.T.);
#6292 = EDGE_CURVE('',#6266,#6220,#6293,.T.);
#6293 = LINE('',#6294,#6295);
#6294 = CARTESIAN_POINT('',(13.8,4.4,0.34));
#6295 = VECTOR('',#6296,1.);
#6296 = DIRECTION('',(0.,-1.,0.));
#6297 = PLANE('',#6298);
#6298 = AXIS2_PLACEMENT_3D('',#6299,#6300,#6301);
#6299 = CARTESIAN_POINT('',(13.8,0.15,0.59));
#6300 = DIRECTION('',(-1.,0.,0.));
#6301 = DIRECTION('',(0.,-1.,0.));
#6302 = ADVANCED_FACE('',(#6303),#6319,.T.);
#6303 = FACE_BOUND('',#6304,.T.);
#6304 = EDGE_LOOP('',(#6305,#6306,#6312,#6313));
#6305 = ORIENTED_EDGE('',*,*,#4220,.F.);
#6306 = ORIENTED_EDGE('',*,*,#6307,.F.);
#6307 = EDGE_CURVE('',#4843,#4221,#6308,.T.);
#6308 = LINE('',#6309,#6310);
#6309 = CARTESIAN_POINT('',(-0.566,-0.56,10.39));
#6310 = VECTOR('',#6311,1.);
#6311 = DIRECTION('',(0.,0.,-1.));
#6312 = ORIENTED_EDGE('',*,*,#4842,.T.);
#6313 = ORIENTED_EDGE('',*,*,#6314,.T.);
#6314 = EDGE_CURVE('',#4845,#4223,#6315,.T.);
#6315 = LINE('',#6316,#6317);
#6316 = CARTESIAN_POINT('',(2.6,-0.56,10.39));
#6317 = VECTOR('',#6318,1.);
#6318 = DIRECTION('',(0.,0.,-1.));
#6319 = PLANE('',#6320);
#6320 = AXIS2_PLACEMENT_3D('',#6321,#6322,#6323);
#6321 = CARTESIAN_POINT('',(-0.566,-0.56,10.39));
#6322 = DIRECTION('',(7.E-17,1.,0.));
#6323 = DIRECTION('',(-1.,7.E-17,0.));
#6324 = ADVANCED_FACE('',(#6325),#6341,.T.);
#6325 = FACE_BOUND('',#6326,.T.);
#6326 = EDGE_LOOP('',(#6327,#6328,#6334,#6335));
#6327 = ORIENTED_EDGE('',*,*,#4238,.F.);
#6328 = ORIENTED_EDGE('',*,*,#6329,.F.);
#6329 = EDGE_CURVE('',#4861,#4231,#6330,.T.);
#6330 = LINE('',#6331,#6332);
#6331 = CARTESIAN_POINT('',(2.6,0.56,10.39));
#6332 = VECTOR('',#6333,1.);
#6333 = DIRECTION('',(0.,0.,-1.));
#6334 = ORIENTED_EDGE('',*,*,#4860,.T.);
#6335 = ORIENTED_EDGE('',*,*,#6336,.T.);
#6336 = EDGE_CURVE('',#4853,#4239,#6337,.T.);
#6337 = LINE('',#6338,#6339);
#6338 = CARTESIAN_POINT('',(-0.566,0.56,10.39));
#6339 = VECTOR('',#6340,1.);
#6340 = DIRECTION('',(0.,0.,-1.));
#6341 = PLANE('',#6342);
#6342 = AXIS2_PLACEMENT_3D('',#6343,#6344,#6345);
#6343 = CARTESIAN_POINT('',(2.6,0.56,10.39));
#6344 = DIRECTION('',(-7.E-17,-1.,0.));
#6345 = DIRECTION('',(1.,-7.E-17,0.));
#6346 = ADVANCED_FACE('',(#6347),#6353,.T.);
#6347 = FACE_BOUND('',#6348,.T.);
#6348 = EDGE_LOOP('',(#6349,#6350,#6351,#6352));
#6349 = ORIENTED_EDGE('',*,*,#4246,.F.);
#6350 = ORIENTED_EDGE('',*,*,#6336,.F.);
#6351 = ORIENTED_EDGE('',*,*,#4852,.T.);
#6352 = ORIENTED_EDGE('',*,*,#6307,.T.);
#6353 = PLANE('',#6354);
#6354 = AXIS2_PLACEMENT_3D('',#6355,#6356,#6357);
#6355 = CARTESIAN_POINT('',(-0.566,0.56,10.39));
#6356 = DIRECTION('',(1.,0.,0.));
#6357 = DIRECTION('',(0.,1.,0.));
#6358 = ADVANCED_FACE('',(#6359),#6375,.T.);
#6359 = FACE_BOUND('',#6360,.T.);
#6360 = EDGE_LOOP('',(#6361,#6362,#6368,#6369));
#6361 = ORIENTED_EDGE('',*,*,#4254,.F.);
#6362 = ORIENTED_EDGE('',*,*,#6363,.F.);
#6363 = EDGE_CURVE('',#4809,#4255,#6364,.T.);
#6364 = LINE('',#6365,#6366);
#6365 = CARTESIAN_POINT('',(-0.566,-3.06,10.39));
#6366 = VECTOR('',#6367,1.);
#6367 = DIRECTION('',(0.,0.,-1.));
#6368 = ORIENTED_EDGE('',*,*,#4808,.T.);
#6369 = ORIENTED_EDGE('',*,*,#6370,.T.);
#6370 = EDGE_CURVE('',#4811,#4257,#6371,.T.);
#6371 = LINE('',#6372,#6373);
#6372 = CARTESIAN_POINT('',(2.6,-3.06,10.39));
#6373 = VECTOR('',#6374,1.);
#6374 = DIRECTION('',(0.,0.,-1.));
#6375 = PLANE('',#6376);
#6376 = AXIS2_PLACEMENT_3D('',#6377,#6378,#6379);
#6377 = CARTESIAN_POINT('',(-0.566,-3.06,10.39));
#6378 = DIRECTION('',(1.4E-16,1.,0.));
#6379 = DIRECTION('',(-1.,1.4E-16,0.));
#6380 = ADVANCED_FACE('',(#6381),#6397,.T.);
#6381 = FACE_BOUND('',#6382,.T.);
#6382 = EDGE_LOOP('',(#6383,#6384,#6390,#6391));
#6383 = ORIENTED_EDGE('',*,*,#4272,.F.);
#6384 = ORIENTED_EDGE('',*,*,#6385,.F.);
#6385 = EDGE_CURVE('',#4827,#4265,#6386,.T.);
#6386 = LINE('',#6387,#6388);
#6387 = CARTESIAN_POINT('',(2.6,-1.94,10.39));
#6388 = VECTOR('',#6389,1.);
#6389 = DIRECTION('',(0.,0.,-1.));
#6390 = ORIENTED_EDGE('',*,*,#4826,.T.);
#6391 = ORIENTED_EDGE('',*,*,#6392,.T.);
#6392 = EDGE_CURVE('',#4819,#4273,#6393,.T.);
#6393 = LINE('',#6394,#6395);
#6394 = CARTESIAN_POINT('',(-0.566,-1.94,10.39));
#6395 = VECTOR('',#6396,1.);
#6396 = DIRECTION('',(0.,0.,-1.));
#6397 = PLANE('',#6398);
#6398 = AXIS2_PLACEMENT_3D('',#6399,#6400,#6401);
#6399 = CARTESIAN_POINT('',(2.6,-1.94,10.39));
#6400 = DIRECTION('',(-7.E-17,-1.,0.));
#6401 = DIRECTION('',(1.,-7.E-17,0.));
#6402 = ADVANCED_FACE('',(#6403),#6409,.T.);
#6403 = FACE_BOUND('',#6404,.T.);
#6404 = EDGE_LOOP('',(#6405,#6406,#6407,#6408));
#6405 = ORIENTED_EDGE('',*,*,#4280,.F.);
#6406 = ORIENTED_EDGE('',*,*,#6392,.F.);
#6407 = ORIENTED_EDGE('',*,*,#4818,.T.);
#6408 = ORIENTED_EDGE('',*,*,#6363,.T.);
#6409 = PLANE('',#6410);
#6410 = AXIS2_PLACEMENT_3D('',#6411,#6412,#6413);
#6411 = CARTESIAN_POINT('',(-0.566,-1.94,10.39));
#6412 = DIRECTION('',(1.,0.,0.));
#6413 = DIRECTION('',(0.,1.,0.));
#6414 = ADVANCED_FACE('',(#6415),#6440,.F.);
#6415 = FACE_BOUND('',#6416,.T.);
#6416 = EDGE_LOOP('',(#6417,#6427,#6433,#6434));
#6417 = ORIENTED_EDGE('',*,*,#6418,.T.);
#6418 = EDGE_CURVE('',#6419,#6421,#6423,.T.);
#6419 = VERTEX_POINT('',#6420);
#6420 = CARTESIAN_POINT('',(-0.7,-5.7,-1.E-02));
#6421 = VERTEX_POINT('',#6422);
#6422 = CARTESIAN_POINT('',(8.2,-5.7,-1.E-02));
#6423 = LINE('',#6424,#6425);
#6424 = CARTESIAN_POINT('',(-0.7,-5.7,-1.E-02));
#6425 = VECTOR('',#6426,1.);
#6426 = DIRECTION('',(1.,-1.E-16,0.));
#6427 = ORIENTED_EDGE('',*,*,#6428,.F.);
#6428 = EDGE_CURVE('',#4291,#6421,#6429,.T.);
#6429 = LINE('',#6430,#6431);
#6430 = CARTESIAN_POINT('',(8.2,-5.7,0.59));
#6431 = VECTOR('',#6432,1.);
#6432 = DIRECTION('',(0.,0.,-1.));
#6433 = ORIENTED_EDGE('',*,*,#4288,.F.);
#6434 = ORIENTED_EDGE('',*,*,#6435,.T.);
#6435 = EDGE_CURVE('',#4289,#6419,#6436,.T.);
#6436 = LINE('',#6437,#6438);
#6437 = CARTESIAN_POINT('',(-0.7,-5.7,0.59));
#6438 = VECTOR('',#6439,1.);
#6439 = DIRECTION('',(0.,0.,-1.));
#6440 = PLANE('',#6441);
#6441 = AXIS2_PLACEMENT_3D('',#6442,#6443,#6444);
#6442 = CARTESIAN_POINT('',(-0.7,-5.7,0.59));
#6443 = DIRECTION('',(1.E-16,1.,0.));
#6444 = DIRECTION('',(-1.,1.E-16,0.));
#6445 = ADVANCED_FACE('',(#6446),#6465,.T.);
#6446 = FACE_BOUND('',#6447,.T.);
#6447 = EDGE_LOOP('',(#6448,#6457,#6463,#6464));
#6448 = ORIENTED_EDGE('',*,*,#6449,.T.);
#6449 = EDGE_CURVE('',#6421,#6450,#6452,.T.);
#6450 = VERTEX_POINT('',#6451);
#6451 = CARTESIAN_POINT('',(8.2,-4.5,-1.E-02));
#6452 = CIRCLE('',#6453,0.6);
#6453 = AXIS2_PLACEMENT_3D('',#6454,#6455,#6456);
#6454 = CARTESIAN_POINT('',(8.2,-5.1,-1.E-02));
#6455 = DIRECTION('',(0.,-0.,1.));
#6456 = DIRECTION('',(0.,1.,0.));
#6457 = ORIENTED_EDGE('',*,*,#6458,.F.);
#6458 = EDGE_CURVE('',#4299,#6450,#6459,.T.);
#6459 = LINE('',#6460,#6461);
#6460 = CARTESIAN_POINT('',(8.2,-4.5,0.59));
#6461 = VECTOR('',#6462,1.);
#6462 = DIRECTION('',(0.,0.,-1.));
#6463 = ORIENTED_EDGE('',*,*,#4298,.F.);
#6464 = ORIENTED_EDGE('',*,*,#6428,.T.);
#6465 = CYLINDRICAL_SURFACE('',#6466,0.6);
#6466 = AXIS2_PLACEMENT_3D('',#6467,#6468,#6469);
#6467 = CARTESIAN_POINT('',(8.2,-5.1,0.59));
#6468 = DIRECTION('',(0.,0.,-1.));
#6469 = DIRECTION('',(-1.,0.,0.));
#6470 = ADVANCED_FACE('',(#6471),#6489,.F.);
#6471 = FACE_BOUND('',#6472,.T.);
#6472 = EDGE_LOOP('',(#6473,#6481,#6487,#6488));
#6473 = ORIENTED_EDGE('',*,*,#6474,.T.);
#6474 = EDGE_CURVE('',#6450,#6475,#6477,.T.);
#6475 = VERTEX_POINT('',#6476);
#6476 = CARTESIAN_POINT('',(-0.7,-4.5,-1.E-02));
#6477 = LINE('',#6478,#6479);
#6478 = CARTESIAN_POINT('',(8.2,-4.5,-1.E-02));
#6479 = VECTOR('',#6480,1.);
#6480 = DIRECTION('',(-1.,1.E-16,0.));
#6481 = ORIENTED_EDGE('',*,*,#6482,.F.);
#6482 = EDGE_CURVE('',#4308,#6475,#6483,.T.);
#6483 = LINE('',#6484,#6485);
#6484 = CARTESIAN_POINT('',(-0.7,-4.5,0.59));
#6485 = VECTOR('',#6486,1.);
#6486 = DIRECTION('',(0.,0.,-1.));
#6487 = ORIENTED_EDGE('',*,*,#4307,.F.);
#6488 = ORIENTED_EDGE('',*,*,#6458,.T.);
#6489 = PLANE('',#6490);
#6490 = AXIS2_PLACEMENT_3D('',#6491,#6492,#6493);
#6491 = CARTESIAN_POINT('',(8.2,-4.5,0.59));
#6492 = DIRECTION('',(-1.E-16,-1.,0.));
#6493 = DIRECTION('',(1.,-1.E-16,0.));
#6494 = ADVANCED_FACE('',(#6495),#6506,.F.);
#6495 = FACE_BOUND('',#6496,.T.);
#6496 = EDGE_LOOP('',(#6497,#6503,#6504,#6505));
#6497 = ORIENTED_EDGE('',*,*,#6498,.T.);
#6498 = EDGE_CURVE('',#6475,#6419,#6499,.T.);
#6499 = LINE('',#6500,#6501);
#6500 = CARTESIAN_POINT('',(-0.7,-4.5,-1.E-02));
#6501 = VECTOR('',#6502,1.);
#6502 = DIRECTION('',(7.2E-16,-1.,0.));
#6503 = ORIENTED_EDGE('',*,*,#6435,.F.);
#6504 = ORIENTED_EDGE('',*,*,#4315,.F.);
#6505 = ORIENTED_EDGE('',*,*,#6482,.T.);
#6506 = PLANE('',#6507);
#6507 = AXIS2_PLACEMENT_3D('',#6508,#6509,#6510);
#6508 = CARTESIAN_POINT('',(-0.7,-4.5,0.59));
#6509 = DIRECTION('',(1.,7.2E-16,0.));
#6510 = DIRECTION('',(-7.2E-16,1.,0.));
#6511 = ADVANCED_FACE('',(#6512),#6537,.F.);
#6512 = FACE_BOUND('',#6513,.T.);
#6513 = EDGE_LOOP('',(#6514,#6524,#6530,#6531));
#6514 = ORIENTED_EDGE('',*,*,#6515,.T.);
#6515 = EDGE_CURVE('',#6516,#6518,#6520,.T.);
#6516 = VERTEX_POINT('',#6517);
#6517 = CARTESIAN_POINT('',(-0.7,2.,-1.E-02));
#6518 = VERTEX_POINT('',#6519);
#6519 = CARTESIAN_POINT('',(8.2,2.,-1.E-02));
#6520 = LINE('',#6521,#6522);
#6521 = CARTESIAN_POINT('',(-0.7,2.,-1.E-02));
#6522 = VECTOR('',#6523,1.);
#6523 = DIRECTION('',(1.,-5.E-17,0.));
#6524 = ORIENTED_EDGE('',*,*,#6525,.F.);
#6525 = EDGE_CURVE('',#4337,#6518,#6526,.T.);
#6526 = LINE('',#6527,#6528);
#6527 = CARTESIAN_POINT('',(8.2,2.,0.59));
#6528 = VECTOR('',#6529,1.);
#6529 = DIRECTION('',(0.,0.,-1.));
#6530 = ORIENTED_EDGE('',*,*,#4334,.F.);
#6531 = ORIENTED_EDGE('',*,*,#6532,.T.);
#6532 = EDGE_CURVE('',#4335,#6516,#6533,.T.);
#6533 = LINE('',#6534,#6535);
#6534 = CARTESIAN_POINT('',(-0.7,2.,0.59));
#6535 = VECTOR('',#6536,1.);
#6536 = DIRECTION('',(0.,0.,-1.));
#6537 = PLANE('',#6538);
#6538 = AXIS2_PLACEMENT_3D('',#6539,#6540,#6541);
#6539 = CARTESIAN_POINT('',(-0.7,2.,0.59));
#6540 = DIRECTION('',(5.E-17,1.,0.));
#6541 = DIRECTION('',(-1.,5.E-17,0.));
#6542 = ADVANCED_FACE('',(#6543),#6562,.T.);
#6543 = FACE_BOUND('',#6544,.T.);
#6544 = EDGE_LOOP('',(#6545,#6554,#6560,#6561));
#6545 = ORIENTED_EDGE('',*,*,#6546,.T.);
#6546 = EDGE_CURVE('',#6518,#6547,#6549,.T.);
#6547 = VERTEX_POINT('',#6548);
#6548 = CARTESIAN_POINT('',(8.2,3.2,-1.E-02));
#6549 = CIRCLE('',#6550,0.6);
#6550 = AXIS2_PLACEMENT_3D('',#6551,#6552,#6553);
#6551 = CARTESIAN_POINT('',(8.2,2.6,-1.E-02));
#6552 = DIRECTION('',(0.,-0.,1.));
#6553 = DIRECTION('',(0.,1.,0.));
#6554 = ORIENTED_EDGE('',*,*,#6555,.F.);
#6555 = EDGE_CURVE('',#4345,#6547,#6556,.T.);
#6556 = LINE('',#6557,#6558);
#6557 = CARTESIAN_POINT('',(8.2,3.2,0.59));
#6558 = VECTOR('',#6559,1.);
#6559 = DIRECTION('',(0.,0.,-1.));
#6560 = ORIENTED_EDGE('',*,*,#4344,.F.);
#6561 = ORIENTED_EDGE('',*,*,#6525,.T.);
#6562 = CYLINDRICAL_SURFACE('',#6563,0.6);
#6563 = AXIS2_PLACEMENT_3D('',#6564,#6565,#6566);
#6564 = CARTESIAN_POINT('',(8.2,2.6,0.59));
#6565 = DIRECTION('',(0.,0.,-1.));
#6566 = DIRECTION('',(-1.,0.,0.));
#6567 = ADVANCED_FACE('',(#6568),#6586,.F.);
#6568 = FACE_BOUND('',#6569,.T.);
#6569 = EDGE_LOOP('',(#6570,#6578,#6584,#6585));
#6570 = ORIENTED_EDGE('',*,*,#6571,.T.);
#6571 = EDGE_CURVE('',#6547,#6572,#6574,.T.);
#6572 = VERTEX_POINT('',#6573);
#6573 = CARTESIAN_POINT('',(-0.7,3.2,-1.E-02));
#6574 = LINE('',#6575,#6576);
#6575 = CARTESIAN_POINT('',(8.2,3.2,-1.E-02));
#6576 = VECTOR('',#6577,1.);
#6577 = DIRECTION('',(-1.,1.E-16,0.));
#6578 = ORIENTED_EDGE('',*,*,#6579,.F.);
#6579 = EDGE_CURVE('',#4354,#6572,#6580,.T.);
#6580 = LINE('',#6581,#6582);
#6581 = CARTESIAN_POINT('',(-0.7,3.2,0.59));
#6582 = VECTOR('',#6583,1.);
#6583 = DIRECTION('',(0.,0.,-1.));
#6584 = ORIENTED_EDGE('',*,*,#4353,.F.);
#6585 = ORIENTED_EDGE('',*,*,#6555,.T.);
#6586 = PLANE('',#6587);
#6587 = AXIS2_PLACEMENT_3D('',#6588,#6589,#6590);
#6588 = CARTESIAN_POINT('',(8.2,3.2,0.59));
#6589 = DIRECTION('',(-1.E-16,-1.,0.));
#6590 = DIRECTION('',(1.,-1.E-16,0.));
#6591 = ADVANCED_FACE('',(#6592),#6603,.F.);
#6592 = FACE_BOUND('',#6593,.T.);
#6593 = EDGE_LOOP('',(#6594,#6600,#6601,#6602));
#6594 = ORIENTED_EDGE('',*,*,#6595,.T.);
#6595 = EDGE_CURVE('',#6572,#6516,#6596,.T.);
#6596 = LINE('',#6597,#6598);
#6597 = CARTESIAN_POINT('',(-0.7,3.2,-1.E-02));
#6598 = VECTOR('',#6599,1.);
#6599 = DIRECTION('',(0.,-1.,0.));
#6600 = ORIENTED_EDGE('',*,*,#6532,.F.);
#6601 = ORIENTED_EDGE('',*,*,#4361,.F.);
#6602 = ORIENTED_EDGE('',*,*,#6579,.T.);
#6603 = PLANE('',#6604);
#6604 = AXIS2_PLACEMENT_3D('',#6605,#6606,#6607);
#6605 = CARTESIAN_POINT('',(-0.7,3.2,0.59));
#6606 = DIRECTION('',(1.,0.,0.));
#6607 = DIRECTION('',(0.,1.,0.));
#6608 = ADVANCED_FACE('',(#6609),#6620,.T.);
#6609 = FACE_BOUND('',#6610,.T.);
#6610 = EDGE_LOOP('',(#6611,#6617,#6618,#6619));
#6611 = ORIENTED_EDGE('',*,*,#6612,.T.);
#6612 = EDGE_CURVE('',#4521,#4378,#6613,.T.);
#6613 = LINE('',#6614,#6615);
#6614 = CARTESIAN_POINT('',(8.437,-5.77,0.49));
#6615 = VECTOR('',#6616,1.);
#6616 = DIRECTION('',(0.,0.,-1.));
#6617 = ORIENTED_EDGE('',*,*,#4375,.F.);
#6618 = ORIENTED_EDGE('',*,*,#5182,.F.);
#6619 = ORIENTED_EDGE('',*,*,#4531,.F.);
#6620 = PLANE('',#6621);
#6621 = AXIS2_PLACEMENT_3D('',#6622,#6623,#6624);
#6622 = CARTESIAN_POINT('',(6.887,-5.77,0.49));
#6623 = DIRECTION('',(0.,1.,0.));
#6624 = DIRECTION('',(-1.,0.,0.));
#6625 = ADVANCED_FACE('',(#6626),#6637,.F.);
#6626 = FACE_BOUND('',#6627,.F.);
#6627 = EDGE_LOOP('',(#6628,#6629,#6630,#6631));
#6628 = ORIENTED_EDGE('',*,*,#4520,.F.);
#6629 = ORIENTED_EDGE('',*,*,#6612,.T.);
#6630 = ORIENTED_EDGE('',*,*,#4385,.T.);
#6631 = ORIENTED_EDGE('',*,*,#6632,.F.);
#6632 = EDGE_CURVE('',#4523,#4386,#6633,.T.);
#6633 = LINE('',#6634,#6635);
#6634 = CARTESIAN_POINT('',(8.437,-4.47,0.49));
#6635 = VECTOR('',#6636,1.);
#6636 = DIRECTION('',(0.,0.,-1.));
#6637 = CYLINDRICAL_SURFACE('',#6638,0.65);
#6638 = AXIS2_PLACEMENT_3D('',#6639,#6640,#6641);
#6639 = CARTESIAN_POINT('',(8.43699998334,-5.12,0.49));
#6640 = DIRECTION('',(0.,0.,-1.));
#6641 = DIRECTION('',(-1.,0.,0.));
#6642 = ADVANCED_FACE('',(#6643),#6654,.T.);
#6643 = FACE_BOUND('',#6644,.T.);
#6644 = EDGE_LOOP('',(#6645,#6651,#6652,#6653));
#6645 = ORIENTED_EDGE('',*,*,#6646,.T.);
#6646 = EDGE_CURVE('',#4613,#4395,#6647,.T.);
#6647 = LINE('',#6648,#6649);
#6648 = CARTESIAN_POINT('',(6.887,-4.47,0.49));
#6649 = VECTOR('',#6650,1.);
#6650 = DIRECTION('',(0.,0.,-1.));
#6651 = ORIENTED_EDGE('',*,*,#4394,.F.);
#6652 = ORIENTED_EDGE('',*,*,#6632,.F.);
#6653 = ORIENTED_EDGE('',*,*,#4620,.F.);
#6654 = PLANE('',#6655);
#6655 = AXIS2_PLACEMENT_3D('',#6656,#6657,#6658);
#6656 = CARTESIAN_POINT('',(8.437,-4.47,0.49));
#6657 = DIRECTION('',(-5.6E-16,-1.,0.));
#6658 = DIRECTION('',(1.,-5.6E-16,0.));
#6659 = ADVANCED_FACE('',(#6660),#6671,.T.);
#6660 = FACE_BOUND('',#6661,.T.);
#6661 = EDGE_LOOP('',(#6662,#6663,#6664,#6665));
#6662 = ORIENTED_EDGE('',*,*,#4402,.T.);
#6663 = ORIENTED_EDGE('',*,*,#6646,.F.);
#6664 = ORIENTED_EDGE('',*,*,#4612,.T.);
#6665 = ORIENTED_EDGE('',*,*,#6666,.T.);
#6666 = EDGE_CURVE('',#4605,#4403,#6667,.T.);
#6667 = LINE('',#6668,#6669);
#6668 = CARTESIAN_POINT('',(6.887,-2.,0.49));
#6669 = VECTOR('',#6670,1.);
#6670 = DIRECTION('',(0.,0.,-1.));
#6671 = PLANE('',#6672);
#6672 = AXIS2_PLACEMENT_3D('',#6673,#6674,#6675);
#6673 = CARTESIAN_POINT('',(6.887,6.25,0.49));
#6674 = DIRECTION('',(-1.,0.,1.66E-15));
#6675 = DIRECTION('',(1.66E-15,0.,1.));
#6676 = ADVANCED_FACE('',(#6677),#6683,.T.);
#6677 = FACE_BOUND('',#6678,.T.);
#6678 = EDGE_LOOP('',(#6679,#6680,#6681,#6682));
#6679 = ORIENTED_EDGE('',*,*,#4635,.T.);
#6680 = ORIENTED_EDGE('',*,*,#4410,.F.);
#6681 = ORIENTED_EDGE('',*,*,#6666,.F.);
#6682 = ORIENTED_EDGE('',*,*,#4604,.F.);
#6683 = PLANE('',#6684);
#6684 = AXIS2_PLACEMENT_3D('',#6685,#6686,#6687);
#6685 = CARTESIAN_POINT('',(6.887,-2.,0.49));
#6686 = DIRECTION('',(0.,1.,0.));
#6687 = DIRECTION('',(-1.,0.,0.));
#6688 = ADVANCED_FACE('',(#6689),#6700,.T.);
#6689 = FACE_BOUND('',#6690,.T.);
#6690 = EDGE_LOOP('',(#6691,#6692,#6693,#6694));
#6691 = ORIENTED_EDGE('',*,*,#4434,.F.);
#6692 = ORIENTED_EDGE('',*,*,#4496,.F.);
#6693 = ORIENTED_EDGE('',*,*,#4587,.T.);
#6694 = ORIENTED_EDGE('',*,*,#6695,.T.);
#6695 = EDGE_CURVE('',#4580,#4435,#6696,.T.);
#6696 = LINE('',#6697,#6698);
#6697 = CARTESIAN_POINT('',(14.69,-2.3,0.49));
#6698 = VECTOR('',#6699,1.);
#6699 = DIRECTION('',(0.,0.,-1.));
#6700 = PLANE('',#6701);
#6701 = AXIS2_PLACEMENT_3D('',#6702,#6703,#6704);
#6702 = CARTESIAN_POINT('',(14.69,6.25,9.E-02));
#6703 = DIRECTION('',(1.,0.,0.));
#6704 = DIRECTION('',(0.,1.,0.));
#6705 = ADVANCED_FACE('',(#6706),#6717,.T.);
#6706 = FACE_BOUND('',#6707,.T.);
#6707 = EDGE_LOOP('',(#6708,#6714,#6715,#6716));
#6708 = ORIENTED_EDGE('',*,*,#6709,.T.);
#6709 = EDGE_CURVE('',#4572,#4443,#6710,.T.);
#6710 = LINE('',#6711,#6712);
#6711 = CARTESIAN_POINT('',(13.737,-2.3,0.49));
#6712 = VECTOR('',#6713,1.);
#6713 = DIRECTION('',(0.,0.,-1.));
#6714 = ORIENTED_EDGE('',*,*,#4442,.F.);
#6715 = ORIENTED_EDGE('',*,*,#6695,.F.);
#6716 = ORIENTED_EDGE('',*,*,#4579,.F.);
#6717 = PLANE('',#6718);
#6718 = AXIS2_PLACEMENT_3D('',#6719,#6720,#6721);
#6719 = CARTESIAN_POINT('',(14.69,-2.3,0.49));
#6720 = DIRECTION('',(0.,-1.,0.));
#6721 = DIRECTION('',(1.,0.,0.));
#6722 = ADVANCED_FACE('',(#6723),#6734,.T.);
#6723 = FACE_BOUND('',#6724,.T.);
#6724 = EDGE_LOOP('',(#6725,#6731,#6732,#6733));
#6725 = ORIENTED_EDGE('',*,*,#6726,.T.);
#6726 = EDGE_CURVE('',#4564,#4451,#6727,.T.);
#6727 = LINE('',#6728,#6729);
#6728 = CARTESIAN_POINT('',(13.737,-3.998,0.49));
#6729 = VECTOR('',#6730,1.);
#6730 = DIRECTION('',(0.,0.,-1.));
#6731 = ORIENTED_EDGE('',*,*,#4450,.F.);
#6732 = ORIENTED_EDGE('',*,*,#6709,.F.);
#6733 = ORIENTED_EDGE('',*,*,#4571,.F.);
#6734 = PLANE('',#6735);
#6735 = AXIS2_PLACEMENT_3D('',#6736,#6737,#6738);
#6736 = CARTESIAN_POINT('',(13.737,-2.3,0.49));
#6737 = DIRECTION('',(1.,0.,0.));
#6738 = DIRECTION('',(0.,1.,0.));
#6739 = ADVANCED_FACE('',(#6740),#6751,.T.);
#6740 = FACE_BOUND('',#6741,.T.);
#6741 = EDGE_LOOP('',(#6742,#6748,#6749,#6750));
#6742 = ORIENTED_EDGE('',*,*,#6743,.T.);
#6743 = EDGE_CURVE('',#4556,#4459,#6744,.T.);
#6744 = LINE('',#6745,#6746);
#6745 = CARTESIAN_POINT('',(14.69,-3.998,0.49));
#6746 = VECTOR('',#6747,1.);
#6747 = DIRECTION('',(0.,0.,-1.));
#6748 = ORIENTED_EDGE('',*,*,#4458,.F.);
#6749 = ORIENTED_EDGE('',*,*,#6726,.F.);
#6750 = ORIENTED_EDGE('',*,*,#4563,.F.);
#6751 = PLANE('',#6752);
#6752 = AXIS2_PLACEMENT_3D('',#6753,#6754,#6755);
#6753 = CARTESIAN_POINT('',(13.737,-3.998,0.49));
#6754 = DIRECTION('',(0.,1.,0.));
#6755 = DIRECTION('',(-1.,0.,0.));
#6756 = ADVANCED_FACE('',(#6757),#6763,.T.);
#6757 = FACE_BOUND('',#6758,.T.);
#6758 = EDGE_LOOP('',(#6759,#6760,#6761,#6762));
#6759 = ORIENTED_EDGE('',*,*,#4466,.F.);
#6760 = ORIENTED_EDGE('',*,*,#6743,.F.);
#6761 = ORIENTED_EDGE('',*,*,#4555,.T.);
#6762 = ORIENTED_EDGE('',*,*,#6063,.T.);
#6763 = PLANE('',#6764);
#6764 = AXIS2_PLACEMENT_3D('',#6765,#6766,#6767);
#6765 = CARTESIAN_POINT('',(14.69,6.25,9.E-02));
#6766 = DIRECTION('',(1.,0.,0.));
#6767 = DIRECTION('',(0.,1.,0.));
#6768 = ADVANCED_FACE('',(#6769),#6780,.F.);
#6769 = FACE_BOUND('',#6770,.T.);
#6770 = EDGE_LOOP('',(#6771,#6777,#6778,#6779));
#6771 = ORIENTED_EDGE('',*,*,#6772,.F.);
#6772 = EDGE_CURVE('',#4705,#4785,#6773,.T.);
#6773 = LINE('',#6774,#6775);
#6774 = CARTESIAN_POINT('',(15.1,4.814473045579,-3.401288728233));
#6775 = VECTOR('',#6776,1.);
#6776 = DIRECTION('',(-1.,0.,0.));
#6777 = ORIENTED_EDGE('',*,*,#4704,.F.);
#6778 = ORIENTED_EDGE('',*,*,#4678,.T.);
#6779 = ORIENTED_EDGE('',*,*,#4793,.F.);
#6780 = PLANE('',#6781);
#6781 = AXIS2_PLACEMENT_3D('',#6782,#6783,#6784);
#6782 = CARTESIAN_POINT('',(15.1,5.435500720121,-2.98240027256));
#6783 = DIRECTION('',(0.,0.559192903471,-0.829037572555));
#6784 = DIRECTION('',(0.,0.829037572555,0.559192903471));
#6785 = ADVANCED_FACE('',(#6786),#6791,.F.);
#6786 = FACE_BOUND('',#6787,.T.);
#6787 = EDGE_LOOP('',(#6788,#6789,#6790));
#6788 = ORIENTED_EDGE('',*,*,#6772,.T.);
#6789 = ORIENTED_EDGE('',*,*,#4784,.F.);
#6790 = ORIENTED_EDGE('',*,*,#4713,.F.);
#6791 = PLANE('',#6792);
#6792 = AXIS2_PLACEMENT_3D('',#6793,#6794,#6795);
#6793 = CARTESIAN_POINT('',(15.1,4.814473045579,-3.401288728233));
#6794 = DIRECTION('',(0.,0.829037572555,0.559192903471));
#6795 = DIRECTION('',(0.,-0.559192903471,0.829037572555));
#6796 = ADVANCED_FACE('',(#6797),#6802,.F.);
#6797 = FACE_BOUND('',#6798,.T.);
#6798 = EDGE_LOOP('',(#6799,#6800,#6801));
#6799 = ORIENTED_EDGE('',*,*,#4722,.F.);
#6800 = ORIENTED_EDGE('',*,*,#4777,.F.);
#6801 = ORIENTED_EDGE('',*,*,#4751,.F.);
#6802 = PLANE('',#6803);
#6803 = AXIS2_PLACEMENT_3D('',#6804,#6805,#6806);
#6804 = CARTESIAN_POINT('',(15.1,4.982230916621,-3.65));
#6805 = DIRECTION('',(0.,-0.559192903471,0.829037572555));
#6806 = DIRECTION('',(0.,-0.829037572555,-0.559192903471));
#6807 = ADVANCED_FACE('',(#6808),#6827,.F.);
#6808 = FACE_BOUND('',#6809,.T.);
#6809 = EDGE_LOOP('',(#6810,#6818,#6819,#6820,#6821));
#6810 = ORIENTED_EDGE('',*,*,#6811,.T.);
#6811 = EDGE_CURVE('',#6812,#4904,#6814,.T.);
#6812 = VERTEX_POINT('',#6813);
#6813 = CARTESIAN_POINT('',(4.6,-7.15,2.49));
#6814 = LINE('',#6815,#6816);
#6815 = CARTESIAN_POINT('',(4.6,-7.15,2.49));
#6816 = VECTOR('',#6817,1.);
#6817 = DIRECTION('',(0.866025403784,0.5,0.));
#6818 = ORIENTED_EDGE('',*,*,#4903,.F.);
#6819 = ORIENTED_EDGE('',*,*,#5353,.F.);
#6820 = ORIENTED_EDGE('',*,*,#5323,.F.);
#6821 = ORIENTED_EDGE('',*,*,#6822,.T.);
#6822 = EDGE_CURVE('',#5316,#6812,#6823,.T.);
#6823 = LINE('',#6824,#6825);
#6824 = CARTESIAN_POINT('',(4.6,-7.15,3.79));
#6825 = VECTOR('',#6826,1.);
#6826 = DIRECTION('',(0.,0.,-1.));
#6827 = PLANE('',#6828);
#6828 = AXIS2_PLACEMENT_3D('',#6829,#6830,#6831);
#6829 = CARTESIAN_POINT('',(4.6,-7.15,3.79));
#6830 = DIRECTION('',(-0.5,0.866025403784,0.));
#6831 = DIRECTION('',(-0.866025403784,-0.5,0.));
#6832 = ADVANCED_FACE('',(#6833),#6851,.T.);
#6833 = FACE_BOUND('',#6834,.T.);
#6834 = EDGE_LOOP('',(#6835,#6843,#6849,#6850));
#6835 = ORIENTED_EDGE('',*,*,#6836,.F.);
#6836 = EDGE_CURVE('',#6837,#6812,#6839,.T.);
#6837 = VERTEX_POINT('',#6838);
#6838 = CARTESIAN_POINT('',(4.1,-7.15,2.49));
#6839 = LINE('',#6840,#6841);
#6840 = CARTESIAN_POINT('',(4.1,-7.15,2.49));
#6841 = VECTOR('',#6842,1.);
#6842 = DIRECTION('',(1.,0.,0.));
#6843 = ORIENTED_EDGE('',*,*,#6844,.F.);
#6844 = EDGE_CURVE('',#4912,#6837,#6845,.T.);
#6845 = LINE('',#6846,#6847);
#6846 = CARTESIAN_POINT('',(4.1,-6.9,2.49));
#6847 = VECTOR('',#6848,1.);
#6848 = DIRECTION('',(0.,-1.,0.));
#6849 = ORIENTED_EDGE('',*,*,#4911,.F.);
#6850 = ORIENTED_EDGE('',*,*,#6811,.F.);
#6851 = PLANE('',#6852);
#6852 = AXIS2_PLACEMENT_3D('',#6853,#6854,#6855);
#6853 = CARTESIAN_POINT('',(7.,-1.25,2.49));
#6854 = DIRECTION('',(0.,0.,-1.));
#6855 = DIRECTION('',(-1.,0.,0.));
#6856 = ADVANCED_FACE('',(#6857),#6869,.F.);
#6857 = FACE_BOUND('',#6858,.T.);
#6858 = EDGE_LOOP('',(#6859,#6860,#6866,#6867,#6868));
#6859 = ORIENTED_EDGE('',*,*,#6844,.T.);
#6860 = ORIENTED_EDGE('',*,*,#6861,.F.);
#6861 = EDGE_CURVE('',#5308,#6837,#6862,.T.);
#6862 = LINE('',#6863,#6864);
#6863 = CARTESIAN_POINT('',(4.1,-7.15,3.79));
#6864 = VECTOR('',#6865,1.);
#6865 = DIRECTION('',(0.,0.,-1.));
#6866 = ORIENTED_EDGE('',*,*,#5307,.F.);
#6867 = ORIENTED_EDGE('',*,*,#5346,.F.);
#6868 = ORIENTED_EDGE('',*,*,#4919,.T.);
#6869 = PLANE('',#6870);
#6870 = AXIS2_PLACEMENT_3D('',#6871,#6872,#6873);
#6871 = CARTESIAN_POINT('',(4.1,-6.9,3.79));
#6872 = DIRECTION('',(1.,0.,0.));
#6873 = DIRECTION('',(0.,1.,0.));
#6874 = ADVANCED_FACE('',(#6875),#6900,.F.);
#6875 = FACE_BOUND('',#6876,.T.);
#6876 = EDGE_LOOP('',(#6877,#6885,#6893,#6899));
#6877 = ORIENTED_EDGE('',*,*,#6878,.T.);
#6878 = EDGE_CURVE('',#4936,#6879,#6881,.T.);
#6879 = VERTEX_POINT('',#6880);
#6880 = CARTESIAN_POINT('',(1.5,-7.15,4.89));
#6881 = LINE('',#6882,#6883);
#6882 = CARTESIAN_POINT('',(1.066987298108,-6.9,4.89));
#6883 = VECTOR('',#6884,1.);
#6884 = DIRECTION('',(0.866025403784,-0.5,0.));
#6885 = ORIENTED_EDGE('',*,*,#6886,.F.);
#6886 = EDGE_CURVE('',#6887,#6879,#6889,.T.);
#6887 = VERTEX_POINT('',#6888);
#6888 = CARTESIAN_POINT('',(1.5,-7.15,6.19));
#6889 = LINE('',#6890,#6891);
#6890 = CARTESIAN_POINT('',(1.5,-7.15,6.19));
#6891 = VECTOR('',#6892,1.);
#6892 = DIRECTION('',(0.,0.,-1.));
#6893 = ORIENTED_EDGE('',*,*,#6894,.F.);
#6894 = EDGE_CURVE('',#4934,#6887,#6895,.T.);
#6895 = LINE('',#6896,#6897);
#6896 = CARTESIAN_POINT('',(1.066987298108,-6.9,6.19));
#6897 = VECTOR('',#6898,1.);
#6898 = DIRECTION('',(0.866025403784,-0.5,0.));
#6899 = ORIENTED_EDGE('',*,*,#4933,.T.);
#6900 = PLANE('',#6901);
#6901 = AXIS2_PLACEMENT_3D('',#6902,#6903,#6904);
#6902 = CARTESIAN_POINT('',(1.066987298108,-6.9,6.19));
#6903 = DIRECTION('',(0.5,0.866025403784,0.));
#6904 = DIRECTION('',(-0.866025403784,0.5,0.));
#6905 = ADVANCED_FACE('',(#6906),#6918,.T.);
#6906 = FACE_BOUND('',#6907,.T.);
#6907 = EDGE_LOOP('',(#6908,#6909,#6915,#6916,#6917));
#6908 = ORIENTED_EDGE('',*,*,#6894,.T.);
#6909 = ORIENTED_EDGE('',*,*,#6910,.T.);
#6910 = EDGE_CURVE('',#6887,#5066,#6911,.T.);
#6911 = LINE('',#6912,#6913);
#6912 = CARTESIAN_POINT('',(1.5,-7.15,6.19));
#6913 = VECTOR('',#6914,1.);
#6914 = DIRECTION('',(1.,0.,0.));
#6915 = ORIENTED_EDGE('',*,*,#5065,.T.);
#6916 = ORIENTED_EDGE('',*,*,#5105,.T.);
#6917 = ORIENTED_EDGE('',*,*,#4943,.T.);
#6918 = PLANE('',#6919);
#6919 = AXIS2_PLACEMENT_3D('',#6920,#6921,#6922);
#6920 = CARTESIAN_POINT('',(7.,-1.25,6.19));
#6921 = DIRECTION('',(0.,0.,1.));
#6922 = DIRECTION('',(1.,0.,0.));
#6923 = ADVANCED_FACE('',(#6924),#6936,.F.);
#6924 = FACE_BOUND('',#6925,.T.);
#6925 = EDGE_LOOP('',(#6926,#6927,#6928,#6929,#6930));
#6926 = ORIENTED_EDGE('',*,*,#6878,.F.);
#6927 = ORIENTED_EDGE('',*,*,#4959,.F.);
#6928 = ORIENTED_EDGE('',*,*,#5098,.F.);
#6929 = ORIENTED_EDGE('',*,*,#5081,.F.);
#6930 = ORIENTED_EDGE('',*,*,#6931,.F.);
#6931 = EDGE_CURVE('',#6879,#5074,#6932,.T.);
#6932 = LINE('',#6933,#6934);
#6933 = CARTESIAN_POINT('',(1.5,-7.15,4.89));
#6934 = VECTOR('',#6935,1.);
#6935 = DIRECTION('',(1.,0.,0.));
#6936 = PLANE('',#6937);
#6937 = AXIS2_PLACEMENT_3D('',#6938,#6939,#6940);
#6938 = CARTESIAN_POINT('',(7.,-1.25,4.89));
#6939 = DIRECTION('',(0.,0.,1.));
#6940 = DIRECTION('',(1.,0.,0.));
#6941 = ADVANCED_FACE('',(#6942),#6961,.F.);
#6942 = FACE_BOUND('',#6943,.T.);
#6943 = EDGE_LOOP('',(#6944,#6952,#6953,#6954,#6955));
#6944 = ORIENTED_EDGE('',*,*,#6945,.T.);
#6945 = EDGE_CURVE('',#6946,#4978,#6948,.T.);
#6946 = VERTEX_POINT('',#6947);
#6947 = CARTESIAN_POINT('',(4.6,-7.15,7.44));
#6948 = LINE('',#6949,#6950);
#6949 = CARTESIAN_POINT('',(4.6,-7.15,7.44));
#6950 = VECTOR('',#6951,1.);
#6951 = DIRECTION('',(0.866025403784,0.5,0.));
#6952 = ORIENTED_EDGE('',*,*,#4977,.F.);
#6953 = ORIENTED_EDGE('',*,*,#5466,.F.);
#6954 = ORIENTED_EDGE('',*,*,#5436,.F.);
#6955 = ORIENTED_EDGE('',*,*,#6956,.T.);
#6956 = EDGE_CURVE('',#5429,#6946,#6957,.T.);
#6957 = LINE('',#6958,#6959);
#6958 = CARTESIAN_POINT('',(4.6,-7.15,8.74));
#6959 = VECTOR('',#6960,1.);
#6960 = DIRECTION('',(0.,0.,-1.));
#6961 = PLANE('',#6962);
#6962 = AXIS2_PLACEMENT_3D('',#6963,#6964,#6965);
#6963 = CARTESIAN_POINT('',(4.6,-7.15,8.74));
#6964 = DIRECTION('',(-0.5,0.866025403784,0.));
#6965 = DIRECTION('',(-0.866025403784,-0.5,0.));
#6966 = ADVANCED_FACE('',(#6967),#6985,.T.);
#6967 = FACE_BOUND('',#6968,.T.);
#6968 = EDGE_LOOP('',(#6969,#6977,#6983,#6984));
#6969 = ORIENTED_EDGE('',*,*,#6970,.F.);
#6970 = EDGE_CURVE('',#6971,#6946,#6973,.T.);
#6971 = VERTEX_POINT('',#6972);
#6972 = CARTESIAN_POINT('',(4.1,-7.15,7.44));
#6973 = LINE('',#6974,#6975);
#6974 = CARTESIAN_POINT('',(4.1,-7.15,7.44));
#6975 = VECTOR('',#6976,1.);
#6976 = DIRECTION('',(1.,0.,0.));
#6977 = ORIENTED_EDGE('',*,*,#6978,.F.);
#6978 = EDGE_CURVE('',#4986,#6971,#6979,.T.);
#6979 = LINE('',#6980,#6981);
#6980 = CARTESIAN_POINT('',(4.1,-6.9,7.44));
#6981 = VECTOR('',#6982,1.);
#6982 = DIRECTION('',(0.,-1.,0.));
#6983 = ORIENTED_EDGE('',*,*,#4985,.F.);
#6984 = ORIENTED_EDGE('',*,*,#6945,.F.);
#6985 = PLANE('',#6986);
#6986 = AXIS2_PLACEMENT_3D('',#6987,#6988,#6989);
#6987 = CARTESIAN_POINT('',(7.,-1.25,7.44));
#6988 = DIRECTION('',(0.,0.,-1.));
#6989 = DIRECTION('',(-1.,0.,0.));
#6990 = ADVANCED_FACE('',(#6991),#7003,.F.);
#6991 = FACE_BOUND('',#6992,.T.);
#6992 = EDGE_LOOP('',(#6993,#6994,#7000,#7001,#7002));
#6993 = ORIENTED_EDGE('',*,*,#6978,.T.);
#6994 = ORIENTED_EDGE('',*,*,#6995,.F.);
#6995 = EDGE_CURVE('',#5421,#6971,#6996,.T.);
#6996 = LINE('',#6997,#6998);
#6997 = CARTESIAN_POINT('',(4.1,-7.15,8.74));
#6998 = VECTOR('',#6999,1.);
#6999 = DIRECTION('',(0.,0.,-1.));
#7000 = ORIENTED_EDGE('',*,*,#5420,.F.);
#7001 = ORIENTED_EDGE('',*,*,#5459,.F.);
#7002 = ORIENTED_EDGE('',*,*,#4993,.T.);
#7003 = PLANE('',#7004);
#7004 = AXIS2_PLACEMENT_3D('',#7005,#7006,#7007);
#7005 = CARTESIAN_POINT('',(4.1,-6.9,8.74));
#7006 = DIRECTION('',(1.,0.,0.));
#7007 = DIRECTION('',(0.,1.,0.));
#7008 = ADVANCED_FACE('',(#7009),#7015,.F.);
#7009 = FACE_BOUND('',#7010,.T.);
#7010 = EDGE_LOOP('',(#7011,#7012,#7013,#7014));
#7011 = ORIENTED_EDGE('',*,*,#6931,.T.);
#7012 = ORIENTED_EDGE('',*,*,#5073,.F.);
#7013 = ORIENTED_EDGE('',*,*,#6910,.F.);
#7014 = ORIENTED_EDGE('',*,*,#6886,.T.);
#7015 = PLANE('',#7016);
#7016 = AXIS2_PLACEMENT_3D('',#7017,#7018,#7019);
#7017 = CARTESIAN_POINT('',(1.5,-7.15,6.19));
#7018 = DIRECTION('',(0.,1.,0.));
#7019 = DIRECTION('',(-1.,0.,0.));
#7020 = ADVANCED_FACE('',(#7021),#7066,.T.);
#7021 = FACE_BOUND('',#7022,.T.);
#7022 = EDGE_LOOP('',(#7023,#7033,#7042,#7048,#7049,#7050,#7051,#7059));
#7023 = ORIENTED_EDGE('',*,*,#7024,.T.);
#7024 = EDGE_CURVE('',#7025,#7027,#7029,.T.);
#7025 = VERTEX_POINT('',#7026);
#7026 = CARTESIAN_POINT('',(3.903355776791,-8.009795896383,
    -2.923198235144));
#7027 = VERTEX_POINT('',#7028);
#7028 = CARTESIAN_POINT('',(3.903355776791,-8.386118506789,
    -2.923198235144));
#7029 = LINE('',#7030,#7031);
#7030 = CARTESIAN_POINT('',(3.903355776791,6.25,-2.923198235144));
#7031 = VECTOR('',#7032,1.);
#7032 = DIRECTION('',(0.,-1.,0.));
#7033 = ORIENTED_EDGE('',*,*,#7034,.T.);
#7034 = EDGE_CURVE('',#7027,#7035,#7037,.T.);
#7035 = VERTEX_POINT('',#7036);
#7036 = CARTESIAN_POINT('',(3.807962781614,-8.27082039325,-1.885));
#7037 = ELLIPSE('',#7038,0.903791151714,0.9);
#7038 = AXIS2_PLACEMENT_3D('',#7039,#7040,#7041);
#7039 = CARTESIAN_POINT('',(3.863092712651,-7.6,-2.485));
#7040 = DIRECTION('',(-0.995805279011,0.,-9.149779393031E-02));
#7041 = DIRECTION('',(-9.149779393031E-02,0.,0.995805279011));
#7042 = ORIENTED_EDGE('',*,*,#7043,.T.);
#7043 = EDGE_CURVE('',#7035,#5537,#7044,.T.);
#7044 = LINE('',#7045,#7046);
#7045 = CARTESIAN_POINT('',(3.803744409505,-8.230911310899,
    -1.839089852503));
#7046 = VECTOR('',#7047,1.);
#7047 = DIRECTION('',(-6.917901240871E-02,0.654487283669,0.75290149406)
  );
#7048 = ORIENTED_EDGE('',*,*,#5544,.F.);
#7049 = ORIENTED_EDGE('',*,*,#5129,.F.);
#7050 = ORIENTED_EDGE('',*,*,#5285,.T.);
#7051 = ORIENTED_EDGE('',*,*,#7052,.T.);
#7052 = EDGE_CURVE('',#5278,#7053,#7055,.T.);
#7053 = VERTEX_POINT('',#7054);
#7054 = CARTESIAN_POINT('',(3.826929649214,-8.052757820339,
    -2.091423631337));
#7055 = LINE('',#7056,#7057);
#7056 = CARTESIAN_POINT('',(3.880879585093,-8.563166190706,
    -2.678581295389));
#7057 = VECTOR('',#7058,1.);
#7058 = DIRECTION('',(6.917901240871E-02,-0.654487283669,-0.75290149406)
  );
#7059 = ORIENTED_EDGE('',*,*,#7060,.F.);
#7060 = EDGE_CURVE('',#7025,#7053,#7061,.T.);
#7061 = ELLIPSE('',#7062,0.602527434476,0.6);
#7062 = AXIS2_PLACEMENT_3D('',#7063,#7064,#7065);
#7063 = CARTESIAN_POINT('',(3.863095495486,-7.599907071315,
    -2.485030286653));
#7064 = DIRECTION('',(-0.995805279011,0.,-9.149779393031E-02));
#7065 = DIRECTION('',(-9.149779393031E-02,0.,0.995805279011));
#7066 = PLANE('',#7067);
#7067 = AXIS2_PLACEMENT_3D('',#7068,#7069,#7070);
#7068 = CARTESIAN_POINT('',(3.7,6.25,-0.71));
#7069 = DIRECTION('',(-0.995805279011,0.,-9.149779393031E-02));
#7070 = DIRECTION('',(-9.149779393031E-02,0.,0.995805279011));
#7071 = ADVANCED_FACE('',(#7072),#7117,.T.);
#7072 = FACE_BOUND('',#7073,.T.);
#7073 = EDGE_LOOP('',(#7074,#7082,#7083,#7084,#7085,#7093,#7102,#7110));
#7074 = ORIENTED_EDGE('',*,*,#7075,.T.);
#7075 = EDGE_CURVE('',#7076,#5269,#7078,.T.);
#7076 = VERTEX_POINT('',#7077);
#7077 = CARTESIAN_POINT('',(5.573070350786,-8.052757820339,
    -2.091423631337));
#7078 = LINE('',#7079,#7080);
#7079 = CARTESIAN_POINT('',(5.61866371867,-7.621409085207,
    -1.595213673947));
#7080 = VECTOR('',#7081,1.);
#7081 = DIRECTION('',(6.917901240871E-02,0.654487283669,0.75290149406));
#7082 = ORIENTED_EDGE('',*,*,#5268,.T.);
#7083 = ORIENTED_EDGE('',*,*,#5242,.T.);
#7084 = ORIENTED_EDGE('',*,*,#5527,.F.);
#7085 = ORIENTED_EDGE('',*,*,#7086,.T.);
#7086 = EDGE_CURVE('',#5528,#7087,#7089,.T.);
#7087 = VERTEX_POINT('',#7088);
#7088 = CARTESIAN_POINT('',(5.592037218386,-8.27082039325,-1.885));
#7089 = LINE('',#7090,#7091);
#7090 = CARTESIAN_POINT('',(5.695798894258,-7.2891542054,-0.75572223106)
  );
#7091 = VECTOR('',#7092,1.);
#7092 = DIRECTION('',(-6.917901240871E-02,-0.654487283669,-0.75290149406
    ));
#7093 = ORIENTED_EDGE('',*,*,#7094,.T.);
#7094 = EDGE_CURVE('',#7087,#7095,#7097,.T.);
#7095 = VERTEX_POINT('',#7096);
#7096 = CARTESIAN_POINT('',(5.496644223209,-8.386118506789,
    -2.923198235144));
#7097 = ELLIPSE('',#7098,0.903791151714,0.9);
#7098 = AXIS2_PLACEMENT_3D('',#7099,#7100,#7101);
#7099 = CARTESIAN_POINT('',(5.536907287349,-7.6,-2.485));
#7100 = DIRECTION('',(0.995805279011,0.,-9.149779393031E-02));
#7101 = DIRECTION('',(-9.149779393031E-02,0.,-0.995805279011));
#7102 = ORIENTED_EDGE('',*,*,#7103,.F.);
#7103 = EDGE_CURVE('',#7104,#7095,#7106,.T.);
#7104 = VERTEX_POINT('',#7105);
#7105 = CARTESIAN_POINT('',(5.496644223209,-8.009795896383,
    -2.923198235144));
#7106 = LINE('',#7107,#7108);
#7107 = CARTESIAN_POINT('',(5.496644223209,6.25,-2.923198235144));
#7108 = VECTOR('',#7109,1.);
#7109 = DIRECTION('',(0.,-1.,0.));
#7110 = ORIENTED_EDGE('',*,*,#7111,.F.);
#7111 = EDGE_CURVE('',#7076,#7104,#7112,.T.);
#7112 = ELLIPSE('',#7113,0.602527434476,0.6);
#7113 = AXIS2_PLACEMENT_3D('',#7114,#7115,#7116);
#7114 = CARTESIAN_POINT('',(5.536904504514,-7.599907071315,
    -2.485030286653));
#7115 = DIRECTION('',(0.995805279011,0.,-9.149779393031E-02));
#7116 = DIRECTION('',(-9.149779393031E-02,0.,-0.995805279011));
#7117 = PLANE('',#7118);
#7118 = AXIS2_PLACEMENT_3D('',#7119,#7120,#7121);
#7119 = CARTESIAN_POINT('',(5.496644223209,6.25,-2.923198235144));
#7120 = DIRECTION('',(0.995805279011,0.,-9.149779393031E-02));
#7121 = DIRECTION('',(-9.149779393031E-02,0.,-0.995805279011));
#7122 = ADVANCED_FACE('',(#7123),#7134,.F.);
#7123 = FACE_BOUND('',#7124,.T.);
#7124 = EDGE_LOOP('',(#7125,#7126,#7127,#7128));
#7125 = ORIENTED_EDGE('',*,*,#7052,.F.);
#7126 = ORIENTED_EDGE('',*,*,#5277,.F.);
#7127 = ORIENTED_EDGE('',*,*,#7075,.F.);
#7128 = ORIENTED_EDGE('',*,*,#7129,.T.);
#7129 = EDGE_CURVE('',#7076,#7053,#7130,.T.);
#7130 = LINE('',#7131,#7132);
#7131 = CARTESIAN_POINT('',(15.1,-8.052757820339,-2.091423631337));
#7132 = VECTOR('',#7133,1.);
#7133 = DIRECTION('',(-1.,0.,0.));
#7134 = PLANE('',#7135);
#7135 = AXIS2_PLACEMENT_3D('',#7136,#7137,#7138);
#7136 = CARTESIAN_POINT('',(15.1,-8.052757820339,-2.091423631337));
#7137 = DIRECTION('',(0.,-0.754709580223,0.656059028991));
#7138 = DIRECTION('',(0.,-0.656059028991,-0.754709580223));
#7139 = ADVANCED_FACE('',(#7140),#7146,.F.);
#7140 = FACE_BOUND('',#7141,.T.);
#7141 = EDGE_LOOP('',(#7142,#7143,#7144,#7145));
#7142 = ORIENTED_EDGE('',*,*,#6836,.T.);
#7143 = ORIENTED_EDGE('',*,*,#6822,.F.);
#7144 = ORIENTED_EDGE('',*,*,#5315,.F.);
#7145 = ORIENTED_EDGE('',*,*,#6861,.T.);
#7146 = PLANE('',#7147);
#7147 = AXIS2_PLACEMENT_3D('',#7148,#7149,#7150);
#7148 = CARTESIAN_POINT('',(4.1,-7.15,3.79));
#7149 = DIRECTION('',(0.,1.,0.));
#7150 = DIRECTION('',(-1.,0.,0.));
#7151 = ADVANCED_FACE('',(#7152),#7158,.F.);
#7152 = FACE_BOUND('',#7153,.T.);
#7153 = EDGE_LOOP('',(#7154,#7155,#7156,#7157));
#7154 = ORIENTED_EDGE('',*,*,#6970,.T.);
#7155 = ORIENTED_EDGE('',*,*,#6956,.F.);
#7156 = ORIENTED_EDGE('',*,*,#5428,.F.);
#7157 = ORIENTED_EDGE('',*,*,#6995,.T.);
#7158 = PLANE('',#7159);
#7159 = AXIS2_PLACEMENT_3D('',#7160,#7161,#7162);
#7160 = CARTESIAN_POINT('',(4.1,-7.15,8.74));
#7161 = DIRECTION('',(0.,1.,0.));
#7162 = DIRECTION('',(-1.,0.,0.));
#7163 = ADVANCED_FACE('',(#7164),#7175,.F.);
#7164 = FACE_BOUND('',#7165,.T.);
#7165 = EDGE_LOOP('',(#7166,#7167,#7173,#7174));
#7166 = ORIENTED_EDGE('',*,*,#7043,.F.);
#7167 = ORIENTED_EDGE('',*,*,#7168,.F.);
#7168 = EDGE_CURVE('',#7087,#7035,#7169,.T.);
#7169 = LINE('',#7170,#7171);
#7170 = CARTESIAN_POINT('',(15.1,-8.27082039325,-1.885));
#7171 = VECTOR('',#7172,1.);
#7172 = DIRECTION('',(-1.,0.,0.));
#7173 = ORIENTED_EDGE('',*,*,#7086,.F.);
#7174 = ORIENTED_EDGE('',*,*,#5536,.T.);
#7175 = PLANE('',#7176);
#7176 = AXIS2_PLACEMENT_3D('',#7177,#7178,#7179);
#7177 = CARTESIAN_POINT('',(15.1,-7.716993713621,-1.247895284679));
#7178 = DIRECTION('',(0.,0.754709580223,-0.656059028991));
#7179 = DIRECTION('',(0.,0.656059028991,0.754709580223));
#7180 = ADVANCED_FACE('',(#7181),#7207,.T.);
#7181 = FACE_BOUND('',#7182,.T.);
#7182 = EDGE_LOOP('',(#7183,#7184,#7185,#7193,#7201));
#7183 = ORIENTED_EDGE('',*,*,#5688,.T.);
#7184 = ORIENTED_EDGE('',*,*,#5629,.T.);
#7185 = ORIENTED_EDGE('',*,*,#7186,.T.);
#7186 = EDGE_CURVE('',#5632,#7187,#7189,.T.);
#7187 = VERTEX_POINT('',#7188);
#7188 = CARTESIAN_POINT('',(10.960330259586,-4.278831492423,
    3.963635685637));
#7189 = LINE('',#7190,#7191);
#7190 = CARTESIAN_POINT('',(10.532386466818,-4.107666187088,
    4.054597946816));
#7191 = VECTOR('',#7192,1.);
#7192 = DIRECTION('',(-0.91091552212,0.364340215031,0.193621071354));
#7193 = ORIENTED_EDGE('',*,*,#7194,.T.);
#7194 = EDGE_CURVE('',#7187,#7195,#7197,.T.);
#7195 = VERTEX_POINT('',#7196);
#7196 = CARTESIAN_POINT('',(10.997467043141,-4.185982909735,
    3.955742018613));
#7197 = LINE('',#7198,#7199);
#7198 = CARTESIAN_POINT('',(10.926549774621,-4.36328873,3.970815949372)
  );
#7199 = VECTOR('',#7200,1.);
#7200 = DIRECTION('',(0.370216218454,0.925606578735,-7.869188646904E-02)
  );
#7201 = ORIENTED_EDGE('',*,*,#7202,.T.);
#7202 = EDGE_CURVE('',#7195,#5689,#7203,.T.);
#7203 = LINE('',#7204,#7205);
#7204 = CARTESIAN_POINT('',(11.017653966188,-4.185982413133,
    3.951451155659));
#7205 = VECTOR('',#7206,1.);
#7206 = DIRECTION('',(0.978147600451,2.406260469654E-05,-0.207911690758)
  );
#7207 = PLANE('',#7208);
#7208 = AXIS2_PLACEMENT_3D('',#7209,#7210,#7211);
#7209 = CARTESIAN_POINT('',(10.1,3.45,4.146504527515));
#7210 = DIRECTION('',(-0.207911690818,0.,-0.978147600734));
#7211 = DIRECTION('',(-0.978147600734,0.,0.207911690818));
#7212 = ADVANCED_FACE('',(#7213),#7224,.F.);
#7213 = FACE_BOUND('',#7214,.F.);
#7214 = EDGE_LOOP('',(#7215,#7221,#7222,#7223));
#7215 = ORIENTED_EDGE('',*,*,#7216,.F.);
#7216 = EDGE_CURVE('',#5720,#5648,#7217,.T.);
#7217 = LINE('',#7218,#7219);
#7218 = CARTESIAN_POINT('',(14.67427356711,-5.764302834624,6.39));
#7219 = VECTOR('',#7220,1.);
#7220 = DIRECTION('',(0.,0.,-1.));
#7221 = ORIENTED_EDGE('',*,*,#5727,.F.);
#7222 = ORIENTED_EDGE('',*,*,#5841,.T.);
#7223 = ORIENTED_EDGE('',*,*,#5647,.T.);
#7224 = CYLINDRICAL_SURFACE('',#7225,0.2);
#7225 = AXIS2_PLACEMENT_3D('',#7226,#7227,#7228);
#7226 = CARTESIAN_POINT('',(14.6,-5.95,6.39));
#7227 = DIRECTION('',(0.,0.,-1.));
#7228 = DIRECTION('',(-1.,0.,0.));
#7229 = ADVANCED_FACE('',(#7230),#7250,.F.);
#7230 = FACE_BOUND('',#7231,.T.);
#7231 = EDGE_LOOP('',(#7232,#7240,#7246,#7247,#7248,#7249));
#7232 = ORIENTED_EDGE('',*,*,#7233,.F.);
#7233 = EDGE_CURVE('',#7234,#5712,#7236,.T.);
#7234 = VERTEX_POINT('',#7235);
#7235 = CARTESIAN_POINT('',(10.960330259586,-4.278831492423,
    5.616364314363));
#7236 = LINE('',#7237,#7238);
#7237 = CARTESIAN_POINT('',(11.096778272596,-4.333406803956,
    5.645367234855));
#7238 = VECTOR('',#7239,1.);
#7239 = DIRECTION('',(0.91091552212,-0.364340215031,0.193621071354));
#7240 = ORIENTED_EDGE('',*,*,#7241,.T.);
#7241 = EDGE_CURVE('',#7234,#7187,#7242,.T.);
#7242 = LINE('',#7243,#7244);
#7243 = CARTESIAN_POINT('',(10.960330259586,-4.278831492423,6.39));
#7244 = VECTOR('',#7245,1.);
#7245 = DIRECTION('',(0.,0.,-1.));
#7246 = ORIENTED_EDGE('',*,*,#7186,.F.);
#7247 = ORIENTED_EDGE('',*,*,#5656,.T.);
#7248 = ORIENTED_EDGE('',*,*,#7216,.F.);
#7249 = ORIENTED_EDGE('',*,*,#5719,.F.);
#7250 = PLANE('',#7251);
#7251 = AXIS2_PLACEMENT_3D('',#7252,#7253,#7254);
#7252 = CARTESIAN_POINT('',(10.960330259586,-4.278831492423,6.39));
#7253 = DIRECTION('',(0.37136783555,0.928485826881,0.));
#7254 = DIRECTION('',(-0.928485826881,0.37136783555,0.));
#7255 = ADVANCED_FACE('',(#7256),#7275,.T.);
#7256 = FACE_BOUND('',#7257,.T.);
#7257 = EDGE_LOOP('',(#7258,#7259,#7267,#7273,#7274));
#7258 = ORIENTED_EDGE('',*,*,#5670,.T.);
#7259 = ORIENTED_EDGE('',*,*,#7260,.T.);
#7260 = EDGE_CURVE('',#5673,#7261,#7263,.T.);
#7261 = VERTEX_POINT('',#7262);
#7262 = CARTESIAN_POINT('',(10.997467043141,-4.185982909735,
    5.624257981387));
#7263 = LINE('',#7264,#7265);
#7264 = CARTESIAN_POINT('',(11.668432594733,-4.185966403863,
    5.766876112032));
#7265 = VECTOR('',#7266,1.);
#7266 = DIRECTION('',(-0.978147600451,-2.406260469654E-05,
    -0.207911690758));
#7267 = ORIENTED_EDGE('',*,*,#7268,.T.);
#7268 = EDGE_CURVE('',#7261,#7234,#7269,.T.);
#7269 = LINE('',#7270,#7271);
#7270 = CARTESIAN_POINT('',(11.019775415042,-4.130208001011,
    5.628999772215));
#7271 = VECTOR('',#7272,1.);
#7272 = DIRECTION('',(-0.370216218454,-0.925606578735,
    -7.869188646904E-02));
#7273 = ORIENTED_EDGE('',*,*,#7233,.T.);
#7274 = ORIENTED_EDGE('',*,*,#5711,.F.);
#7275 = PLANE('',#7276);
#7276 = AXIS2_PLACEMENT_3D('',#7277,#7278,#7279);
#7277 = CARTESIAN_POINT('',(14.6,3.45,6.39));
#7278 = DIRECTION('',(-0.207911690818,0.,0.978147600734));
#7279 = DIRECTION('',(0.978147600734,0.,0.207911690818));
#7280 = ADVANCED_FACE('',(#7281),#7292,.F.);
#7281 = FACE_BOUND('',#7282,.T.);
#7282 = EDGE_LOOP('',(#7283,#7284,#7285,#7286));
#7283 = ORIENTED_EDGE('',*,*,#7260,.F.);
#7284 = ORIENTED_EDGE('',*,*,#5696,.T.);
#7285 = ORIENTED_EDGE('',*,*,#7202,.F.);
#7286 = ORIENTED_EDGE('',*,*,#7287,.F.);
#7287 = EDGE_CURVE('',#7261,#7195,#7288,.T.);
#7288 = LINE('',#7289,#7290);
#7289 = CARTESIAN_POINT('',(10.997467043141,-4.185982909735,6.39));
#7290 = VECTOR('',#7291,1.);
#7291 = DIRECTION('',(0.,0.,-1.));
#7292 = PLANE('',#7293);
#7293 = AXIS2_PLACEMENT_3D('',#7294,#7295,#7296);
#7294 = CARTESIAN_POINT('',(11.535983523692,-4.185969662134,6.39));
#7295 = DIRECTION('',(2.460017759914E-05,-0.999999999697,0.));
#7296 = DIRECTION('',(0.999999999697,2.460017759914E-05,0.));
#7297 = ADVANCED_FACE('',(#7298),#7324,.F.);
#7298 = FACE_BOUND('',#7299,.T.);
#7299 = EDGE_LOOP('',(#7300,#7301,#7302,#7310,#7318));
#7300 = ORIENTED_EDGE('',*,*,#5744,.T.);
#7301 = ORIENTED_EDGE('',*,*,#5816,.T.);
#7302 = ORIENTED_EDGE('',*,*,#7303,.F.);
#7303 = EDGE_CURVE('',#7304,#5817,#7306,.T.);
#7304 = VERTEX_POINT('',#7305);
#7305 = CARTESIAN_POINT('',(6.,-6.2,6.64));
#7306 = LINE('',#7307,#7308);
#7307 = CARTESIAN_POINT('',(6.,-6.2,6.64));
#7308 = VECTOR('',#7309,1.);
#7309 = DIRECTION('',(1.,0.,0.));
#7310 = ORIENTED_EDGE('',*,*,#7311,.F.);
#7311 = EDGE_CURVE('',#7312,#7304,#7314,.T.);
#7312 = VERTEX_POINT('',#7313);
#7313 = CARTESIAN_POINT('',(6.,-5.475,6.64));
#7314 = LINE('',#7315,#7316);
#7315 = CARTESIAN_POINT('',(6.,-5.475,6.64));
#7316 = VECTOR('',#7317,1.);
#7317 = DIRECTION('',(0.,-1.,0.));
#7318 = ORIENTED_EDGE('',*,*,#7319,.T.);
#7319 = EDGE_CURVE('',#7312,#5745,#7320,.T.);
#7320 = LINE('',#7321,#7322);
#7321 = CARTESIAN_POINT('',(6.,-5.475,6.64));
#7322 = VECTOR('',#7323,1.);
#7323 = DIRECTION('',(1.,0.,0.));
#7324 = PLANE('',#7325);
#7325 = AXIS2_PLACEMENT_3D('',#7326,#7327,#7328);
#7326 = CARTESIAN_POINT('',(6.,-5.475,6.64));
#7327 = DIRECTION('',(0.,0.,1.));
#7328 = DIRECTION('',(1.,0.,0.));
#7329 = ADVANCED_FACE('',(#7330),#7348,.F.);
#7330 = FACE_BOUND('',#7331,.T.);
#7331 = EDGE_LOOP('',(#7332,#7333,#7334,#7342));
#7332 = ORIENTED_EDGE('',*,*,#5801,.T.);
#7333 = ORIENTED_EDGE('',*,*,#7319,.F.);
#7334 = ORIENTED_EDGE('',*,*,#7335,.F.);
#7335 = EDGE_CURVE('',#7336,#7312,#7338,.T.);
#7336 = VERTEX_POINT('',#7337);
#7337 = CARTESIAN_POINT('',(6.,-5.475,7.93));
#7338 = LINE('',#7339,#7340);
#7339 = CARTESIAN_POINT('',(6.,-5.475,7.93));
#7340 = VECTOR('',#7341,1.);
#7341 = DIRECTION('',(0.,0.,-1.));
#7342 = ORIENTED_EDGE('',*,*,#7343,.T.);
#7343 = EDGE_CURVE('',#7336,#5794,#7344,.T.);
#7344 = LINE('',#7345,#7346);
#7345 = CARTESIAN_POINT('',(6.,-5.475,7.93));
#7346 = VECTOR('',#7347,1.);
#7347 = DIRECTION('',(1.,0.,0.));
#7348 = PLANE('',#7349);
#7349 = AXIS2_PLACEMENT_3D('',#7350,#7351,#7352);
#7350 = CARTESIAN_POINT('',(6.,-5.475,7.93));
#7351 = DIRECTION('',(0.,-1.,0.));
#7352 = DIRECTION('',(1.,0.,0.));
#7353 = ADVANCED_FACE('',(#7354),#7372,.F.);
#7354 = FACE_BOUND('',#7355,.T.);
#7355 = EDGE_LOOP('',(#7356,#7357,#7358,#7366));
#7356 = ORIENTED_EDGE('',*,*,#5793,.T.);
#7357 = ORIENTED_EDGE('',*,*,#7343,.F.);
#7358 = ORIENTED_EDGE('',*,*,#7359,.F.);
#7359 = EDGE_CURVE('',#7360,#7336,#7362,.T.);
#7360 = VERTEX_POINT('',#7361);
#7361 = CARTESIAN_POINT('',(6.,-3.975,9.43));
#7362 = LINE('',#7363,#7364);
#7363 = CARTESIAN_POINT('',(6.,-3.975,9.43));
#7364 = VECTOR('',#7365,1.);
#7365 = DIRECTION('',(0.,-0.707106781187,-0.707106781187));
#7366 = ORIENTED_EDGE('',*,*,#7367,.T.);
#7367 = EDGE_CURVE('',#7360,#5786,#7368,.T.);
#7368 = LINE('',#7369,#7370);
#7369 = CARTESIAN_POINT('',(6.,-3.975,9.43));
#7370 = VECTOR('',#7371,1.);
#7371 = DIRECTION('',(1.,0.,0.));
#7372 = PLANE('',#7373);
#7373 = AXIS2_PLACEMENT_3D('',#7374,#7375,#7376);
#7374 = CARTESIAN_POINT('',(6.,-3.975,9.43));
#7375 = DIRECTION('',(0.,-0.707106781187,0.707106781187));
#7376 = DIRECTION('',(0.,-0.707106781187,-0.707106781187));
#7377 = ADVANCED_FACE('',(#7378),#7396,.F.);
#7378 = FACE_BOUND('',#7379,.T.);
#7379 = EDGE_LOOP('',(#7380,#7381,#7382,#7390));
#7380 = ORIENTED_EDGE('',*,*,#5785,.T.);
#7381 = ORIENTED_EDGE('',*,*,#7367,.F.);
#7382 = ORIENTED_EDGE('',*,*,#7383,.F.);
#7383 = EDGE_CURVE('',#7384,#7360,#7386,.T.);
#7384 = VERTEX_POINT('',#7385);
#7385 = CARTESIAN_POINT('',(6.,1.475,9.43));
#7386 = LINE('',#7387,#7388);
#7387 = CARTESIAN_POINT('',(6.,1.475,9.43));
#7388 = VECTOR('',#7389,1.);
#7389 = DIRECTION('',(0.,-1.,0.));
#7390 = ORIENTED_EDGE('',*,*,#7391,.T.);
#7391 = EDGE_CURVE('',#7384,#5778,#7392,.T.);
#7392 = LINE('',#7393,#7394);
#7393 = CARTESIAN_POINT('',(6.,1.475,9.43));
#7394 = VECTOR('',#7395,1.);
#7395 = DIRECTION('',(1.,0.,0.));
#7396 = PLANE('',#7397);
#7397 = AXIS2_PLACEMENT_3D('',#7398,#7399,#7400);
#7398 = CARTESIAN_POINT('',(6.,1.475,9.43));
#7399 = DIRECTION('',(0.,0.,1.));
#7400 = DIRECTION('',(1.,0.,0.));
#7401 = ADVANCED_FACE('',(#7402),#7420,.F.);
#7402 = FACE_BOUND('',#7403,.T.);
#7403 = EDGE_LOOP('',(#7404,#7405,#7406,#7414));
#7404 = ORIENTED_EDGE('',*,*,#5777,.T.);
#7405 = ORIENTED_EDGE('',*,*,#7391,.F.);
#7406 = ORIENTED_EDGE('',*,*,#7407,.F.);
#7407 = EDGE_CURVE('',#7408,#7384,#7410,.T.);
#7408 = VERTEX_POINT('',#7409);
#7409 = CARTESIAN_POINT('',(6.,2.975,7.93));
#7410 = LINE('',#7411,#7412);
#7411 = CARTESIAN_POINT('',(6.,2.975,7.93));
#7412 = VECTOR('',#7413,1.);
#7413 = DIRECTION('',(0.,-0.707106781187,0.707106781187));
#7414 = ORIENTED_EDGE('',*,*,#7415,.T.);
#7415 = EDGE_CURVE('',#7408,#5770,#7416,.T.);
#7416 = LINE('',#7417,#7418);
#7417 = CARTESIAN_POINT('',(6.,2.975,7.93));
#7418 = VECTOR('',#7419,1.);
#7419 = DIRECTION('',(1.,0.,0.));
#7420 = PLANE('',#7421);
#7421 = AXIS2_PLACEMENT_3D('',#7422,#7423,#7424);
#7422 = CARTESIAN_POINT('',(6.,2.975,7.93));
#7423 = DIRECTION('',(0.,0.707106781187,0.707106781187));
#7424 = DIRECTION('',(0.,-0.707106781187,0.707106781187));
#7425 = ADVANCED_FACE('',(#7426),#7444,.F.);
#7426 = FACE_BOUND('',#7427,.T.);
#7427 = EDGE_LOOP('',(#7428,#7429,#7430,#7438));
#7428 = ORIENTED_EDGE('',*,*,#5769,.T.);
#7429 = ORIENTED_EDGE('',*,*,#7415,.F.);
#7430 = ORIENTED_EDGE('',*,*,#7431,.F.);
#7431 = EDGE_CURVE('',#7432,#7408,#7434,.T.);
#7432 = VERTEX_POINT('',#7433);
#7433 = CARTESIAN_POINT('',(6.,2.975,6.64));
#7434 = LINE('',#7435,#7436);
#7435 = CARTESIAN_POINT('',(6.,2.975,6.64));
#7436 = VECTOR('',#7437,1.);
#7437 = DIRECTION('',(0.,0.,1.));
#7438 = ORIENTED_EDGE('',*,*,#7439,.T.);
#7439 = EDGE_CURVE('',#7432,#5762,#7440,.T.);
#7440 = LINE('',#7441,#7442);
#7441 = CARTESIAN_POINT('',(6.,2.975,6.64));
#7442 = VECTOR('',#7443,1.);
#7443 = DIRECTION('',(1.,0.,0.));
#7444 = PLANE('',#7445);
#7445 = AXIS2_PLACEMENT_3D('',#7446,#7447,#7448);
#7446 = CARTESIAN_POINT('',(6.,2.975,6.64));
#7447 = DIRECTION('',(0.,1.,0.));
#7448 = DIRECTION('',(-1.,0.,0.));
#7449 = ADVANCED_FACE('',(#7450),#7469,.F.);
#7450 = FACE_BOUND('',#7451,.T.);
#7451 = EDGE_LOOP('',(#7452,#7453,#7454,#7455,#7463));
#7452 = ORIENTED_EDGE('',*,*,#5896,.T.);
#7453 = ORIENTED_EDGE('',*,*,#5761,.T.);
#7454 = ORIENTED_EDGE('',*,*,#7439,.F.);
#7455 = ORIENTED_EDGE('',*,*,#7456,.F.);
#7456 = EDGE_CURVE('',#7457,#7432,#7459,.T.);
#7457 = VERTEX_POINT('',#7458);
#7458 = CARTESIAN_POINT('',(6.,3.7,6.64));
#7459 = LINE('',#7460,#7461);
#7460 = CARTESIAN_POINT('',(6.,3.7,6.64));
#7461 = VECTOR('',#7462,1.);
#7462 = DIRECTION('',(0.,-1.,0.));
#7463 = ORIENTED_EDGE('',*,*,#7464,.T.);
#7464 = EDGE_CURVE('',#7457,#5897,#7465,.T.);
#7465 = LINE('',#7466,#7467);
#7466 = CARTESIAN_POINT('',(6.,3.7,6.64));
#7467 = VECTOR('',#7468,1.);
#7468 = DIRECTION('',(1.,0.,0.));
#7469 = PLANE('',#7470);
#7470 = AXIS2_PLACEMENT_3D('',#7471,#7472,#7473);
#7471 = CARTESIAN_POINT('',(6.,3.7,6.64));
#7472 = DIRECTION('',(0.,0.,1.));
#7473 = DIRECTION('',(1.,0.,0.));
#7474 = ADVANCED_FACE('',(#7475),#7501,.F.);
#7475 = FACE_BOUND('',#7476,.T.);
#7476 = EDGE_LOOP('',(#7477,#7478,#7479,#7487,#7495));
#7477 = ORIENTED_EDGE('',*,*,#5832,.T.);
#7478 = ORIENTED_EDGE('',*,*,#6011,.T.);
#7479 = ORIENTED_EDGE('',*,*,#7480,.F.);
#7480 = EDGE_CURVE('',#7481,#6012,#7483,.T.);
#7481 = VERTEX_POINT('',#7482);
#7482 = CARTESIAN_POINT('',(6.,-5.475,2.64));
#7483 = LINE('',#7484,#7485);
#7484 = CARTESIAN_POINT('',(6.,-5.475,2.64));
#7485 = VECTOR('',#7486,1.);
#7486 = DIRECTION('',(1.,0.,0.));
#7487 = ORIENTED_EDGE('',*,*,#7488,.F.);
#7488 = EDGE_CURVE('',#7489,#7481,#7491,.T.);
#7489 = VERTEX_POINT('',#7490);
#7490 = CARTESIAN_POINT('',(6.,-6.2,2.64));
#7491 = LINE('',#7492,#7493);
#7492 = CARTESIAN_POINT('',(6.,-6.2,2.64));
#7493 = VECTOR('',#7494,1.);
#7494 = DIRECTION('',(0.,1.,0.));
#7495 = ORIENTED_EDGE('',*,*,#7496,.T.);
#7496 = EDGE_CURVE('',#7489,#5825,#7497,.T.);
#7497 = LINE('',#7498,#7499);
#7498 = CARTESIAN_POINT('',(6.,-6.2,2.64));
#7499 = VECTOR('',#7500,1.);
#7500 = DIRECTION('',(1.,0.,0.));
#7501 = PLANE('',#7502);
#7502 = AXIS2_PLACEMENT_3D('',#7503,#7504,#7505);
#7503 = CARTESIAN_POINT('',(6.,-6.2,2.64));
#7504 = DIRECTION('',(0.,0.,-1.));
#7505 = DIRECTION('',(-1.,0.,0.));
#7506 = ADVANCED_FACE('',(#7507),#7518,.F.);
#7507 = FACE_BOUND('',#7508,.T.);
#7508 = EDGE_LOOP('',(#7509,#7510,#7511,#7517));
#7509 = ORIENTED_EDGE('',*,*,#5824,.T.);
#7510 = ORIENTED_EDGE('',*,*,#7496,.F.);
#7511 = ORIENTED_EDGE('',*,*,#7512,.F.);
#7512 = EDGE_CURVE('',#7304,#7489,#7513,.T.);
#7513 = LINE('',#7514,#7515);
#7514 = CARTESIAN_POINT('',(6.,-6.2,6.64));
#7515 = VECTOR('',#7516,1.);
#7516 = DIRECTION('',(0.,0.,-1.));
#7517 = ORIENTED_EDGE('',*,*,#7303,.T.);
#7518 = PLANE('',#7519);
#7519 = AXIS2_PLACEMENT_3D('',#7520,#7521,#7522);
#7520 = CARTESIAN_POINT('',(6.,-6.2,6.64));
#7521 = DIRECTION('',(0.,-1.,0.));
#7522 = DIRECTION('',(1.,0.,0.));
#7523 = ADVANCED_FACE('',(#7524),#7556,.F.);
#7524 = FACE_BOUND('',#7525,.T.);
#7525 = EDGE_LOOP('',(#7526,#7534,#7535,#7541,#7542,#7550));
#7526 = ORIENTED_EDGE('',*,*,#7527,.F.);
#7527 = EDGE_CURVE('',#5858,#7528,#7530,.T.);
#7528 = VERTEX_POINT('',#7529);
#7529 = CARTESIAN_POINT('',(10.960330259586,1.778831492423,
    5.616364314363));
#7530 = LINE('',#7531,#7532);
#7531 = CARTESIAN_POINT('',(14.671489116494,3.263189133834,
    6.405195480799));
#7532 = VECTOR('',#7533,1.);
#7533 = DIRECTION('',(-0.91091552212,-0.364340215031,-0.193621071354));
#7534 = ORIENTED_EDGE('',*,*,#5855,.F.);
#7535 = ORIENTED_EDGE('',*,*,#7536,.T.);
#7536 = EDGE_CURVE('',#5856,#5947,#7537,.T.);
#7537 = LINE('',#7538,#7539);
#7538 = CARTESIAN_POINT('',(14.67427356711,3.264302834624,6.39));
#7539 = VECTOR('',#7540,1.);
#7540 = DIRECTION('',(0.,0.,-1.));
#7541 = ORIENTED_EDGE('',*,*,#5946,.T.);
#7542 = ORIENTED_EDGE('',*,*,#7543,.F.);
#7543 = EDGE_CURVE('',#7544,#5937,#7546,.T.);
#7544 = VERTEX_POINT('',#7545);
#7545 = CARTESIAN_POINT('',(10.960330259586,1.778831492423,
    3.963635685637));
#7546 = LINE('',#7547,#7548);
#7547 = CARTESIAN_POINT('',(14.107097310716,3.037448516965,
    3.294769700872));
#7548 = VECTOR('',#7549,1.);
#7549 = DIRECTION('',(0.91091552212,0.364340215031,-0.193621071354));
#7550 = ORIENTED_EDGE('',*,*,#7551,.F.);
#7551 = EDGE_CURVE('',#7528,#7544,#7552,.T.);
#7552 = LINE('',#7553,#7554);
#7553 = CARTESIAN_POINT('',(10.960330259586,1.778831492423,6.39));
#7554 = VECTOR('',#7555,1.);
#7555 = DIRECTION('',(0.,0.,-1.));
#7556 = PLANE('',#7557);
#7557 = AXIS2_PLACEMENT_3D('',#7558,#7559,#7560);
#7558 = CARTESIAN_POINT('',(14.67427356711,3.264302834624,6.39));
#7559 = DIRECTION('',(0.37136783555,-0.928485826881,0.));
#7560 = DIRECTION('',(0.928485826881,0.37136783555,0.));
#7561 = ADVANCED_FACE('',(#7562),#7581,.T.);
#7562 = FACE_BOUND('',#7563,.T.);
#7563 = EDGE_LOOP('',(#7564,#7565,#7566,#7567,#7575));
#7564 = ORIENTED_EDGE('',*,*,#5977,.T.);
#7565 = ORIENTED_EDGE('',*,*,#5865,.F.);
#7566 = ORIENTED_EDGE('',*,*,#7527,.T.);
#7567 = ORIENTED_EDGE('',*,*,#7568,.T.);
#7568 = EDGE_CURVE('',#7528,#7569,#7571,.T.);
#7569 = VERTEX_POINT('',#7570);
#7570 = CARTESIAN_POINT('',(10.997467043141,1.685982909735,
    5.624257981387));
#7571 = LINE('',#7572,#7573);
#7572 = CARTESIAN_POINT('',(10.982868597788,1.722481626929,
    5.621154986037));
#7573 = VECTOR('',#7574,1.);
#7574 = DIRECTION('',(0.370216218454,-0.925606578735,7.869188646905E-02)
  );
#7575 = ORIENTED_EDGE('',*,*,#7576,.T.);
#7576 = EDGE_CURVE('',#7569,#5978,#7577,.T.);
#7577 = LINE('',#7578,#7579);
#7578 = CARTESIAN_POINT('',(11.153194712108,1.685979078806,5.65735891926
    ));
#7579 = VECTOR('',#7580,1.);
#7580 = DIRECTION('',(0.978147600451,-2.406260469654E-05,0.207911690758)
  );
#7581 = PLANE('',#7582);
#7582 = AXIS2_PLACEMENT_3D('',#7583,#7584,#7585);
#7583 = CARTESIAN_POINT('',(14.6,3.45,6.39));
#7584 = DIRECTION('',(-0.207911690818,0.,0.978147600734));
#7585 = DIRECTION('',(0.978147600734,0.,0.207911690818));
#7586 = ADVANCED_FACE('',(#7587),#7593,.F.);
#7587 = FACE_BOUND('',#7588,.F.);
#7588 = EDGE_LOOP('',(#7589,#7590,#7591,#7592));
#7589 = ORIENTED_EDGE('',*,*,#5905,.T.);
#7590 = ORIENTED_EDGE('',*,*,#5881,.F.);
#7591 = ORIENTED_EDGE('',*,*,#7536,.T.);
#7592 = ORIENTED_EDGE('',*,*,#5954,.T.);
#7593 = CYLINDRICAL_SURFACE('',#7594,0.2);
#7594 = AXIS2_PLACEMENT_3D('',#7595,#7596,#7597);
#7595 = CARTESIAN_POINT('',(14.6,3.45,6.39));
#7596 = DIRECTION('',(0.,0.,-1.));
#7597 = DIRECTION('',(-1.,0.,0.));
#7598 = ADVANCED_FACE('',(#7599),#7617,.F.);
#7599 = FACE_BOUND('',#7600,.T.);
#7600 = EDGE_LOOP('',(#7601,#7602,#7603,#7611));
#7601 = ORIENTED_EDGE('',*,*,#5922,.T.);
#7602 = ORIENTED_EDGE('',*,*,#7464,.F.);
#7603 = ORIENTED_EDGE('',*,*,#7604,.F.);
#7604 = EDGE_CURVE('',#7605,#7457,#7607,.T.);
#7605 = VERTEX_POINT('',#7606);
#7606 = CARTESIAN_POINT('',(6.,3.7,2.64));
#7607 = LINE('',#7608,#7609);
#7608 = CARTESIAN_POINT('',(6.,3.7,2.64));
#7609 = VECTOR('',#7610,1.);
#7610 = DIRECTION('',(0.,0.,1.));
#7611 = ORIENTED_EDGE('',*,*,#7612,.T.);
#7612 = EDGE_CURVE('',#7605,#5915,#7613,.T.);
#7613 = LINE('',#7614,#7615);
#7614 = CARTESIAN_POINT('',(6.,3.7,2.64));
#7615 = VECTOR('',#7616,1.);
#7616 = DIRECTION('',(1.,0.,0.));
#7617 = PLANE('',#7618);
#7618 = AXIS2_PLACEMENT_3D('',#7619,#7620,#7621);
#7619 = CARTESIAN_POINT('',(6.,3.7,2.64));
#7620 = DIRECTION('',(0.,1.,0.));
#7621 = DIRECTION('',(-1.,0.,0.));
#7622 = ADVANCED_FACE('',(#7623),#7642,.F.);
#7623 = FACE_BOUND('',#7624,.T.);
#7624 = EDGE_LOOP('',(#7625,#7626,#7627,#7628,#7636));
#7625 = ORIENTED_EDGE('',*,*,#6043,.T.);
#7626 = ORIENTED_EDGE('',*,*,#5914,.T.);
#7627 = ORIENTED_EDGE('',*,*,#7612,.F.);
#7628 = ORIENTED_EDGE('',*,*,#7629,.F.);
#7629 = EDGE_CURVE('',#7630,#7605,#7632,.T.);
#7630 = VERTEX_POINT('',#7631);
#7631 = CARTESIAN_POINT('',(6.,2.975,2.64));
#7632 = LINE('',#7633,#7634);
#7633 = CARTESIAN_POINT('',(6.,2.975,2.64));
#7634 = VECTOR('',#7635,1.);
#7635 = DIRECTION('',(0.,1.,0.));
#7636 = ORIENTED_EDGE('',*,*,#7637,.T.);
#7637 = EDGE_CURVE('',#7630,#6036,#7638,.T.);
#7638 = LINE('',#7639,#7640);
#7639 = CARTESIAN_POINT('',(6.,2.975,2.64));
#7640 = VECTOR('',#7641,1.);
#7641 = DIRECTION('',(1.,0.,0.));
#7642 = PLANE('',#7643);
#7643 = AXIS2_PLACEMENT_3D('',#7644,#7645,#7646);
#7644 = CARTESIAN_POINT('',(6.,2.975,2.64));
#7645 = DIRECTION('',(0.,0.,-1.));
#7646 = DIRECTION('',(-1.,0.,0.));
#7647 = ADVANCED_FACE('',(#7648),#7667,.T.);
#7648 = FACE_BOUND('',#7649,.T.);
#7649 = EDGE_LOOP('',(#7650,#7651,#7659,#7665,#7666));
#7650 = ORIENTED_EDGE('',*,*,#5993,.T.);
#7651 = ORIENTED_EDGE('',*,*,#7652,.T.);
#7652 = EDGE_CURVE('',#5986,#7653,#7655,.T.);
#7653 = VERTEX_POINT('',#7654);
#7654 = CARTESIAN_POINT('',(10.997467043141,1.685982909735,
    3.955742018613));
#7655 = LINE('',#7656,#7657);
#7656 = CARTESIAN_POINT('',(10.502416083563,1.685995088076,
    4.060968348432));
#7657 = VECTOR('',#7658,1.);
#7658 = DIRECTION('',(-0.978147600451,2.406260469654E-05,0.207911690758)
  );
#7659 = ORIENTED_EDGE('',*,*,#7660,.T.);
#7660 = EDGE_CURVE('',#7653,#7544,#7661,.T.);
#7661 = LINE('',#7662,#7663);
#7662 = CARTESIAN_POINT('',(10.889642957367,1.955562355918,3.97866073555
    ));
#7663 = VECTOR('',#7664,1.);
#7664 = DIRECTION('',(-0.370216218454,0.925606578735,7.869188646905E-02)
  );
#7665 = ORIENTED_EDGE('',*,*,#7543,.T.);
#7666 = ORIENTED_EDGE('',*,*,#5936,.T.);
#7667 = PLANE('',#7668);
#7668 = AXIS2_PLACEMENT_3D('',#7669,#7670,#7671);
#7669 = CARTESIAN_POINT('',(10.1,3.45,4.146504527515));
#7670 = DIRECTION('',(-0.207911690818,0.,-0.978147600734));
#7671 = DIRECTION('',(-0.978147600734,0.,0.207911690818));
#7672 = ADVANCED_FACE('',(#7673),#7684,.F.);
#7673 = FACE_BOUND('',#7674,.T.);
#7674 = EDGE_LOOP('',(#7675,#7676,#7682,#7683));
#7675 = ORIENTED_EDGE('',*,*,#7576,.F.);
#7676 = ORIENTED_EDGE('',*,*,#7677,.T.);
#7677 = EDGE_CURVE('',#7569,#7653,#7678,.T.);
#7678 = LINE('',#7679,#7680);
#7679 = CARTESIAN_POINT('',(10.997467043141,1.685982909735,6.39));
#7680 = VECTOR('',#7681,1.);
#7681 = DIRECTION('',(0.,0.,-1.));
#7682 = ORIENTED_EDGE('',*,*,#7652,.F.);
#7683 = ORIENTED_EDGE('',*,*,#5985,.F.);
#7684 = PLANE('',#7685);
#7685 = AXIS2_PLACEMENT_3D('',#7686,#7687,#7688);
#7686 = CARTESIAN_POINT('',(10.997467043141,1.685982909735,6.39));
#7687 = DIRECTION('',(2.460017759914E-05,0.999999999697,0.));
#7688 = DIRECTION('',(-0.999999999697,2.460017759914E-05,0.));
#7689 = ADVANCED_FACE('',(#7690),#7708,.F.);
#7690 = FACE_BOUND('',#7691,.T.);
#7691 = EDGE_LOOP('',(#7692,#7693,#7694,#7702));
#7692 = ORIENTED_EDGE('',*,*,#6035,.T.);
#7693 = ORIENTED_EDGE('',*,*,#7637,.F.);
#7694 = ORIENTED_EDGE('',*,*,#7695,.F.);
#7695 = EDGE_CURVE('',#7696,#7630,#7698,.T.);
#7696 = VERTEX_POINT('',#7697);
#7697 = CARTESIAN_POINT('',(6.,2.975,1.65));
#7698 = LINE('',#7699,#7700);
#7699 = CARTESIAN_POINT('',(6.,2.975,1.65));
#7700 = VECTOR('',#7701,1.);
#7701 = DIRECTION('',(0.,1.75E-15,1.));
#7702 = ORIENTED_EDGE('',*,*,#7703,.T.);
#7703 = EDGE_CURVE('',#7696,#6028,#7704,.T.);
#7704 = LINE('',#7705,#7706);
#7705 = CARTESIAN_POINT('',(6.,2.975,1.65));
#7706 = VECTOR('',#7707,1.);
#7707 = DIRECTION('',(1.,0.,0.));
#7708 = PLANE('',#7709);
#7709 = AXIS2_PLACEMENT_3D('',#7710,#7711,#7712);
#7710 = CARTESIAN_POINT('',(6.,2.975,1.65));
#7711 = DIRECTION('',(0.,1.,-1.75E-15));
#7712 = DIRECTION('',(0.,1.75E-15,1.));
#7713 = ADVANCED_FACE('',(#7714),#7732,.F.);
#7714 = FACE_BOUND('',#7715,.T.);
#7715 = EDGE_LOOP('',(#7716,#7717,#7718,#7726));
#7716 = ORIENTED_EDGE('',*,*,#6027,.T.);
#7717 = ORIENTED_EDGE('',*,*,#7703,.F.);
#7718 = ORIENTED_EDGE('',*,*,#7719,.F.);
#7719 = EDGE_CURVE('',#7720,#7696,#7722,.T.);
#7720 = VERTEX_POINT('',#7721);
#7721 = CARTESIAN_POINT('',(6.,-5.475,1.65));
#7722 = LINE('',#7723,#7724);
#7723 = CARTESIAN_POINT('',(6.,-5.475,1.65));
#7724 = VECTOR('',#7725,1.);
#7725 = DIRECTION('',(0.,1.,0.));
#7726 = ORIENTED_EDGE('',*,*,#7727,.T.);
#7727 = EDGE_CURVE('',#7720,#6020,#7728,.T.);
#7728 = LINE('',#7729,#7730);
#7729 = CARTESIAN_POINT('',(6.,-5.475,1.65));
#7730 = VECTOR('',#7731,1.);
#7731 = DIRECTION('',(1.,0.,0.));
#7732 = PLANE('',#7733);
#7733 = AXIS2_PLACEMENT_3D('',#7734,#7735,#7736);
#7734 = CARTESIAN_POINT('',(6.,-5.475,1.65));
#7735 = DIRECTION('',(0.,0.,-1.));
#7736 = DIRECTION('',(-1.,0.,0.));
#7737 = ADVANCED_FACE('',(#7738),#7749,.F.);
#7738 = FACE_BOUND('',#7739,.T.);
#7739 = EDGE_LOOP('',(#7740,#7741,#7742,#7748));
#7740 = ORIENTED_EDGE('',*,*,#6019,.T.);
#7741 = ORIENTED_EDGE('',*,*,#7727,.F.);
#7742 = ORIENTED_EDGE('',*,*,#7743,.F.);
#7743 = EDGE_CURVE('',#7481,#7720,#7744,.T.);
#7744 = LINE('',#7745,#7746);
#7745 = CARTESIAN_POINT('',(6.,-5.475,2.64));
#7746 = VECTOR('',#7747,1.);
#7747 = DIRECTION('',(0.,0.,-1.));
#7748 = ORIENTED_EDGE('',*,*,#7480,.T.);
#7749 = PLANE('',#7750);
#7750 = AXIS2_PLACEMENT_3D('',#7751,#7752,#7753);
#7751 = CARTESIAN_POINT('',(6.,-5.475,2.64));
#7752 = DIRECTION('',(0.,-1.,0.));
#7753 = DIRECTION('',(1.,0.,0.));
#7754 = ADVANCED_FACE('',(#7755),#7761,.T.);
#7755 = FACE_BOUND('',#7756,.T.);
#7756 = EDGE_LOOP('',(#7757,#7758,#7759,#7760));
#7757 = ORIENTED_EDGE('',*,*,#6147,.T.);
#7758 = ORIENTED_EDGE('',*,*,#6131,.T.);
#7759 = ORIENTED_EDGE('',*,*,#6196,.F.);
#7760 = ORIENTED_EDGE('',*,*,#6179,.T.);
#7761 = PLANE('',#7762);
#7762 = AXIS2_PLACEMENT_3D('',#7763,#7764,#7765);
#7763 = CARTESIAN_POINT('',(13.8,4.4,0.34));
#7764 = DIRECTION('',(0.,0.,-1.));
#7765 = DIRECTION('',(-1.,0.,0.));
#7766 = ADVANCED_FACE('',(#7767),#7773,.T.);
#7767 = FACE_BOUND('',#7768,.T.);
#7768 = EDGE_LOOP('',(#7769,#7770,#7771,#7772));
#7769 = ORIENTED_EDGE('',*,*,#6243,.T.);
#7770 = ORIENTED_EDGE('',*,*,#6227,.T.);
#7771 = ORIENTED_EDGE('',*,*,#6292,.F.);
#7772 = ORIENTED_EDGE('',*,*,#6275,.T.);
#7773 = PLANE('',#7774);
#7774 = AXIS2_PLACEMENT_3D('',#7775,#7776,#7777);
#7775 = CARTESIAN_POINT('',(13.8,4.4,0.34));
#7776 = DIRECTION('',(0.,0.,-1.));
#7777 = DIRECTION('',(-1.,0.,0.));
#7778 = ADVANCED_FACE('',(#7779),#7785,.F.);
#7779 = FACE_BOUND('',#7780,.T.);
#7780 = EDGE_LOOP('',(#7781,#7782,#7783,#7784));
#7781 = ORIENTED_EDGE('',*,*,#6449,.F.);
#7782 = ORIENTED_EDGE('',*,*,#6418,.F.);
#7783 = ORIENTED_EDGE('',*,*,#6498,.F.);
#7784 = ORIENTED_EDGE('',*,*,#6474,.F.);
#7785 = PLANE('',#7786);
#7786 = AXIS2_PLACEMENT_3D('',#7787,#7788,#7789);
#7787 = CARTESIAN_POINT('',(7.,-1.25,-1.E-02));
#7788 = DIRECTION('',(0.,0.,1.));
#7789 = DIRECTION('',(1.,0.,0.));
#7790 = ADVANCED_FACE('',(#7791),#7797,.F.);
#7791 = FACE_BOUND('',#7792,.T.);
#7792 = EDGE_LOOP('',(#7793,#7794,#7795,#7796));
#7793 = ORIENTED_EDGE('',*,*,#6546,.F.);
#7794 = ORIENTED_EDGE('',*,*,#6515,.F.);
#7795 = ORIENTED_EDGE('',*,*,#6595,.F.);
#7796 = ORIENTED_EDGE('',*,*,#6571,.F.);
#7797 = PLANE('',#7798);
#7798 = AXIS2_PLACEMENT_3D('',#7799,#7800,#7801);
#7799 = CARTESIAN_POINT('',(7.,-1.25,-1.E-02));
#7800 = DIRECTION('',(0.,0.,1.));
#7801 = DIRECTION('',(1.,0.,0.));
#7802 = ADVANCED_FACE('',(#7803),#7849,.T.);
#7803 = FACE_BOUND('',#7804,.T.);
#7804 = EDGE_LOOP('',(#7805,#7806,#7815,#7824,#7833,#7842));
#7805 = ORIENTED_EDGE('',*,*,#7024,.F.);
#7806 = ORIENTED_EDGE('',*,*,#7807,.T.);
#7807 = EDGE_CURVE('',#7025,#7808,#7810,.T.);
#7808 = VERTEX_POINT('',#7809);
#7809 = CARTESIAN_POINT('',(3.911032213696,-7.935500720121,
    -2.98240027256));
#7810 = B_SPLINE_CURVE_WITH_KNOTS('',3,(#7811,#7812,#7813,#7814),
  .UNSPECIFIED.,.F.,.F.,(4,4),(0.,9.530782829021E-05),
  .PIECEWISE_BEZIER_KNOTS.);
#7811 = CARTESIAN_POINT('',(3.903355776791,-8.009795896383,
    -2.923198235144));
#7812 = CARTESIAN_POINT('',(3.905352567939,-7.986564732325,
    -2.944930072385));
#7813 = CARTESIAN_POINT('',(3.90805379314,-7.961804747841,
    -2.964651986796));
#7814 = CARTESIAN_POINT('',(3.911032213696,-7.935500720121,
    -2.98240027256));
#7815 = ORIENTED_EDGE('',*,*,#7816,.T.);
#7816 = EDGE_CURVE('',#7808,#7817,#7819,.T.);
#7817 = VERTEX_POINT('',#7818);
#7818 = CARTESIAN_POINT('',(4.120275291088,-7.314473045579,
    -3.401288728233));
#7819 = ELLIPSE('',#7820,1.430633319977,0.8);
#7820 = AXIS2_PLACEMENT_3D('',#7821,#7822,#7823);
#7821 = CARTESIAN_POINT('',(4.7,-8.131792196439,-2.85));
#7822 = DIRECTION('',(-0.,-0.559192903471,-0.829037572555));
#7823 = DIRECTION('',(0.,-0.829037572555,0.559192903471));
#7824 = ORIENTED_EDGE('',*,*,#7825,.T.);
#7825 = EDGE_CURVE('',#7817,#7826,#7828,.T.);
#7826 = VERTEX_POINT('',#7827);
#7827 = CARTESIAN_POINT('',(4.7,-7.482230916621,-3.65));
#7828 = ELLIPSE('',#7829,0.964974358803,0.8);
#7829 = AXIS2_PLACEMENT_3D('',#7830,#7831,#7832);
#7830 = CARTESIAN_POINT('',(4.7,-6.942624103147,-2.85));
#7831 = DIRECTION('',(0.,-0.829037572555,0.559192903471));
#7832 = DIRECTION('',(0.,-0.559192903471,-0.829037572555));
#7833 = ORIENTED_EDGE('',*,*,#7834,.T.);
#7834 = EDGE_CURVE('',#7826,#7835,#7837,.T.);
#7835 = VERTEX_POINT('',#7836);
#7836 = CARTESIAN_POINT('',(3.998733288969,-8.097493718553,-3.235));
#7837 = ELLIPSE('',#7838,1.430633319977,0.8);
#7838 = AXIS2_PLACEMENT_3D('',#7839,#7840,#7841);
#7839 = CARTESIAN_POINT('',(4.7,-8.668279691431,-2.85));
#7840 = DIRECTION('',(-0.,0.559192903471,0.829037572555));
#7841 = DIRECTION('',(0.,-0.829037572555,0.559192903471));
#7842 = ORIENTED_EDGE('',*,*,#7843,.F.);
#7843 = EDGE_CURVE('',#7027,#7835,#7844,.T.);
#7844 = B_SPLINE_CURVE_WITH_KNOTS('',3,(#7845,#7846,#7847,#7848),
  .UNSPECIFIED.,.F.,.F.,(4,4),(0.,4.368482605839E-04),
  .PIECEWISE_BEZIER_KNOTS.);
#7845 = CARTESIAN_POINT('',(3.903355776791,-8.386118506789,
    -2.923198235144));
#7846 = CARTESIAN_POINT('',(3.915213644295,-8.314181394873,
    -3.052251915572));
#7847 = CARTESIAN_POINT('',(3.955824343932,-8.21532049408,
    -3.156842559064));
#7848 = CARTESIAN_POINT('',(3.998733288969,-8.097493718553,-3.235));
#7849 = CYLINDRICAL_SURFACE('',#7850,0.8);
#7850 = AXIS2_PLACEMENT_3D('',#7851,#7852,#7853);
#7851 = CARTESIAN_POINT('',(4.7,6.25,-2.85));
#7852 = DIRECTION('',(0.,-1.,0.));
#7853 = DIRECTION('',(1.,0.,0.));
#7854 = ADVANCED_FACE('',(#7855),#7876,.T.);
#7855 = FACE_BOUND('',#7856,.T.);
#7856 = EDGE_LOOP('',(#7857,#7858,#7859,#7867,#7874,#7875));
#7857 = ORIENTED_EDGE('',*,*,#7034,.F.);
#7858 = ORIENTED_EDGE('',*,*,#7843,.T.);
#7859 = ORIENTED_EDGE('',*,*,#7860,.F.);
#7860 = EDGE_CURVE('',#7861,#7835,#7863,.T.);
#7861 = VERTEX_POINT('',#7862);
#7862 = CARTESIAN_POINT('',(5.401266711031,-8.097493718553,-3.235));
#7863 = LINE('',#7864,#7865);
#7864 = CARTESIAN_POINT('',(15.1,-8.097493718553,-3.235));
#7865 = VECTOR('',#7866,1.);
#7866 = DIRECTION('',(-1.,0.,0.));
#7867 = ORIENTED_EDGE('',*,*,#7868,.T.);
#7868 = EDGE_CURVE('',#7861,#7095,#7869,.T.);
#7869 = B_SPLINE_CURVE_WITH_KNOTS('',3,(#7870,#7871,#7872,#7873),
  .UNSPECIFIED.,.F.,.F.,(4,4),(0.,4.375557070259E-04),
  .PIECEWISE_BEZIER_KNOTS.);
#7870 = CARTESIAN_POINT('',(5.401266711031,-8.097493718553,-3.235));
#7871 = CARTESIAN_POINT('',(5.444119724566,-8.215166907721,
    -3.156944436729));
#7872 = CARTESIAN_POINT('',(5.484812576441,-8.31434046597,
    -3.051966545337));
#7873 = CARTESIAN_POINT('',(5.496644223209,-8.386118506789,
    -2.923198235144));
#7874 = ORIENTED_EDGE('',*,*,#7094,.F.);
#7875 = ORIENTED_EDGE('',*,*,#7168,.T.);
#7876 = CYLINDRICAL_SURFACE('',#7877,0.9);
#7877 = AXIS2_PLACEMENT_3D('',#7878,#7879,#7880);
#7878 = CARTESIAN_POINT('',(15.1,-7.6,-2.485));
#7879 = DIRECTION('',(-1.,0.,0.));
#7880 = DIRECTION('',(0.,-1.,0.));
#7881 = ADVANCED_FACE('',(#7882),#7903,.F.);
#7882 = FACE_BOUND('',#7883,.F.);
#7883 = EDGE_LOOP('',(#7884,#7892,#7899,#7900,#7901,#7902));
#7884 = ORIENTED_EDGE('',*,*,#7885,.F.);
#7885 = EDGE_CURVE('',#7886,#7808,#7888,.T.);
#7886 = VERTEX_POINT('',#7887);
#7887 = CARTESIAN_POINT('',(5.488967786304,-7.935500720121,
    -2.98240027256));
#7888 = LINE('',#7889,#7890);
#7889 = CARTESIAN_POINT('',(15.1,-7.935500720121,-2.98240027256));
#7890 = VECTOR('',#7891,1.);
#7891 = DIRECTION('',(-1.,0.,0.));
#7892 = ORIENTED_EDGE('',*,*,#7893,.T.);
#7893 = EDGE_CURVE('',#7886,#7104,#7894,.T.);
#7894 = B_SPLINE_CURVE_WITH_KNOTS('',3,(#7895,#7896,#7897,#7898),
  .UNSPECIFIED.,.F.,.F.,(4,4),(0.,9.530782829021E-05),
  .PIECEWISE_BEZIER_KNOTS.);
#7895 = CARTESIAN_POINT('',(5.488967786304,-7.935500720121,
    -2.98240027256));
#7896 = CARTESIAN_POINT('',(5.49194620686,-7.961804747841,
    -2.964651986796));
#7897 = CARTESIAN_POINT('',(5.494647432061,-7.986564732325,
    -2.944930072385));
#7898 = CARTESIAN_POINT('',(5.496644223209,-8.009795896383,
    -2.923198235144));
#7899 = ORIENTED_EDGE('',*,*,#7111,.F.);
#7900 = ORIENTED_EDGE('',*,*,#7129,.T.);
#7901 = ORIENTED_EDGE('',*,*,#7060,.F.);
#7902 = ORIENTED_EDGE('',*,*,#7807,.T.);
#7903 = CYLINDRICAL_SURFACE('',#7904,0.6);
#7904 = AXIS2_PLACEMENT_3D('',#7905,#7906,#7907);
#7905 = CARTESIAN_POINT('',(15.1,-7.599907071315,-2.485030286653));
#7906 = DIRECTION('',(-1.,0.,0.));
#7907 = DIRECTION('',(0.,-1.,0.));
#7908 = ADVANCED_FACE('',(#7909),#7937,.T.);
#7909 = FACE_BOUND('',#7910,.T.);
#7910 = EDGE_LOOP('',(#7911,#7920,#7921,#7922,#7923,#7930));
#7911 = ORIENTED_EDGE('',*,*,#7912,.T.);
#7912 = EDGE_CURVE('',#7913,#7886,#7915,.T.);
#7913 = VERTEX_POINT('',#7914);
#7914 = CARTESIAN_POINT('',(5.279724708912,-7.314473045579,
    -3.401288728233));
#7915 = ELLIPSE('',#7916,1.430633319977,0.8);
#7916 = AXIS2_PLACEMENT_3D('',#7917,#7918,#7919);
#7917 = CARTESIAN_POINT('',(4.7,-8.131792196439,-2.85));
#7918 = DIRECTION('',(-0.,-0.559192903471,-0.829037572555));
#7919 = DIRECTION('',(0.,-0.829037572555,0.559192903471));
#7920 = ORIENTED_EDGE('',*,*,#7893,.T.);
#7921 = ORIENTED_EDGE('',*,*,#7103,.T.);
#7922 = ORIENTED_EDGE('',*,*,#7868,.F.);
#7923 = ORIENTED_EDGE('',*,*,#7924,.T.);
#7924 = EDGE_CURVE('',#7861,#7826,#7925,.T.);
#7925 = ELLIPSE('',#7926,1.430633319977,0.8);
#7926 = AXIS2_PLACEMENT_3D('',#7927,#7928,#7929);
#7927 = CARTESIAN_POINT('',(4.7,-8.668279691431,-2.85));
#7928 = DIRECTION('',(-0.,0.559192903471,0.829037572555));
#7929 = DIRECTION('',(0.,-0.829037572555,0.559192903471));
#7930 = ORIENTED_EDGE('',*,*,#7931,.T.);
#7931 = EDGE_CURVE('',#7826,#7913,#7932,.T.);
#7932 = ELLIPSE('',#7933,0.964974358803,0.8);
#7933 = AXIS2_PLACEMENT_3D('',#7934,#7935,#7936);
#7934 = CARTESIAN_POINT('',(4.7,-6.942624103147,-2.85));
#7935 = DIRECTION('',(0.,-0.829037572555,0.559192903471));
#7936 = DIRECTION('',(0.,-0.559192903471,-0.829037572555));
#7937 = CYLINDRICAL_SURFACE('',#7938,0.8);
#7938 = AXIS2_PLACEMENT_3D('',#7939,#7940,#7941);
#7939 = CARTESIAN_POINT('',(4.7,6.25,-2.85));
#7940 = DIRECTION('',(0.,-1.,0.));
#7941 = DIRECTION('',(1.,0.,0.));
#7942 = ADVANCED_FACE('',(#7943),#7949,.F.);
#7943 = FACE_BOUND('',#7944,.T.);
#7944 = EDGE_LOOP('',(#7945,#7946,#7947,#7948));
#7945 = ORIENTED_EDGE('',*,*,#7268,.F.);
#7946 = ORIENTED_EDGE('',*,*,#7287,.T.);
#7947 = ORIENTED_EDGE('',*,*,#7194,.F.);
#7948 = ORIENTED_EDGE('',*,*,#7241,.F.);
#7949 = PLANE('',#7950);
#7950 = AXIS2_PLACEMENT_3D('',#7951,#7952,#7953);
#7951 = CARTESIAN_POINT('',(10.997467043141,-4.185982909735,6.39));
#7952 = DIRECTION('',(0.928485826881,-0.37136783555,0.));
#7953 = DIRECTION('',(0.37136783555,0.928485826881,0.));
#7954 = ADVANCED_FACE('',(#7955,#7989),#8005,.T.);
#7955 = FACE_BOUND('',#7956,.T.);
#7956 = EDGE_LOOP('',(#7957,#7967,#7975,#7983));
#7957 = ORIENTED_EDGE('',*,*,#7958,.F.);
#7958 = EDGE_CURVE('',#7959,#7961,#7963,.T.);
#7959 = VERTEX_POINT('',#7960);
#7960 = CARTESIAN_POINT('',(6.,1.55,7.18));
#7961 = VERTEX_POINT('',#7962);
#7962 = CARTESIAN_POINT('',(6.,-4.05,7.18));
#7963 = LINE('',#7964,#7965);
#7964 = CARTESIAN_POINT('',(6.,1.55,7.18));
#7965 = VECTOR('',#7966,1.);
#7966 = DIRECTION('',(0.,-1.,0.));
#7967 = ORIENTED_EDGE('',*,*,#7968,.F.);
#7968 = EDGE_CURVE('',#7969,#7959,#7971,.T.);
#7969 = VERTEX_POINT('',#7970);
#7970 = CARTESIAN_POINT('',(6.,1.55,4.));
#7971 = LINE('',#7972,#7973);
#7972 = CARTESIAN_POINT('',(6.,1.55,4.));
#7973 = VECTOR('',#7974,1.);
#7974 = DIRECTION('',(0.,0.,1.));
#7975 = ORIENTED_EDGE('',*,*,#7976,.F.);
#7976 = EDGE_CURVE('',#7977,#7969,#7979,.T.);
#7977 = VERTEX_POINT('',#7978);
#7978 = CARTESIAN_POINT('',(6.,-4.05,4.));
#7979 = LINE('',#7980,#7981);
#7980 = CARTESIAN_POINT('',(6.,-4.05,4.));
#7981 = VECTOR('',#7982,1.);
#7982 = DIRECTION('',(0.,1.,0.));
#7983 = ORIENTED_EDGE('',*,*,#7984,.F.);
#7984 = EDGE_CURVE('',#7961,#7977,#7985,.T.);
#7985 = LINE('',#7986,#7987);
#7986 = CARTESIAN_POINT('',(6.,-4.05,7.18));
#7987 = VECTOR('',#7988,1.);
#7988 = DIRECTION('',(0.,0.,-1.));
#7989 = FACE_BOUND('',#7990,.T.);
#7990 = EDGE_LOOP('',(#7991,#7992,#7993,#7994,#7995,#7996,#7997,#7998,
    #7999,#8000,#8001,#8002,#8003,#8004));
#7991 = ORIENTED_EDGE('',*,*,#7512,.T.);
#7992 = ORIENTED_EDGE('',*,*,#7488,.T.);
#7993 = ORIENTED_EDGE('',*,*,#7743,.T.);
#7994 = ORIENTED_EDGE('',*,*,#7719,.T.);
#7995 = ORIENTED_EDGE('',*,*,#7695,.T.);
#7996 = ORIENTED_EDGE('',*,*,#7629,.T.);
#7997 = ORIENTED_EDGE('',*,*,#7604,.T.);
#7998 = ORIENTED_EDGE('',*,*,#7456,.T.);
#7999 = ORIENTED_EDGE('',*,*,#7431,.T.);
#8000 = ORIENTED_EDGE('',*,*,#7407,.T.);
#8001 = ORIENTED_EDGE('',*,*,#7383,.T.);
#8002 = ORIENTED_EDGE('',*,*,#7359,.T.);
#8003 = ORIENTED_EDGE('',*,*,#7335,.T.);
#8004 = ORIENTED_EDGE('',*,*,#7311,.T.);
#8005 = PLANE('',#8006);
#8006 = AXIS2_PLACEMENT_3D('',#8007,#8008,#8009);
#8007 = CARTESIAN_POINT('',(6.,-1.25,9.E-02));
#8008 = DIRECTION('',(1.,0.,0.));
#8009 = DIRECTION('',(0.,1.,0.));
#8010 = ADVANCED_FACE('',(#8011),#8017,.F.);
#8011 = FACE_BOUND('',#8012,.T.);
#8012 = EDGE_LOOP('',(#8013,#8014,#8015,#8016));
#8013 = ORIENTED_EDGE('',*,*,#7568,.F.);
#8014 = ORIENTED_EDGE('',*,*,#7551,.T.);
#8015 = ORIENTED_EDGE('',*,*,#7660,.F.);
#8016 = ORIENTED_EDGE('',*,*,#7677,.F.);
#8017 = PLANE('',#8018);
#8018 = AXIS2_PLACEMENT_3D('',#8019,#8020,#8021);
#8019 = CARTESIAN_POINT('',(10.960330259586,1.778831492423,6.39));
#8020 = DIRECTION('',(0.928485826881,0.37136783555,0.));
#8021 = DIRECTION('',(-0.37136783555,0.928485826881,0.));
#8022 = ADVANCED_FACE('',(#8023),#8034,.F.);
#8023 = FACE_BOUND('',#8024,.T.);
#8024 = EDGE_LOOP('',(#8025,#8026,#8027,#8033));
#8025 = ORIENTED_EDGE('',*,*,#7885,.F.);
#8026 = ORIENTED_EDGE('',*,*,#7912,.F.);
#8027 = ORIENTED_EDGE('',*,*,#8028,.T.);
#8028 = EDGE_CURVE('',#7913,#7817,#8029,.T.);
#8029 = LINE('',#8030,#8031);
#8030 = CARTESIAN_POINT('',(15.1,-7.314473045579,-3.401288728233));
#8031 = VECTOR('',#8032,1.);
#8032 = DIRECTION('',(-1.,0.,0.));
#8033 = ORIENTED_EDGE('',*,*,#7816,.F.);
#8034 = PLANE('',#8035);
#8035 = AXIS2_PLACEMENT_3D('',#8036,#8037,#8038);
#8036 = CARTESIAN_POINT('',(15.1,-7.314473045579,-3.401288728233));
#8037 = DIRECTION('',(0.,-0.559192903471,-0.829037572555));
#8038 = DIRECTION('',(0.,0.829037572555,-0.559192903471));
#8039 = ADVANCED_FACE('',(#8040),#8045,.F.);
#8040 = FACE_BOUND('',#8041,.T.);
#8041 = EDGE_LOOP('',(#8042,#8043,#8044));
#8042 = ORIENTED_EDGE('',*,*,#7931,.F.);
#8043 = ORIENTED_EDGE('',*,*,#7825,.F.);
#8044 = ORIENTED_EDGE('',*,*,#8028,.F.);
#8045 = PLANE('',#8046);
#8046 = AXIS2_PLACEMENT_3D('',#8047,#8048,#8049);
#8047 = CARTESIAN_POINT('',(15.1,-7.482230916621,-3.65));
#8048 = DIRECTION('',(0.,-0.829037572555,0.559192903471));
#8049 = DIRECTION('',(0.,-0.559192903471,-0.829037572555));
#8050 = ADVANCED_FACE('',(#8051),#8056,.F.);
#8051 = FACE_BOUND('',#8052,.T.);
#8052 = EDGE_LOOP('',(#8053,#8054,#8055));
#8053 = ORIENTED_EDGE('',*,*,#7860,.T.);
#8054 = ORIENTED_EDGE('',*,*,#7834,.F.);
#8055 = ORIENTED_EDGE('',*,*,#7924,.F.);
#8056 = PLANE('',#8057);
#8057 = AXIS2_PLACEMENT_3D('',#8058,#8059,#8060);
#8058 = CARTESIAN_POINT('',(15.1,-8.097493718553,-3.235));
#8059 = DIRECTION('',(0.,0.559192903471,0.829037572555));
#8060 = DIRECTION('',(0.,-0.829037572555,0.559192903471));
#8061 = ADVANCED_FACE('',(#8062,#8087,#8121,#8155,#8189),#8223,.T.);
#8062 = FACE_BOUND('',#8063,.T.);
#8063 = EDGE_LOOP('',(#8064,#8074,#8080,#8081));
#8064 = ORIENTED_EDGE('',*,*,#8065,.F.);
#8065 = EDGE_CURVE('',#8066,#8068,#8070,.T.);
#8066 = VERTEX_POINT('',#8067);
#8067 = CARTESIAN_POINT('',(14.8,1.55,7.18));
#8068 = VERTEX_POINT('',#8069);
#8069 = CARTESIAN_POINT('',(14.8,-4.05,7.18));
#8070 = LINE('',#8071,#8072);
#8071 = CARTESIAN_POINT('',(14.8,1.55,7.18));
#8072 = VECTOR('',#8073,1.);
#8073 = DIRECTION('',(0.,-1.,0.));
#8074 = ORIENTED_EDGE('',*,*,#8075,.F.);
#8075 = EDGE_CURVE('',#7959,#8066,#8076,.T.);
#8076 = LINE('',#8077,#8078);
#8077 = CARTESIAN_POINT('',(6.,1.55,7.18));
#8078 = VECTOR('',#8079,1.);
#8079 = DIRECTION('',(1.,0.,0.));
#8080 = ORIENTED_EDGE('',*,*,#7958,.T.);
#8081 = ORIENTED_EDGE('',*,*,#8082,.T.);
#8082 = EDGE_CURVE('',#7961,#8068,#8083,.T.);
#8083 = LINE('',#8084,#8085);
#8084 = CARTESIAN_POINT('',(6.,-4.05,7.18));
#8085 = VECTOR('',#8086,1.);
#8086 = DIRECTION('',(1.,0.,0.));
#8087 = FACE_BOUND('',#8088,.T.);
#8088 = EDGE_LOOP('',(#8089,#8099,#8107,#8115));
#8089 = ORIENTED_EDGE('',*,*,#8090,.F.);
#8090 = EDGE_CURVE('',#8091,#8093,#8095,.T.);
#8091 = VERTEX_POINT('',#8092);
#8092 = CARTESIAN_POINT('',(10.113956054718,-2.,7.18));
#8093 = VERTEX_POINT('',#8094);
#8094 = CARTESIAN_POINT('',(9.467820537965,-2.,7.18));
#8095 = LINE('',#8096,#8097);
#8096 = CARTESIAN_POINT('',(5.8,-2.,7.18));
#8097 = VECTOR('',#8098,1.);
#8098 = DIRECTION('',(-1.,0.,0.));
#8099 = ORIENTED_EDGE('',*,*,#8100,.T.);
#8100 = EDGE_CURVE('',#8091,#8101,#8103,.T.);
#8101 = VERTEX_POINT('',#8102);
#8102 = CARTESIAN_POINT('',(10.113956054718,-3.,7.18));
#8103 = LINE('',#8104,#8105);
#8104 = CARTESIAN_POINT('',(10.113956054718,1.025,7.18));
#8105 = VECTOR('',#8106,1.);
#8106 = DIRECTION('',(0.,-1.,0.));
#8107 = ORIENTED_EDGE('',*,*,#8108,.T.);
#8108 = EDGE_CURVE('',#8101,#8109,#8111,.T.);
#8109 = VERTEX_POINT('',#8110);
#8110 = CARTESIAN_POINT('',(9.467820537965,-3.,7.18));
#8111 = LINE('',#8112,#8113);
#8112 = CARTESIAN_POINT('',(8.56,-3.,7.18));
#8113 = VECTOR('',#8114,1.);
#8114 = DIRECTION('',(-1.,0.,0.));
#8115 = ORIENTED_EDGE('',*,*,#8116,.T.);
#8116 = EDGE_CURVE('',#8109,#8093,#8117,.T.);
#8117 = LINE('',#8118,#8119);
#8118 = CARTESIAN_POINT('',(9.467820537965,1.025,7.18));
#8119 = VECTOR('',#8120,1.);
#8120 = DIRECTION('',(0.,1.,0.));
#8121 = FACE_BOUND('',#8122,.T.);
#8122 = EDGE_LOOP('',(#8123,#8133,#8141,#8149));
#8123 = ORIENTED_EDGE('',*,*,#8124,.T.);
#8124 = EDGE_CURVE('',#8125,#8127,#8129,.T.);
#8125 = VERTEX_POINT('',#8126);
#8126 = CARTESIAN_POINT('',(12.384731427118,-3.,7.18));
#8127 = VERTEX_POINT('',#8128);
#8128 = CARTESIAN_POINT('',(11.914224284667,-3.,7.18));
#8129 = LINE('',#8130,#8131);
#8130 = CARTESIAN_POINT('',(8.56,-3.,7.18));
#8131 = VECTOR('',#8132,1.);
#8132 = DIRECTION('',(-1.,0.,0.));
#8133 = ORIENTED_EDGE('',*,*,#8134,.T.);
#8134 = EDGE_CURVE('',#8127,#8135,#8137,.T.);
#8135 = VERTEX_POINT('',#8136);
#8136 = CARTESIAN_POINT('',(11.914224284667,-2.,7.18));
#8137 = LINE('',#8138,#8139);
#8138 = CARTESIAN_POINT('',(11.914224284667,1.025,7.18));
#8139 = VECTOR('',#8140,1.);
#8140 = DIRECTION('',(0.,1.,0.));
#8141 = ORIENTED_EDGE('',*,*,#8142,.F.);
#8142 = EDGE_CURVE('',#8143,#8135,#8145,.T.);
#8143 = VERTEX_POINT('',#8144);
#8144 = CARTESIAN_POINT('',(12.384731427118,-2.,7.18));
#8145 = LINE('',#8146,#8147);
#8146 = CARTESIAN_POINT('',(5.8,-2.,7.18));
#8147 = VECTOR('',#8148,1.);
#8148 = DIRECTION('',(-1.,0.,0.));
#8149 = ORIENTED_EDGE('',*,*,#8150,.T.);
#8150 = EDGE_CURVE('',#8143,#8125,#8151,.T.);
#8151 = LINE('',#8152,#8153);
#8152 = CARTESIAN_POINT('',(12.384731427118,1.025,7.18));
#8153 = VECTOR('',#8154,1.);
#8154 = DIRECTION('',(0.,-1.,0.));
#8155 = FACE_BOUND('',#8156,.T.);
#8156 = EDGE_LOOP('',(#8157,#8167,#8175,#8183));
#8157 = ORIENTED_EDGE('',*,*,#8158,.F.);
#8158 = EDGE_CURVE('',#8159,#8161,#8163,.T.);
#8159 = VERTEX_POINT('',#8160);
#8160 = CARTESIAN_POINT('',(10.113956054718,0.5,7.18));
#8161 = VERTEX_POINT('',#8162);
#8162 = CARTESIAN_POINT('',(9.467820537965,0.5,7.18));
#8163 = LINE('',#8164,#8165);
#8164 = CARTESIAN_POINT('',(8.56,0.5,7.18));
#8165 = VECTOR('',#8166,1.);
#8166 = DIRECTION('',(-1.,0.,0.));
#8167 = ORIENTED_EDGE('',*,*,#8168,.T.);
#8168 = EDGE_CURVE('',#8159,#8169,#8171,.T.);
#8169 = VERTEX_POINT('',#8170);
#8170 = CARTESIAN_POINT('',(10.113956054718,-0.5,7.18));
#8171 = LINE('',#8172,#8173);
#8172 = CARTESIAN_POINT('',(10.113956054718,1.025,7.18));
#8173 = VECTOR('',#8174,1.);
#8174 = DIRECTION('',(0.,-1.,0.));
#8175 = ORIENTED_EDGE('',*,*,#8176,.F.);
#8176 = EDGE_CURVE('',#8177,#8169,#8179,.T.);
#8177 = VERTEX_POINT('',#8178);
#8178 = CARTESIAN_POINT('',(9.467820537965,-0.5,7.18));
#8179 = LINE('',#8180,#8181);
#8180 = CARTESIAN_POINT('',(10.55,-0.5,7.18));
#8181 = VECTOR('',#8182,1.);
#8182 = DIRECTION('',(1.,0.,0.));
#8183 = ORIENTED_EDGE('',*,*,#8184,.T.);
#8184 = EDGE_CURVE('',#8177,#8161,#8185,.T.);
#8185 = LINE('',#8186,#8187);
#8186 = CARTESIAN_POINT('',(9.467820537965,1.025,7.18));
#8187 = VECTOR('',#8188,1.);
#8188 = DIRECTION('',(0.,1.,0.));
#8189 = FACE_BOUND('',#8190,.T.);
#8190 = EDGE_LOOP('',(#8191,#8201,#8209,#8217));
#8191 = ORIENTED_EDGE('',*,*,#8192,.F.);
#8192 = EDGE_CURVE('',#8193,#8195,#8197,.T.);
#8193 = VERTEX_POINT('',#8194);
#8194 = CARTESIAN_POINT('',(11.914224284667,-0.5,7.18));
#8195 = VERTEX_POINT('',#8196);
#8196 = CARTESIAN_POINT('',(12.384731427118,-0.5,7.18));
#8197 = LINE('',#8198,#8199);
#8198 = CARTESIAN_POINT('',(10.55,-0.5,7.18));
#8199 = VECTOR('',#8200,1.);
#8200 = DIRECTION('',(1.,0.,0.));
#8201 = ORIENTED_EDGE('',*,*,#8202,.T.);
#8202 = EDGE_CURVE('',#8193,#8203,#8205,.T.);
#8203 = VERTEX_POINT('',#8204);
#8204 = CARTESIAN_POINT('',(11.914224284667,0.5,7.18));
#8205 = LINE('',#8206,#8207);
#8206 = CARTESIAN_POINT('',(11.914224284667,1.025,7.18));
#8207 = VECTOR('',#8208,1.);
#8208 = DIRECTION('',(0.,1.,0.));
#8209 = ORIENTED_EDGE('',*,*,#8210,.F.);
#8210 = EDGE_CURVE('',#8211,#8203,#8213,.T.);
#8211 = VERTEX_POINT('',#8212);
#8212 = CARTESIAN_POINT('',(12.384731427118,0.5,7.18));
#8213 = LINE('',#8214,#8215);
#8214 = CARTESIAN_POINT('',(8.56,0.5,7.18));
#8215 = VECTOR('',#8216,1.);
#8216 = DIRECTION('',(-1.,0.,0.));
#8217 = ORIENTED_EDGE('',*,*,#8218,.T.);
#8218 = EDGE_CURVE('',#8211,#8195,#8219,.T.);
#8219 = LINE('',#8220,#8221);
#8220 = CARTESIAN_POINT('',(12.384731427118,1.025,7.18));
#8221 = VECTOR('',#8222,1.);
#8222 = DIRECTION('',(0.,-1.,0.));
#8223 = PLANE('',#8224);
#8224 = AXIS2_PLACEMENT_3D('',#8225,#8226,#8227);
#8225 = CARTESIAN_POINT('',(6.,1.55,7.18));
#8226 = DIRECTION('',(0.,0.,1.));
#8227 = DIRECTION('',(1.,0.,0.));
#8228 = ADVANCED_FACE('',(#8229),#8247,.T.);
#8229 = FACE_BOUND('',#8230,.T.);
#8230 = EDGE_LOOP('',(#8231,#8239,#8245,#8246));
#8231 = ORIENTED_EDGE('',*,*,#8232,.F.);
#8232 = EDGE_CURVE('',#8233,#8066,#8235,.T.);
#8233 = VERTEX_POINT('',#8234);
#8234 = CARTESIAN_POINT('',(14.8,1.55,4.));
#8235 = LINE('',#8236,#8237);
#8236 = CARTESIAN_POINT('',(14.8,1.55,4.));
#8237 = VECTOR('',#8238,1.);
#8238 = DIRECTION('',(0.,0.,1.));
#8239 = ORIENTED_EDGE('',*,*,#8240,.F.);
#8240 = EDGE_CURVE('',#7969,#8233,#8241,.T.);
#8241 = LINE('',#8242,#8243);
#8242 = CARTESIAN_POINT('',(6.,1.55,4.));
#8243 = VECTOR('',#8244,1.);
#8244 = DIRECTION('',(1.,0.,0.));
#8245 = ORIENTED_EDGE('',*,*,#7968,.T.);
#8246 = ORIENTED_EDGE('',*,*,#8075,.T.);
#8247 = PLANE('',#8248);
#8248 = AXIS2_PLACEMENT_3D('',#8249,#8250,#8251);
#8249 = CARTESIAN_POINT('',(6.,1.55,4.));
#8250 = DIRECTION('',(0.,1.,0.));
#8251 = DIRECTION('',(-1.,0.,0.));
#8252 = ADVANCED_FACE('',(#8253,#8271,#8305,#8339,#8373),#8407,.T.);
#8253 = FACE_BOUND('',#8254,.T.);
#8254 = EDGE_LOOP('',(#8255,#8263,#8269,#8270));
#8255 = ORIENTED_EDGE('',*,*,#8256,.F.);
#8256 = EDGE_CURVE('',#8257,#8233,#8259,.T.);
#8257 = VERTEX_POINT('',#8258);
#8258 = CARTESIAN_POINT('',(14.8,-4.05,4.));
#8259 = LINE('',#8260,#8261);
#8260 = CARTESIAN_POINT('',(14.8,-4.05,4.));
#8261 = VECTOR('',#8262,1.);
#8262 = DIRECTION('',(0.,1.,0.));
#8263 = ORIENTED_EDGE('',*,*,#8264,.F.);
#8264 = EDGE_CURVE('',#7977,#8257,#8265,.T.);
#8265 = LINE('',#8266,#8267);
#8266 = CARTESIAN_POINT('',(6.,-4.05,4.));
#8267 = VECTOR('',#8268,1.);
#8268 = DIRECTION('',(1.,0.,0.));
#8269 = ORIENTED_EDGE('',*,*,#7976,.T.);
#8270 = ORIENTED_EDGE('',*,*,#8240,.T.);
#8271 = FACE_BOUND('',#8272,.T.);
#8272 = EDGE_LOOP('',(#8273,#8283,#8291,#8299));
#8273 = ORIENTED_EDGE('',*,*,#8274,.F.);
#8274 = EDGE_CURVE('',#8275,#8277,#8279,.T.);
#8275 = VERTEX_POINT('',#8276);
#8276 = CARTESIAN_POINT('',(11.914224284667,-2.,4.));
#8277 = VERTEX_POINT('',#8278);
#8278 = CARTESIAN_POINT('',(12.384731427118,-2.,4.));
#8279 = LINE('',#8280,#8281);
#8280 = CARTESIAN_POINT('',(5.8,-2.,4.));
#8281 = VECTOR('',#8282,1.);
#8282 = DIRECTION('',(1.,0.,0.));
#8283 = ORIENTED_EDGE('',*,*,#8284,.T.);
#8284 = EDGE_CURVE('',#8275,#8285,#8287,.T.);
#8285 = VERTEX_POINT('',#8286);
#8286 = CARTESIAN_POINT('',(11.914224284667,-3.,4.));
#8287 = LINE('',#8288,#8289);
#8288 = CARTESIAN_POINT('',(11.914224284667,-1.775,4.));
#8289 = VECTOR('',#8290,1.);
#8290 = DIRECTION('',(0.,-1.,0.));
#8291 = ORIENTED_EDGE('',*,*,#8292,.T.);
#8292 = EDGE_CURVE('',#8285,#8293,#8295,.T.);
#8293 = VERTEX_POINT('',#8294);
#8294 = CARTESIAN_POINT('',(12.384731427118,-3.,4.));
#8295 = LINE('',#8296,#8297);
#8296 = CARTESIAN_POINT('',(8.56,-3.,4.));
#8297 = VECTOR('',#8298,1.);
#8298 = DIRECTION('',(1.,0.,0.));
#8299 = ORIENTED_EDGE('',*,*,#8300,.T.);
#8300 = EDGE_CURVE('',#8293,#8277,#8301,.T.);
#8301 = LINE('',#8302,#8303);
#8302 = CARTESIAN_POINT('',(12.384731427118,-1.775,4.));
#8303 = VECTOR('',#8304,1.);
#8304 = DIRECTION('',(0.,1.,0.));
#8305 = FACE_BOUND('',#8306,.T.);
#8306 = EDGE_LOOP('',(#8307,#8317,#8325,#8333));
#8307 = ORIENTED_EDGE('',*,*,#8308,.T.);
#8308 = EDGE_CURVE('',#8309,#8311,#8313,.T.);
#8309 = VERTEX_POINT('',#8310);
#8310 = CARTESIAN_POINT('',(9.421021684095,-3.,4.));
#8311 = VERTEX_POINT('',#8312);
#8312 = CARTESIAN_POINT('',(10.086275116117,-3.,4.));
#8313 = LINE('',#8314,#8315);
#8314 = CARTESIAN_POINT('',(8.56,-3.,4.));
#8315 = VECTOR('',#8316,1.);
#8316 = DIRECTION('',(1.,0.,0.));
#8317 = ORIENTED_EDGE('',*,*,#8318,.T.);
#8318 = EDGE_CURVE('',#8311,#8319,#8321,.T.);
#8319 = VERTEX_POINT('',#8320);
#8320 = CARTESIAN_POINT('',(10.086275116117,-2.,4.));
#8321 = LINE('',#8322,#8323);
#8322 = CARTESIAN_POINT('',(10.086275116117,-1.775,4.));
#8323 = VECTOR('',#8324,1.);
#8324 = DIRECTION('',(0.,1.,0.));
#8325 = ORIENTED_EDGE('',*,*,#8326,.F.);
#8326 = EDGE_CURVE('',#8327,#8319,#8329,.T.);
#8327 = VERTEX_POINT('',#8328);
#8328 = CARTESIAN_POINT('',(9.421021684095,-2.,4.));
#8329 = LINE('',#8330,#8331);
#8330 = CARTESIAN_POINT('',(5.8,-2.,4.));
#8331 = VECTOR('',#8332,1.);
#8332 = DIRECTION('',(1.,0.,0.));
#8333 = ORIENTED_EDGE('',*,*,#8334,.T.);
#8334 = EDGE_CURVE('',#8327,#8309,#8335,.T.);
#8335 = LINE('',#8336,#8337);
#8336 = CARTESIAN_POINT('',(9.421021684095,-1.775,4.));
#8337 = VECTOR('',#8338,1.);
#8338 = DIRECTION('',(0.,-1.,0.));
#8339 = FACE_BOUND('',#8340,.T.);
#8340 = EDGE_LOOP('',(#8341,#8351,#8359,#8367));
#8341 = ORIENTED_EDGE('',*,*,#8342,.F.);
#8342 = EDGE_CURVE('',#8343,#8345,#8347,.T.);
#8343 = VERTEX_POINT('',#8344);
#8344 = CARTESIAN_POINT('',(11.914224284667,0.5,4.));
#8345 = VERTEX_POINT('',#8346);
#8346 = CARTESIAN_POINT('',(12.384731427118,0.5,4.));
#8347 = LINE('',#8348,#8349);
#8348 = CARTESIAN_POINT('',(8.56,0.5,4.));
#8349 = VECTOR('',#8350,1.);
#8350 = DIRECTION('',(1.,0.,0.));
#8351 = ORIENTED_EDGE('',*,*,#8352,.T.);
#8352 = EDGE_CURVE('',#8343,#8353,#8355,.T.);
#8353 = VERTEX_POINT('',#8354);
#8354 = CARTESIAN_POINT('',(11.914224284667,-0.5,4.));
#8355 = LINE('',#8356,#8357);
#8356 = CARTESIAN_POINT('',(11.914224284667,-1.775,4.));
#8357 = VECTOR('',#8358,1.);
#8358 = DIRECTION('',(0.,-1.,0.));
#8359 = ORIENTED_EDGE('',*,*,#8360,.F.);
#8360 = EDGE_CURVE('',#8361,#8353,#8363,.T.);
#8361 = VERTEX_POINT('',#8362);
#8362 = CARTESIAN_POINT('',(12.384731427118,-0.5,4.));
#8363 = LINE('',#8364,#8365);
#8364 = CARTESIAN_POINT('',(10.55,-0.5,4.));
#8365 = VECTOR('',#8366,1.);
#8366 = DIRECTION('',(-1.,-0.,-0.));
#8367 = ORIENTED_EDGE('',*,*,#8368,.T.);
#8368 = EDGE_CURVE('',#8361,#8345,#8369,.T.);
#8369 = LINE('',#8370,#8371);
#8370 = CARTESIAN_POINT('',(12.384731427118,-1.775,4.));
#8371 = VECTOR('',#8372,1.);
#8372 = DIRECTION('',(0.,1.,0.));
#8373 = FACE_BOUND('',#8374,.T.);
#8374 = EDGE_LOOP('',(#8375,#8385,#8393,#8401));
#8375 = ORIENTED_EDGE('',*,*,#8376,.F.);
#8376 = EDGE_CURVE('',#8377,#8379,#8381,.T.);
#8377 = VERTEX_POINT('',#8378);
#8378 = CARTESIAN_POINT('',(10.086275116117,-0.5,4.));
#8379 = VERTEX_POINT('',#8380);
#8380 = CARTESIAN_POINT('',(9.421021684095,-0.5,4.));
#8381 = LINE('',#8382,#8383);
#8382 = CARTESIAN_POINT('',(10.55,-0.5,4.));
#8383 = VECTOR('',#8384,1.);
#8384 = DIRECTION('',(-1.,-0.,-0.));
#8385 = ORIENTED_EDGE('',*,*,#8386,.T.);
#8386 = EDGE_CURVE('',#8377,#8387,#8389,.T.);
#8387 = VERTEX_POINT('',#8388);
#8388 = CARTESIAN_POINT('',(10.086275116117,0.5,4.));
#8389 = LINE('',#8390,#8391);
#8390 = CARTESIAN_POINT('',(10.086275116117,-1.775,4.));
#8391 = VECTOR('',#8392,1.);
#8392 = DIRECTION('',(0.,1.,0.));
#8393 = ORIENTED_EDGE('',*,*,#8394,.F.);
#8394 = EDGE_CURVE('',#8395,#8387,#8397,.T.);
#8395 = VERTEX_POINT('',#8396);
#8396 = CARTESIAN_POINT('',(9.421021684095,0.5,4.));
#8397 = LINE('',#8398,#8399);
#8398 = CARTESIAN_POINT('',(8.56,0.5,4.));
#8399 = VECTOR('',#8400,1.);
#8400 = DIRECTION('',(1.,0.,0.));
#8401 = ORIENTED_EDGE('',*,*,#8402,.T.);
#8402 = EDGE_CURVE('',#8395,#8379,#8403,.T.);
#8403 = LINE('',#8404,#8405);
#8404 = CARTESIAN_POINT('',(9.421021684095,-1.775,4.));
#8405 = VECTOR('',#8406,1.);
#8406 = DIRECTION('',(0.,-1.,0.));
#8407 = PLANE('',#8408);
#8408 = AXIS2_PLACEMENT_3D('',#8409,#8410,#8411);
#8409 = CARTESIAN_POINT('',(6.,-4.05,4.));
#8410 = DIRECTION('',(0.,0.,-1.));
#8411 = DIRECTION('',(-1.,0.,0.));
#8412 = ADVANCED_FACE('',(#8413),#8424,.T.);
#8413 = FACE_BOUND('',#8414,.T.);
#8414 = EDGE_LOOP('',(#8415,#8421,#8422,#8423));
#8415 = ORIENTED_EDGE('',*,*,#8416,.F.);
#8416 = EDGE_CURVE('',#8068,#8257,#8417,.T.);
#8417 = LINE('',#8418,#8419);
#8418 = CARTESIAN_POINT('',(14.8,-4.05,7.18));
#8419 = VECTOR('',#8420,1.);
#8420 = DIRECTION('',(0.,0.,-1.));
#8421 = ORIENTED_EDGE('',*,*,#8082,.F.);
#8422 = ORIENTED_EDGE('',*,*,#7984,.T.);
#8423 = ORIENTED_EDGE('',*,*,#8264,.T.);
#8424 = PLANE('',#8425);
#8425 = AXIS2_PLACEMENT_3D('',#8426,#8427,#8428);
#8426 = CARTESIAN_POINT('',(6.,-4.05,7.18));
#8427 = DIRECTION('',(0.,-1.,0.));
#8428 = DIRECTION('',(1.,0.,0.));
#8429 = ADVANCED_FACE('',(#8430),#8436,.F.);
#8430 = FACE_BOUND('',#8431,.T.);
#8431 = EDGE_LOOP('',(#8432,#8433,#8434,#8435));
#8432 = ORIENTED_EDGE('',*,*,#8065,.T.);
#8433 = ORIENTED_EDGE('',*,*,#8416,.T.);
#8434 = ORIENTED_EDGE('',*,*,#8256,.T.);
#8435 = ORIENTED_EDGE('',*,*,#8232,.T.);
#8436 = PLANE('',#8437);
#8437 = AXIS2_PLACEMENT_3D('',#8438,#8439,#8440);
#8438 = CARTESIAN_POINT('',(14.8,-6.9,10.39));
#8439 = DIRECTION('',(-1.,0.,0.));
#8440 = DIRECTION('',(0.,-1.,0.));
#8441 = ADVANCED_FACE('',(#8442),#8492,.T.);
#8442 = FACE_BOUND('',#8443,.T.);
#8443 = EDGE_LOOP('',(#8444,#8452,#8453,#8461,#8470,#8476,#8477,#8485));
#8444 = ORIENTED_EDGE('',*,*,#8445,.T.);
#8445 = EDGE_CURVE('',#8446,#8091,#8448,.T.);
#8446 = VERTEX_POINT('',#8447);
#8447 = CARTESIAN_POINT('',(10.931335427462,-2.,7.513039608532));
#8448 = LINE('',#8449,#8450);
#8449 = CARTESIAN_POINT('',(10.931335427462,-2.,7.513039608532));
#8450 = VECTOR('',#8451,1.);
#8451 = DIRECTION('',(-0.926079217063,0.,-0.377329145076));
#8452 = ORIENTED_EDGE('',*,*,#8090,.T.);
#8453 = ORIENTED_EDGE('',*,*,#8454,.T.);
#8454 = EDGE_CURVE('',#8093,#8455,#8457,.T.);
#8455 = VERTEX_POINT('',#8456);
#8456 = CARTESIAN_POINT('',(10.834097583038,-2.,7.743368450375));
#8457 = LINE('',#8458,#8459);
#8458 = CARTESIAN_POINT('',(6.755,-2.,6.0614));
#8459 = VECTOR('',#8460,1.);
#8460 = DIRECTION('',(0.924491267166,0.,0.381203222616));
#8461 = ORIENTED_EDGE('',*,*,#8462,.T.);
#8462 = EDGE_CURVE('',#8455,#8463,#8465,.T.);
#8463 = VERTEX_POINT('',#8464);
#8464 = CARTESIAN_POINT('',(11.498185401796,-2.,7.697669515933));
#8465 = CIRCLE('',#8466,0.75);
#8466 = AXIS2_PLACEMENT_3D('',#8467,#8468,#8469);
#8467 = CARTESIAN_POINT('',(11.12,-2.,7.05));
#8468 = DIRECTION('',(0.,1.,-0.));
#8469 = DIRECTION('',(-1.,0.,0.));
#8470 = ORIENTED_EDGE('',*,*,#8471,.T.);
#8471 = EDGE_CURVE('',#8463,#8143,#8472,.T.);
#8472 = LINE('',#8473,#8474);
#8473 = CARTESIAN_POINT('',(11.498185401796,-2.,7.697669515933));
#8474 = VECTOR('',#8475,1.);
#8475 = DIRECTION('',(0.863559354577,0.,-0.504247202395));
#8476 = ORIENTED_EDGE('',*,*,#8142,.T.);
#8477 = ORIENTED_EDGE('',*,*,#8478,.T.);
#8478 = EDGE_CURVE('',#8135,#8479,#8481,.T.);
#8479 = VERTEX_POINT('',#8480);
#8480 = CARTESIAN_POINT('',(11.363271757552,-2.,7.486828172143));
#8481 = LINE('',#8482,#8483);
#8482 = CARTESIAN_POINT('',(12.83,-2.,6.67));
#8483 = VECTOR('',#8484,1.);
#8484 = DIRECTION('',(-0.873656344285,0.,0.486543515104));
#8485 = ORIENTED_EDGE('',*,*,#8486,.F.);
#8486 = EDGE_CURVE('',#8446,#8479,#8487,.T.);
#8487 = CIRCLE('',#8488,0.5);
#8488 = AXIS2_PLACEMENT_3D('',#8489,#8490,#8491);
#8489 = CARTESIAN_POINT('',(11.12,-2.,7.05));
#8490 = DIRECTION('',(0.,1.,-0.));
#8491 = DIRECTION('',(-1.,0.,0.));
#8492 = PLANE('',#8493);
#8493 = AXIS2_PLACEMENT_3D('',#8494,#8495,#8496);
#8494 = CARTESIAN_POINT('',(5.6,-2.,10.89));
#8495 = DIRECTION('',(0.,1.,0.));
#8496 = DIRECTION('',(-1.,0.,0.));
#8497 = ADVANCED_FACE('',(#8498),#8516,.F.);
#8498 = FACE_BOUND('',#8499,.F.);
#8499 = EDGE_LOOP('',(#8500,#8501,#8502,#8510));
#8500 = ORIENTED_EDGE('',*,*,#8116,.T.);
#8501 = ORIENTED_EDGE('',*,*,#8454,.T.);
#8502 = ORIENTED_EDGE('',*,*,#8503,.T.);
#8503 = EDGE_CURVE('',#8455,#8504,#8506,.T.);
#8504 = VERTEX_POINT('',#8505);
#8505 = CARTESIAN_POINT('',(10.834097583038,-3.,7.743368450375));
#8506 = LINE('',#8507,#8508);
#8507 = CARTESIAN_POINT('',(10.834097583038,0.5,7.743368450375));
#8508 = VECTOR('',#8509,1.);
#8509 = DIRECTION('',(0.,-1.,0.));
#8510 = ORIENTED_EDGE('',*,*,#8511,.F.);
#8511 = EDGE_CURVE('',#8109,#8504,#8512,.T.);
#8512 = LINE('',#8513,#8514);
#8513 = CARTESIAN_POINT('',(6.755,-3.,6.0614));
#8514 = VECTOR('',#8515,1.);
#8515 = DIRECTION('',(0.924491267166,0.,0.381203222616));
#8516 = PLANE('',#8517);
#8517 = AXIS2_PLACEMENT_3D('',#8518,#8519,#8520);
#8518 = CARTESIAN_POINT('',(6.755,0.5,6.0614));
#8519 = DIRECTION('',(0.381203222616,0.,-0.924491267166));
#8520 = DIRECTION('',(-0.924491267166,0.,-0.381203222616));
#8521 = ADVANCED_FACE('',(#8522),#8565,.F.);
#8522 = FACE_BOUND('',#8523,.F.);
#8523 = EDGE_LOOP('',(#8524,#8532,#8533,#8534,#8543,#8549,#8550,#8558));
#8524 = ORIENTED_EDGE('',*,*,#8525,.T.);
#8525 = EDGE_CURVE('',#8526,#8101,#8528,.T.);
#8526 = VERTEX_POINT('',#8527);
#8527 = CARTESIAN_POINT('',(10.931335427462,-3.,7.513039608532));
#8528 = LINE('',#8529,#8530);
#8529 = CARTESIAN_POINT('',(10.931335427462,-3.,7.513039608532));
#8530 = VECTOR('',#8531,1.);
#8531 = DIRECTION('',(-0.926079217063,0.,-0.377329145076));
#8532 = ORIENTED_EDGE('',*,*,#8108,.T.);
#8533 = ORIENTED_EDGE('',*,*,#8511,.T.);
#8534 = ORIENTED_EDGE('',*,*,#8535,.T.);
#8535 = EDGE_CURVE('',#8504,#8536,#8538,.T.);
#8536 = VERTEX_POINT('',#8537);
#8537 = CARTESIAN_POINT('',(11.498185401796,-3.,7.697669515933));
#8538 = CIRCLE('',#8539,0.75);
#8539 = AXIS2_PLACEMENT_3D('',#8540,#8541,#8542);
#8540 = CARTESIAN_POINT('',(11.12,-3.,7.05));
#8541 = DIRECTION('',(0.,1.,-0.));
#8542 = DIRECTION('',(-1.,0.,0.));
#8543 = ORIENTED_EDGE('',*,*,#8544,.T.);
#8544 = EDGE_CURVE('',#8536,#8125,#8545,.T.);
#8545 = LINE('',#8546,#8547);
#8546 = CARTESIAN_POINT('',(11.498185401796,-3.,7.697669515933));
#8547 = VECTOR('',#8548,1.);
#8548 = DIRECTION('',(0.863559354577,0.,-0.504247202395));
#8549 = ORIENTED_EDGE('',*,*,#8124,.T.);
#8550 = ORIENTED_EDGE('',*,*,#8551,.T.);
#8551 = EDGE_CURVE('',#8127,#8552,#8554,.T.);
#8552 = VERTEX_POINT('',#8553);
#8553 = CARTESIAN_POINT('',(11.363271757552,-3.,7.486828172143));
#8554 = LINE('',#8555,#8556);
#8555 = CARTESIAN_POINT('',(12.83,-3.,6.67));
#8556 = VECTOR('',#8557,1.);
#8557 = DIRECTION('',(-0.873656344285,0.,0.486543515104));
#8558 = ORIENTED_EDGE('',*,*,#8559,.F.);
#8559 = EDGE_CURVE('',#8526,#8552,#8560,.T.);
#8560 = CIRCLE('',#8561,0.5);
#8561 = AXIS2_PLACEMENT_3D('',#8562,#8563,#8564);
#8562 = CARTESIAN_POINT('',(11.12,-3.,7.05));
#8563 = DIRECTION('',(0.,1.,-0.));
#8564 = DIRECTION('',(-1.,0.,0.));
#8565 = PLANE('',#8566);
#8566 = AXIS2_PLACEMENT_3D('',#8567,#8568,#8569);
#8567 = CARTESIAN_POINT('',(11.12,-3.,7.05));
#8568 = DIRECTION('',(0.,1.,0.));
#8569 = DIRECTION('',(-1.,0.,0.));
#8570 = ADVANCED_FACE('',(#8571),#8582,.F.);
#8571 = FACE_BOUND('',#8572,.F.);
#8572 = EDGE_LOOP('',(#8573,#8579,#8580,#8581));
#8573 = ORIENTED_EDGE('',*,*,#8574,.F.);
#8574 = EDGE_CURVE('',#8446,#8526,#8575,.T.);
#8575 = LINE('',#8576,#8577);
#8576 = CARTESIAN_POINT('',(10.931335427462,0.5,7.513039608532));
#8577 = VECTOR('',#8578,1.);
#8578 = DIRECTION('',(0.,-1.,0.));
#8579 = ORIENTED_EDGE('',*,*,#8445,.T.);
#8580 = ORIENTED_EDGE('',*,*,#8100,.T.);
#8581 = ORIENTED_EDGE('',*,*,#8525,.F.);
#8582 = PLANE('',#8583);
#8583 = AXIS2_PLACEMENT_3D('',#8584,#8585,#8586);
#8584 = CARTESIAN_POINT('',(10.931335427462,0.5,7.513039608532));
#8585 = DIRECTION('',(-0.377329145076,0.,0.926079217063));
#8586 = DIRECTION('',(0.926079217063,0.,0.377329145076));
#8587 = ADVANCED_FACE('',(#8588),#8599,.F.);
#8588 = FACE_BOUND('',#8589,.F.);
#8589 = EDGE_LOOP('',(#8590,#8596,#8597,#8598));
#8590 = ORIENTED_EDGE('',*,*,#8591,.F.);
#8591 = EDGE_CURVE('',#8463,#8536,#8592,.T.);
#8592 = LINE('',#8593,#8594);
#8593 = CARTESIAN_POINT('',(11.498185401796,0.5,7.697669515933));
#8594 = VECTOR('',#8595,1.);
#8595 = DIRECTION('',(0.,-1.,0.));
#8596 = ORIENTED_EDGE('',*,*,#8471,.T.);
#8597 = ORIENTED_EDGE('',*,*,#8150,.T.);
#8598 = ORIENTED_EDGE('',*,*,#8544,.F.);
#8599 = PLANE('',#8600);
#8600 = AXIS2_PLACEMENT_3D('',#8601,#8602,#8603);
#8601 = CARTESIAN_POINT('',(11.498185401796,0.5,7.697669515933));
#8602 = DIRECTION('',(-0.504247202395,0.,-0.863559354577));
#8603 = DIRECTION('',(-0.863559354577,0.,0.504247202395));
#8604 = ADVANCED_FACE('',(#8605),#8616,.F.);
#8605 = FACE_BOUND('',#8606,.F.);
#8606 = EDGE_LOOP('',(#8607,#8608,#8609,#8615));
#8607 = ORIENTED_EDGE('',*,*,#8134,.T.);
#8608 = ORIENTED_EDGE('',*,*,#8478,.T.);
#8609 = ORIENTED_EDGE('',*,*,#8610,.T.);
#8610 = EDGE_CURVE('',#8479,#8552,#8611,.T.);
#8611 = LINE('',#8612,#8613);
#8612 = CARTESIAN_POINT('',(11.363271757552,0.5,7.486828172143));
#8613 = VECTOR('',#8614,1.);
#8614 = DIRECTION('',(0.,-1.,0.));
#8615 = ORIENTED_EDGE('',*,*,#8551,.F.);
#8616 = PLANE('',#8617);
#8617 = AXIS2_PLACEMENT_3D('',#8618,#8619,#8620);
#8618 = CARTESIAN_POINT('',(12.83,0.5,6.67));
#8619 = DIRECTION('',(0.486543515104,0.,0.873656344285));
#8620 = DIRECTION('',(0.873656344285,0.,-0.486543515104));
#8621 = ADVANCED_FACE('',(#8622),#8672,.T.);
#8622 = FACE_BOUND('',#8623,.T.);
#8623 = EDGE_LOOP('',(#8624,#8632,#8633,#8641,#8650,#8656,#8657,#8665));
#8624 = ORIENTED_EDGE('',*,*,#8625,.T.);
#8625 = EDGE_CURVE('',#8626,#8159,#8628,.T.);
#8626 = VERTEX_POINT('',#8627);
#8627 = CARTESIAN_POINT('',(10.931335427462,0.5,7.513039608532));
#8628 = LINE('',#8629,#8630);
#8629 = CARTESIAN_POINT('',(10.931335427462,0.5,7.513039608532));
#8630 = VECTOR('',#8631,1.);
#8631 = DIRECTION('',(-0.926079217063,0.,-0.377329145076));
#8632 = ORIENTED_EDGE('',*,*,#8158,.T.);
#8633 = ORIENTED_EDGE('',*,*,#8634,.T.);
#8634 = EDGE_CURVE('',#8161,#8635,#8637,.T.);
#8635 = VERTEX_POINT('',#8636);
#8636 = CARTESIAN_POINT('',(10.834097583038,0.5,7.743368450375));
#8637 = LINE('',#8638,#8639);
#8638 = CARTESIAN_POINT('',(6.755,0.5,6.0614));
#8639 = VECTOR('',#8640,1.);
#8640 = DIRECTION('',(0.924491267166,0.,0.381203222616));
#8641 = ORIENTED_EDGE('',*,*,#8642,.T.);
#8642 = EDGE_CURVE('',#8635,#8643,#8645,.T.);
#8643 = VERTEX_POINT('',#8644);
#8644 = CARTESIAN_POINT('',(11.498185401796,0.5,7.697669515933));
#8645 = CIRCLE('',#8646,0.75);
#8646 = AXIS2_PLACEMENT_3D('',#8647,#8648,#8649);
#8647 = CARTESIAN_POINT('',(11.12,0.5,7.05));
#8648 = DIRECTION('',(0.,1.,-0.));
#8649 = DIRECTION('',(-1.,0.,0.));
#8650 = ORIENTED_EDGE('',*,*,#8651,.T.);
#8651 = EDGE_CURVE('',#8643,#8211,#8652,.T.);
#8652 = LINE('',#8653,#8654);
#8653 = CARTESIAN_POINT('',(11.498185401796,0.5,7.697669515933));
#8654 = VECTOR('',#8655,1.);
#8655 = DIRECTION('',(0.863559354577,0.,-0.504247202395));
#8656 = ORIENTED_EDGE('',*,*,#8210,.T.);
#8657 = ORIENTED_EDGE('',*,*,#8658,.T.);
#8658 = EDGE_CURVE('',#8203,#8659,#8661,.T.);
#8659 = VERTEX_POINT('',#8660);
#8660 = CARTESIAN_POINT('',(11.363271757552,0.5,7.486828172143));
#8661 = LINE('',#8662,#8663);
#8662 = CARTESIAN_POINT('',(12.83,0.5,6.67));
#8663 = VECTOR('',#8664,1.);
#8664 = DIRECTION('',(-0.873656344285,0.,0.486543515104));
#8665 = ORIENTED_EDGE('',*,*,#8666,.F.);
#8666 = EDGE_CURVE('',#8626,#8659,#8667,.T.);
#8667 = CIRCLE('',#8668,0.5);
#8668 = AXIS2_PLACEMENT_3D('',#8669,#8670,#8671);
#8669 = CARTESIAN_POINT('',(11.12,0.5,7.05));
#8670 = DIRECTION('',(0.,1.,-0.));
#8671 = DIRECTION('',(-1.,0.,0.));
#8672 = PLANE('',#8673);
#8673 = AXIS2_PLACEMENT_3D('',#8674,#8675,#8676);
#8674 = CARTESIAN_POINT('',(11.12,0.5,7.05));
#8675 = DIRECTION('',(0.,1.,0.));
#8676 = DIRECTION('',(-1.,0.,0.));
#8677 = ADVANCED_FACE('',(#8678),#8696,.F.);
#8678 = FACE_BOUND('',#8679,.F.);
#8679 = EDGE_LOOP('',(#8680,#8688,#8694,#8695));
#8680 = ORIENTED_EDGE('',*,*,#8681,.T.);
#8681 = EDGE_CURVE('',#8635,#8682,#8684,.T.);
#8682 = VERTEX_POINT('',#8683);
#8683 = CARTESIAN_POINT('',(10.834097583038,-0.5,7.743368450375));
#8684 = LINE('',#8685,#8686);
#8685 = CARTESIAN_POINT('',(10.834097583038,0.5,7.743368450375));
#8686 = VECTOR('',#8687,1.);
#8687 = DIRECTION('',(0.,-1.,0.));
#8688 = ORIENTED_EDGE('',*,*,#8689,.T.);
#8689 = EDGE_CURVE('',#8682,#8177,#8690,.T.);
#8690 = LINE('',#8691,#8692);
#8691 = CARTESIAN_POINT('',(6.755,-0.5,6.0614));
#8692 = VECTOR('',#8693,1.);
#8693 = DIRECTION('',(-0.924491267166,0.,-0.381203222616));
#8694 = ORIENTED_EDGE('',*,*,#8184,.T.);
#8695 = ORIENTED_EDGE('',*,*,#8634,.T.);
#8696 = PLANE('',#8697);
#8697 = AXIS2_PLACEMENT_3D('',#8698,#8699,#8700);
#8698 = CARTESIAN_POINT('',(6.755,0.5,6.0614));
#8699 = DIRECTION('',(0.381203222616,0.,-0.924491267166));
#8700 = DIRECTION('',(-0.924491267166,0.,-0.381203222616));
#8701 = ADVANCED_FACE('',(#8702),#8745,.T.);
#8702 = FACE_BOUND('',#8703,.T.);
#8703 = EDGE_LOOP('',(#8704,#8705,#8713,#8722,#8728,#8729,#8737,#8744));
#8704 = ORIENTED_EDGE('',*,*,#8176,.T.);
#8705 = ORIENTED_EDGE('',*,*,#8706,.T.);
#8706 = EDGE_CURVE('',#8169,#8707,#8709,.T.);
#8707 = VERTEX_POINT('',#8708);
#8708 = CARTESIAN_POINT('',(10.931335427462,-0.5,7.513039608532));
#8709 = LINE('',#8710,#8711);
#8710 = CARTESIAN_POINT('',(10.931335427462,-0.5,7.513039608532));
#8711 = VECTOR('',#8712,1.);
#8712 = DIRECTION('',(0.926079217063,0.,0.377329145076));
#8713 = ORIENTED_EDGE('',*,*,#8714,.F.);
#8714 = EDGE_CURVE('',#8715,#8707,#8717,.T.);
#8715 = VERTEX_POINT('',#8716);
#8716 = CARTESIAN_POINT('',(11.363271757552,-0.5,7.486828172143));
#8717 = CIRCLE('',#8718,0.5);
#8718 = AXIS2_PLACEMENT_3D('',#8719,#8720,#8721);
#8719 = CARTESIAN_POINT('',(11.12,-0.5,7.05));
#8720 = DIRECTION('',(0.,-1.,0.));
#8721 = DIRECTION('',(1.,0.,0.));
#8722 = ORIENTED_EDGE('',*,*,#8723,.T.);
#8723 = EDGE_CURVE('',#8715,#8193,#8724,.T.);
#8724 = LINE('',#8725,#8726);
#8725 = CARTESIAN_POINT('',(12.83,-0.5,6.67));
#8726 = VECTOR('',#8727,1.);
#8727 = DIRECTION('',(0.873656344285,0.,-0.486543515104));
#8728 = ORIENTED_EDGE('',*,*,#8192,.T.);
#8729 = ORIENTED_EDGE('',*,*,#8730,.T.);
#8730 = EDGE_CURVE('',#8195,#8731,#8733,.T.);
#8731 = VERTEX_POINT('',#8732);
#8732 = CARTESIAN_POINT('',(11.498185401796,-0.5,7.697669515933));
#8733 = LINE('',#8734,#8735);
#8734 = CARTESIAN_POINT('',(11.498185401796,-0.5,7.697669515933));
#8735 = VECTOR('',#8736,1.);
#8736 = DIRECTION('',(-0.863559354577,0.,0.504247202395));
#8737 = ORIENTED_EDGE('',*,*,#8738,.T.);
#8738 = EDGE_CURVE('',#8731,#8682,#8739,.T.);
#8739 = CIRCLE('',#8740,0.75);
#8740 = AXIS2_PLACEMENT_3D('',#8741,#8742,#8743);
#8741 = CARTESIAN_POINT('',(11.12,-0.5,7.05));
#8742 = DIRECTION('',(0.,-1.,0.));
#8743 = DIRECTION('',(1.,0.,0.));
#8744 = ORIENTED_EDGE('',*,*,#8689,.T.);
#8745 = PLANE('',#8746);
#8746 = AXIS2_PLACEMENT_3D('',#8747,#8748,#8749);
#8747 = CARTESIAN_POINT('',(15.1,-0.5,10.89));
#8748 = DIRECTION('',(0.,-1.,0.));
#8749 = DIRECTION('',(1.,0.,0.));
#8750 = ADVANCED_FACE('',(#8751),#8762,.F.);
#8751 = FACE_BOUND('',#8752,.F.);
#8752 = EDGE_LOOP('',(#8753,#8754,#8755,#8761));
#8753 = ORIENTED_EDGE('',*,*,#8168,.T.);
#8754 = ORIENTED_EDGE('',*,*,#8706,.T.);
#8755 = ORIENTED_EDGE('',*,*,#8756,.F.);
#8756 = EDGE_CURVE('',#8626,#8707,#8757,.T.);
#8757 = LINE('',#8758,#8759);
#8758 = CARTESIAN_POINT('',(10.931335427462,0.5,7.513039608532));
#8759 = VECTOR('',#8760,1.);
#8760 = DIRECTION('',(0.,-1.,0.));
#8761 = ORIENTED_EDGE('',*,*,#8625,.T.);
#8762 = PLANE('',#8763);
#8763 = AXIS2_PLACEMENT_3D('',#8764,#8765,#8766);
#8764 = CARTESIAN_POINT('',(10.931335427462,0.5,7.513039608532));
#8765 = DIRECTION('',(-0.377329145076,0.,0.926079217063));
#8766 = DIRECTION('',(0.926079217063,0.,0.377329145076));
#8767 = ADVANCED_FACE('',(#8768),#8779,.F.);
#8768 = FACE_BOUND('',#8769,.F.);
#8769 = EDGE_LOOP('',(#8770,#8771,#8772,#8778));
#8770 = ORIENTED_EDGE('',*,*,#8218,.T.);
#8771 = ORIENTED_EDGE('',*,*,#8730,.T.);
#8772 = ORIENTED_EDGE('',*,*,#8773,.F.);
#8773 = EDGE_CURVE('',#8643,#8731,#8774,.T.);
#8774 = LINE('',#8775,#8776);
#8775 = CARTESIAN_POINT('',(11.498185401796,0.5,7.697669515933));
#8776 = VECTOR('',#8777,1.);
#8777 = DIRECTION('',(0.,-1.,0.));
#8778 = ORIENTED_EDGE('',*,*,#8651,.T.);
#8779 = PLANE('',#8780);
#8780 = AXIS2_PLACEMENT_3D('',#8781,#8782,#8783);
#8781 = CARTESIAN_POINT('',(11.498185401796,0.5,7.697669515933));
#8782 = DIRECTION('',(-0.504247202395,0.,-0.863559354577));
#8783 = DIRECTION('',(-0.863559354577,0.,0.504247202395));
#8784 = ADVANCED_FACE('',(#8785),#8796,.F.);
#8785 = FACE_BOUND('',#8786,.F.);
#8786 = EDGE_LOOP('',(#8787,#8793,#8794,#8795));
#8787 = ORIENTED_EDGE('',*,*,#8788,.T.);
#8788 = EDGE_CURVE('',#8659,#8715,#8789,.T.);
#8789 = LINE('',#8790,#8791);
#8790 = CARTESIAN_POINT('',(11.363271757552,0.5,7.486828172143));
#8791 = VECTOR('',#8792,1.);
#8792 = DIRECTION('',(0.,-1.,0.));
#8793 = ORIENTED_EDGE('',*,*,#8723,.T.);
#8794 = ORIENTED_EDGE('',*,*,#8202,.T.);
#8795 = ORIENTED_EDGE('',*,*,#8658,.T.);
#8796 = PLANE('',#8797);
#8797 = AXIS2_PLACEMENT_3D('',#8798,#8799,#8800);
#8798 = CARTESIAN_POINT('',(12.83,0.5,6.67));
#8799 = DIRECTION('',(0.486543515104,0.,0.873656344285));
#8800 = DIRECTION('',(0.873656344285,0.,-0.486543515104));
#8801 = ADVANCED_FACE('',(#8802),#8852,.T.);
#8802 = FACE_BOUND('',#8803,.T.);
#8803 = EDGE_LOOP('',(#8804,#8812,#8813,#8821,#8830,#8836,#8837,#8845));
#8804 = ORIENTED_EDGE('',*,*,#8805,.T.);
#8805 = EDGE_CURVE('',#8806,#8327,#8808,.T.);
#8806 = VERTEX_POINT('',#8807);
#8807 = CARTESIAN_POINT('',(10.842225031328,-2.,3.433335757499));
#8808 = LINE('',#8809,#8810);
#8809 = CARTESIAN_POINT('',(10.842225031328,-2.,3.433335757499));
#8810 = VECTOR('',#8811,1.);
#8811 = DIRECTION('',(-0.928885656668,0.,0.370366624896));
#8812 = ORIENTED_EDGE('',*,*,#8326,.T.);
#8813 = ORIENTED_EDGE('',*,*,#8814,.T.);
#8814 = EDGE_CURVE('',#8319,#8815,#8817,.T.);
#8815 = VERTEX_POINT('',#8816);
#8816 = CARTESIAN_POINT('',(10.936655606554,-2.,3.664828167886));
#8817 = LINE('',#8818,#8819);
#8818 = CARTESIAN_POINT('',(6.755,-2.,5.313));
#8819 = VECTOR('',#8820,1.);
#8820 = DIRECTION('',(0.930343664227,0.,-0.366688786891));
#8821 = ORIENTED_EDGE('',*,*,#8822,.F.);
#8822 = EDGE_CURVE('',#8823,#8815,#8825,.T.);
#8823 = VERTEX_POINT('',#8824);
#8824 = CARTESIAN_POINT('',(11.363271757552,-2.,3.693171827857));
#8825 = CIRCLE('',#8826,0.5);
#8826 = AXIS2_PLACEMENT_3D('',#8827,#8828,#8829);
#8827 = CARTESIAN_POINT('',(11.12,-2.,4.13));
#8828 = DIRECTION('',(0.,1.,-0.));
#8829 = DIRECTION('',(-1.,0.,0.));
#8830 = ORIENTED_EDGE('',*,*,#8831,.T.);
#8831 = EDGE_CURVE('',#8823,#8275,#8832,.T.);
#8832 = LINE('',#8833,#8834);
#8833 = CARTESIAN_POINT('',(11.363271757552,-2.,3.693171827857));
#8834 = VECTOR('',#8835,1.);
#8835 = DIRECTION('',(0.873656344285,0.,0.486543515104));
#8836 = ORIENTED_EDGE('',*,*,#8274,.T.);
#8837 = ORIENTED_EDGE('',*,*,#8838,.T.);
#8838 = EDGE_CURVE('',#8277,#8839,#8841,.T.);
#8839 = VERTEX_POINT('',#8840);
#8840 = CARTESIAN_POINT('',(11.498185401796,-2.,3.482330484067));
#8841 = LINE('',#8842,#8843);
#8842 = CARTESIAN_POINT('',(12.83,-2.,4.26));
#8843 = VECTOR('',#8844,1.);
#8844 = DIRECTION('',(-0.863559354577,0.,-0.504247202395));
#8845 = ORIENTED_EDGE('',*,*,#8846,.T.);
#8846 = EDGE_CURVE('',#8839,#8806,#8847,.T.);
#8847 = CIRCLE('',#8848,0.75);
#8848 = AXIS2_PLACEMENT_3D('',#8849,#8850,#8851);
#8849 = CARTESIAN_POINT('',(11.12,-2.,4.13));
#8850 = DIRECTION('',(0.,1.,-0.));
#8851 = DIRECTION('',(-1.,0.,0.));
#8852 = PLANE('',#8853);
#8853 = AXIS2_PLACEMENT_3D('',#8854,#8855,#8856);
#8854 = CARTESIAN_POINT('',(5.6,-2.,10.89));
#8855 = DIRECTION('',(0.,1.,0.));
#8856 = DIRECTION('',(-1.,0.,0.));
#8857 = ADVANCED_FACE('',(#8858),#8876,.F.);
#8858 = FACE_BOUND('',#8859,.F.);
#8859 = EDGE_LOOP('',(#8860,#8861,#8862,#8870));
#8860 = ORIENTED_EDGE('',*,*,#8300,.T.);
#8861 = ORIENTED_EDGE('',*,*,#8838,.T.);
#8862 = ORIENTED_EDGE('',*,*,#8863,.T.);
#8863 = EDGE_CURVE('',#8839,#8864,#8866,.T.);
#8864 = VERTEX_POINT('',#8865);
#8865 = CARTESIAN_POINT('',(11.498185401796,-3.,3.482330484067));
#8866 = LINE('',#8867,#8868);
#8867 = CARTESIAN_POINT('',(11.498185401796,0.5,3.482330484067));
#8868 = VECTOR('',#8869,1.);
#8869 = DIRECTION('',(0.,-1.,0.));
#8870 = ORIENTED_EDGE('',*,*,#8871,.F.);
#8871 = EDGE_CURVE('',#8293,#8864,#8872,.T.);
#8872 = LINE('',#8873,#8874);
#8873 = CARTESIAN_POINT('',(12.83,-3.,4.26));
#8874 = VECTOR('',#8875,1.);
#8875 = DIRECTION('',(-0.863559354577,0.,-0.504247202395));
#8876 = PLANE('',#8877);
#8877 = AXIS2_PLACEMENT_3D('',#8878,#8879,#8880);
#8878 = CARTESIAN_POINT('',(12.83,0.5,4.26));
#8879 = DIRECTION('',(-0.504247202395,0.,0.863559354577));
#8880 = DIRECTION('',(0.863559354577,0.,0.504247202395));
#8881 = ADVANCED_FACE('',(#8882),#8925,.F.);
#8882 = FACE_BOUND('',#8883,.F.);
#8883 = EDGE_LOOP('',(#8884,#8885,#8893,#8902,#8908,#8909,#8910,#8919));
#8884 = ORIENTED_EDGE('',*,*,#8308,.T.);
#8885 = ORIENTED_EDGE('',*,*,#8886,.T.);
#8886 = EDGE_CURVE('',#8311,#8887,#8889,.T.);
#8887 = VERTEX_POINT('',#8888);
#8888 = CARTESIAN_POINT('',(10.936655606554,-3.,3.664828167886));
#8889 = LINE('',#8890,#8891);
#8890 = CARTESIAN_POINT('',(6.755,-3.,5.313));
#8891 = VECTOR('',#8892,1.);
#8892 = DIRECTION('',(0.930343664227,0.,-0.366688786891));
#8893 = ORIENTED_EDGE('',*,*,#8894,.F.);
#8894 = EDGE_CURVE('',#8895,#8887,#8897,.T.);
#8895 = VERTEX_POINT('',#8896);
#8896 = CARTESIAN_POINT('',(11.363271757552,-3.,3.693171827857));
#8897 = CIRCLE('',#8898,0.5);
#8898 = AXIS2_PLACEMENT_3D('',#8899,#8900,#8901);
#8899 = CARTESIAN_POINT('',(11.12,-3.,4.13));
#8900 = DIRECTION('',(0.,1.,-0.));
#8901 = DIRECTION('',(-1.,0.,0.));
#8902 = ORIENTED_EDGE('',*,*,#8903,.T.);
#8903 = EDGE_CURVE('',#8895,#8285,#8904,.T.);
#8904 = LINE('',#8905,#8906);
#8905 = CARTESIAN_POINT('',(11.363271757552,-3.,3.693171827857));
#8906 = VECTOR('',#8907,1.);
#8907 = DIRECTION('',(0.873656344285,0.,0.486543515104));
#8908 = ORIENTED_EDGE('',*,*,#8292,.T.);
#8909 = ORIENTED_EDGE('',*,*,#8871,.T.);
#8910 = ORIENTED_EDGE('',*,*,#8911,.T.);
#8911 = EDGE_CURVE('',#8864,#8912,#8914,.T.);
#8912 = VERTEX_POINT('',#8913);
#8913 = CARTESIAN_POINT('',(10.842225031328,-3.,3.433335757499));
#8914 = CIRCLE('',#8915,0.75);
#8915 = AXIS2_PLACEMENT_3D('',#8916,#8917,#8918);
#8916 = CARTESIAN_POINT('',(11.12,-3.,4.13));
#8917 = DIRECTION('',(0.,1.,-0.));
#8918 = DIRECTION('',(-1.,0.,0.));
#8919 = ORIENTED_EDGE('',*,*,#8920,.T.);
#8920 = EDGE_CURVE('',#8912,#8309,#8921,.T.);
#8921 = LINE('',#8922,#8923);
#8922 = CARTESIAN_POINT('',(10.842225031328,-3.,3.433335757499));
#8923 = VECTOR('',#8924,1.);
#8924 = DIRECTION('',(-0.928885656668,0.,0.370366624896));
#8925 = PLANE('',#8926);
#8926 = AXIS2_PLACEMENT_3D('',#8927,#8928,#8929);
#8927 = CARTESIAN_POINT('',(11.12,-3.,7.05));
#8928 = DIRECTION('',(0.,1.,0.));
#8929 = DIRECTION('',(-1.,0.,0.));
#8930 = ADVANCED_FACE('',(#8931),#8942,.F.);
#8931 = FACE_BOUND('',#8932,.F.);
#8932 = EDGE_LOOP('',(#8933,#8939,#8940,#8941));
#8933 = ORIENTED_EDGE('',*,*,#8934,.F.);
#8934 = EDGE_CURVE('',#8823,#8895,#8935,.T.);
#8935 = LINE('',#8936,#8937);
#8936 = CARTESIAN_POINT('',(11.363271757552,0.5,3.693171827857));
#8937 = VECTOR('',#8938,1.);
#8938 = DIRECTION('',(0.,-1.,0.));
#8939 = ORIENTED_EDGE('',*,*,#8831,.T.);
#8940 = ORIENTED_EDGE('',*,*,#8284,.T.);
#8941 = ORIENTED_EDGE('',*,*,#8903,.F.);
#8942 = PLANE('',#8943);
#8943 = AXIS2_PLACEMENT_3D('',#8944,#8945,#8946);
#8944 = CARTESIAN_POINT('',(11.363271757552,0.5,3.693171827857));
#8945 = DIRECTION('',(0.486543515104,0.,-0.873656344285));
#8946 = DIRECTION('',(-0.873656344285,0.,-0.486543515104));
#8947 = ADVANCED_FACE('',(#8948),#8959,.F.);
#8948 = FACE_BOUND('',#8949,.F.);
#8949 = EDGE_LOOP('',(#8950,#8956,#8957,#8958));
#8950 = ORIENTED_EDGE('',*,*,#8951,.F.);
#8951 = EDGE_CURVE('',#8806,#8912,#8952,.T.);
#8952 = LINE('',#8953,#8954);
#8953 = CARTESIAN_POINT('',(10.842225031328,0.5,3.433335757499));
#8954 = VECTOR('',#8955,1.);
#8955 = DIRECTION('',(0.,-1.,0.));
#8956 = ORIENTED_EDGE('',*,*,#8805,.T.);
#8957 = ORIENTED_EDGE('',*,*,#8334,.T.);
#8958 = ORIENTED_EDGE('',*,*,#8920,.F.);
#8959 = PLANE('',#8960);
#8960 = AXIS2_PLACEMENT_3D('',#8961,#8962,#8963);
#8961 = CARTESIAN_POINT('',(10.842225031328,0.5,3.433335757499));
#8962 = DIRECTION('',(0.370366624896,0.,0.928885656668));
#8963 = DIRECTION('',(0.928885656668,0.,-0.370366624896));
#8964 = ADVANCED_FACE('',(#8965),#8976,.F.);
#8965 = FACE_BOUND('',#8966,.F.);
#8966 = EDGE_LOOP('',(#8967,#8968,#8969,#8975));
#8967 = ORIENTED_EDGE('',*,*,#8318,.T.);
#8968 = ORIENTED_EDGE('',*,*,#8814,.T.);
#8969 = ORIENTED_EDGE('',*,*,#8970,.T.);
#8970 = EDGE_CURVE('',#8815,#8887,#8971,.T.);
#8971 = LINE('',#8972,#8973);
#8972 = CARTESIAN_POINT('',(10.936655606554,0.5,3.664828167886));
#8973 = VECTOR('',#8974,1.);
#8974 = DIRECTION('',(0.,-1.,0.));
#8975 = ORIENTED_EDGE('',*,*,#8886,.F.);
#8976 = PLANE('',#8977);
#8977 = AXIS2_PLACEMENT_3D('',#8978,#8979,#8980);
#8978 = CARTESIAN_POINT('',(6.755,0.5,5.313));
#8979 = DIRECTION('',(-0.366688786891,0.,-0.930343664227));
#8980 = DIRECTION('',(-0.930343664227,0.,0.366688786891));
#8981 = ADVANCED_FACE('',(#8982),#9032,.T.);
#8982 = FACE_BOUND('',#8983,.T.);
#8983 = EDGE_LOOP('',(#8984,#8992,#8993,#9001,#9010,#9016,#9017,#9025));
#8984 = ORIENTED_EDGE('',*,*,#8985,.T.);
#8985 = EDGE_CURVE('',#8986,#8395,#8988,.T.);
#8986 = VERTEX_POINT('',#8987);
#8987 = CARTESIAN_POINT('',(10.842225031328,0.5,3.433335757499));
#8988 = LINE('',#8989,#8990);
#8989 = CARTESIAN_POINT('',(10.842225031328,0.5,3.433335757499));
#8990 = VECTOR('',#8991,1.);
#8991 = DIRECTION('',(-0.928885656668,0.,0.370366624896));
#8992 = ORIENTED_EDGE('',*,*,#8394,.T.);
#8993 = ORIENTED_EDGE('',*,*,#8994,.T.);
#8994 = EDGE_CURVE('',#8387,#8995,#8997,.T.);
#8995 = VERTEX_POINT('',#8996);
#8996 = CARTESIAN_POINT('',(10.936655606554,0.5,3.664828167886));
#8997 = LINE('',#8998,#8999);
#8998 = CARTESIAN_POINT('',(6.755,0.5,5.313));
#8999 = VECTOR('',#9000,1.);
#9000 = DIRECTION('',(0.930343664227,0.,-0.366688786891));
#9001 = ORIENTED_EDGE('',*,*,#9002,.F.);
#9002 = EDGE_CURVE('',#9003,#8995,#9005,.T.);
#9003 = VERTEX_POINT('',#9004);
#9004 = CARTESIAN_POINT('',(11.363271757552,0.5,3.693171827857));
#9005 = CIRCLE('',#9006,0.5);
#9006 = AXIS2_PLACEMENT_3D('',#9007,#9008,#9009);
#9007 = CARTESIAN_POINT('',(11.12,0.5,4.13));
#9008 = DIRECTION('',(0.,1.,-0.));
#9009 = DIRECTION('',(-1.,0.,0.));
#9010 = ORIENTED_EDGE('',*,*,#9011,.T.);
#9011 = EDGE_CURVE('',#9003,#8343,#9012,.T.);
#9012 = LINE('',#9013,#9014);
#9013 = CARTESIAN_POINT('',(11.363271757552,0.5,3.693171827857));
#9014 = VECTOR('',#9015,1.);
#9015 = DIRECTION('',(0.873656344285,0.,0.486543515104));
#9016 = ORIENTED_EDGE('',*,*,#8342,.T.);
#9017 = ORIENTED_EDGE('',*,*,#9018,.T.);
#9018 = EDGE_CURVE('',#8345,#9019,#9021,.T.);
#9019 = VERTEX_POINT('',#9020);
#9020 = CARTESIAN_POINT('',(11.498185401796,0.5,3.482330484067));
#9021 = LINE('',#9022,#9023);
#9022 = CARTESIAN_POINT('',(12.83,0.5,4.26));
#9023 = VECTOR('',#9024,1.);
#9024 = DIRECTION('',(-0.863559354577,0.,-0.504247202395));
#9025 = ORIENTED_EDGE('',*,*,#9026,.T.);
#9026 = EDGE_CURVE('',#9019,#8986,#9027,.T.);
#9027 = CIRCLE('',#9028,0.75);
#9028 = AXIS2_PLACEMENT_3D('',#9029,#9030,#9031);
#9029 = CARTESIAN_POINT('',(11.12,0.5,4.13));
#9030 = DIRECTION('',(0.,1.,-0.));
#9031 = DIRECTION('',(-1.,0.,0.));
#9032 = PLANE('',#9033);
#9033 = AXIS2_PLACEMENT_3D('',#9034,#9035,#9036);
#9034 = CARTESIAN_POINT('',(11.12,0.5,7.05));
#9035 = DIRECTION('',(0.,1.,0.));
#9036 = DIRECTION('',(-1.,0.,0.));
#9037 = ADVANCED_FACE('',(#9038),#9056,.F.);
#9038 = FACE_BOUND('',#9039,.F.);
#9039 = EDGE_LOOP('',(#9040,#9048,#9054,#9055));
#9040 = ORIENTED_EDGE('',*,*,#9041,.T.);
#9041 = EDGE_CURVE('',#9019,#9042,#9044,.T.);
#9042 = VERTEX_POINT('',#9043);
#9043 = CARTESIAN_POINT('',(11.498185401796,-0.5,3.482330484067));
#9044 = LINE('',#9045,#9046);
#9045 = CARTESIAN_POINT('',(11.498185401796,0.5,3.482330484067));
#9046 = VECTOR('',#9047,1.);
#9047 = DIRECTION('',(0.,-1.,0.));
#9048 = ORIENTED_EDGE('',*,*,#9049,.T.);
#9049 = EDGE_CURVE('',#9042,#8361,#9050,.T.);
#9050 = LINE('',#9051,#9052);
#9051 = CARTESIAN_POINT('',(12.83,-0.5,4.26));
#9052 = VECTOR('',#9053,1.);
#9053 = DIRECTION('',(0.863559354577,0.,0.504247202395));
#9054 = ORIENTED_EDGE('',*,*,#8368,.T.);
#9055 = ORIENTED_EDGE('',*,*,#9018,.T.);
#9056 = PLANE('',#9057);
#9057 = AXIS2_PLACEMENT_3D('',#9058,#9059,#9060);
#9058 = CARTESIAN_POINT('',(12.83,0.5,4.26));
#9059 = DIRECTION('',(-0.504247202395,0.,0.863559354577));
#9060 = DIRECTION('',(0.863559354577,0.,0.504247202395));
#9061 = ADVANCED_FACE('',(#9062),#9105,.T.);
#9062 = FACE_BOUND('',#9063,.T.);
#9063 = EDGE_LOOP('',(#9064,#9065,#9073,#9080,#9081,#9082,#9090,#9099));
#9064 = ORIENTED_EDGE('',*,*,#8376,.T.);
#9065 = ORIENTED_EDGE('',*,*,#9066,.T.);
#9066 = EDGE_CURVE('',#8379,#9067,#9069,.T.);
#9067 = VERTEX_POINT('',#9068);
#9068 = CARTESIAN_POINT('',(10.842225031328,-0.5,3.433335757499));
#9069 = LINE('',#9070,#9071);
#9070 = CARTESIAN_POINT('',(10.842225031328,-0.5,3.433335757499));
#9071 = VECTOR('',#9072,1.);
#9072 = DIRECTION('',(0.928885656668,0.,-0.370366624896));
#9073 = ORIENTED_EDGE('',*,*,#9074,.T.);
#9074 = EDGE_CURVE('',#9067,#9042,#9075,.T.);
#9075 = CIRCLE('',#9076,0.75);
#9076 = AXIS2_PLACEMENT_3D('',#9077,#9078,#9079);
#9077 = CARTESIAN_POINT('',(11.12,-0.5,4.13));
#9078 = DIRECTION('',(0.,-1.,0.));
#9079 = DIRECTION('',(1.,0.,0.));
#9080 = ORIENTED_EDGE('',*,*,#9049,.T.);
#9081 = ORIENTED_EDGE('',*,*,#8360,.T.);
#9082 = ORIENTED_EDGE('',*,*,#9083,.T.);
#9083 = EDGE_CURVE('',#8353,#9084,#9086,.T.);
#9084 = VERTEX_POINT('',#9085);
#9085 = CARTESIAN_POINT('',(11.363271757552,-0.5,3.693171827857));
#9086 = LINE('',#9087,#9088);
#9087 = CARTESIAN_POINT('',(11.363271757552,-0.5,3.693171827857));
#9088 = VECTOR('',#9089,1.);
#9089 = DIRECTION('',(-0.873656344285,0.,-0.486543515104));
#9090 = ORIENTED_EDGE('',*,*,#9091,.F.);
#9091 = EDGE_CURVE('',#9092,#9084,#9094,.T.);
#9092 = VERTEX_POINT('',#9093);
#9093 = CARTESIAN_POINT('',(10.936655606554,-0.5,3.664828167886));
#9094 = CIRCLE('',#9095,0.5);
#9095 = AXIS2_PLACEMENT_3D('',#9096,#9097,#9098);
#9096 = CARTESIAN_POINT('',(11.12,-0.5,4.13));
#9097 = DIRECTION('',(0.,-1.,0.));
#9098 = DIRECTION('',(1.,0.,0.));
#9099 = ORIENTED_EDGE('',*,*,#9100,.T.);
#9100 = EDGE_CURVE('',#9092,#8377,#9101,.T.);
#9101 = LINE('',#9102,#9103);
#9102 = CARTESIAN_POINT('',(6.755,-0.5,5.313));
#9103 = VECTOR('',#9104,1.);
#9104 = DIRECTION('',(-0.930343664227,0.,0.366688786891));
#9105 = PLANE('',#9106);
#9106 = AXIS2_PLACEMENT_3D('',#9107,#9108,#9109);
#9107 = CARTESIAN_POINT('',(15.1,-0.5,10.89));
#9108 = DIRECTION('',(0.,-1.,0.));
#9109 = DIRECTION('',(1.,0.,0.));
#9110 = ADVANCED_FACE('',(#9111),#9122,.F.);
#9111 = FACE_BOUND('',#9112,.F.);
#9112 = EDGE_LOOP('',(#9113,#9114,#9115,#9121));
#9113 = ORIENTED_EDGE('',*,*,#8352,.T.);
#9114 = ORIENTED_EDGE('',*,*,#9083,.T.);
#9115 = ORIENTED_EDGE('',*,*,#9116,.F.);
#9116 = EDGE_CURVE('',#9003,#9084,#9117,.T.);
#9117 = LINE('',#9118,#9119);
#9118 = CARTESIAN_POINT('',(11.363271757552,0.5,3.693171827857));
#9119 = VECTOR('',#9120,1.);
#9120 = DIRECTION('',(0.,-1.,0.));
#9121 = ORIENTED_EDGE('',*,*,#9011,.T.);
#9122 = PLANE('',#9123);
#9123 = AXIS2_PLACEMENT_3D('',#9124,#9125,#9126);
#9124 = CARTESIAN_POINT('',(11.363271757552,0.5,3.693171827857));
#9125 = DIRECTION('',(0.486543515104,0.,-0.873656344285));
#9126 = DIRECTION('',(-0.873656344285,0.,-0.486543515104));
#9127 = ADVANCED_FACE('',(#9128),#9139,.F.);
#9128 = FACE_BOUND('',#9129,.F.);
#9129 = EDGE_LOOP('',(#9130,#9131,#9132,#9138));
#9130 = ORIENTED_EDGE('',*,*,#8402,.T.);
#9131 = ORIENTED_EDGE('',*,*,#9066,.T.);
#9132 = ORIENTED_EDGE('',*,*,#9133,.F.);
#9133 = EDGE_CURVE('',#8986,#9067,#9134,.T.);
#9134 = LINE('',#9135,#9136);
#9135 = CARTESIAN_POINT('',(10.842225031328,0.5,3.433335757499));
#9136 = VECTOR('',#9137,1.);
#9137 = DIRECTION('',(0.,-1.,0.));
#9138 = ORIENTED_EDGE('',*,*,#8985,.T.);
#9139 = PLANE('',#9140);
#9140 = AXIS2_PLACEMENT_3D('',#9141,#9142,#9143);
#9141 = CARTESIAN_POINT('',(10.842225031328,0.5,3.433335757499));
#9142 = DIRECTION('',(0.370366624896,0.,0.928885656668));
#9143 = DIRECTION('',(0.928885656668,0.,-0.370366624896));
#9144 = ADVANCED_FACE('',(#9145),#9156,.F.);
#9145 = FACE_BOUND('',#9146,.F.);
#9146 = EDGE_LOOP('',(#9147,#9153,#9154,#9155));
#9147 = ORIENTED_EDGE('',*,*,#9148,.T.);
#9148 = EDGE_CURVE('',#8995,#9092,#9149,.T.);
#9149 = LINE('',#9150,#9151);
#9150 = CARTESIAN_POINT('',(10.936655606554,0.5,3.664828167886));
#9151 = VECTOR('',#9152,1.);
#9152 = DIRECTION('',(0.,-1.,0.));
#9153 = ORIENTED_EDGE('',*,*,#9100,.T.);
#9154 = ORIENTED_EDGE('',*,*,#8386,.T.);
#9155 = ORIENTED_EDGE('',*,*,#8994,.T.);
#9156 = PLANE('',#9157);
#9157 = AXIS2_PLACEMENT_3D('',#9158,#9159,#9160);
#9158 = CARTESIAN_POINT('',(6.755,0.5,5.313));
#9159 = DIRECTION('',(-0.366688786891,0.,-0.930343664227));
#9160 = DIRECTION('',(-0.930343664227,0.,0.366688786891));
#9161 = ADVANCED_FACE('',(#9162),#9168,.F.);
#9162 = FACE_BOUND('',#9163,.F.);
#9163 = EDGE_LOOP('',(#9164,#9165,#9166,#9167));
#9164 = ORIENTED_EDGE('',*,*,#8559,.T.);
#9165 = ORIENTED_EDGE('',*,*,#8610,.F.);
#9166 = ORIENTED_EDGE('',*,*,#8486,.F.);
#9167 = ORIENTED_EDGE('',*,*,#8574,.T.);
#9168 = CYLINDRICAL_SURFACE('',#9169,0.5);
#9169 = AXIS2_PLACEMENT_3D('',#9170,#9171,#9172);
#9170 = CARTESIAN_POINT('',(11.12,0.5,7.05));
#9171 = DIRECTION('',(0.,-1.,0.));
#9172 = DIRECTION('',(1.,0.,0.));
#9173 = ADVANCED_FACE('',(#9174),#9180,.T.);
#9174 = FACE_BOUND('',#9175,.T.);
#9175 = EDGE_LOOP('',(#9176,#9177,#9178,#9179));
#9176 = ORIENTED_EDGE('',*,*,#8462,.F.);
#9177 = ORIENTED_EDGE('',*,*,#8503,.T.);
#9178 = ORIENTED_EDGE('',*,*,#8535,.T.);
#9179 = ORIENTED_EDGE('',*,*,#8591,.F.);
#9180 = CYLINDRICAL_SURFACE('',#9181,0.75);
#9181 = AXIS2_PLACEMENT_3D('',#9182,#9183,#9184);
#9182 = CARTESIAN_POINT('',(11.12,0.5,7.05));
#9183 = DIRECTION('',(0.,-1.,0.));
#9184 = DIRECTION('',(1.,0.,0.));
#9185 = ADVANCED_FACE('',(#9186),#9192,.F.);
#9186 = FACE_BOUND('',#9187,.F.);
#9187 = EDGE_LOOP('',(#9188,#9189,#9190,#9191));
#9188 = ORIENTED_EDGE('',*,*,#8666,.F.);
#9189 = ORIENTED_EDGE('',*,*,#8756,.T.);
#9190 = ORIENTED_EDGE('',*,*,#8714,.F.);
#9191 = ORIENTED_EDGE('',*,*,#8788,.F.);
#9192 = CYLINDRICAL_SURFACE('',#9193,0.5);
#9193 = AXIS2_PLACEMENT_3D('',#9194,#9195,#9196);
#9194 = CARTESIAN_POINT('',(11.12,0.5,7.05));
#9195 = DIRECTION('',(0.,-1.,0.));
#9196 = DIRECTION('',(1.,0.,0.));
#9197 = ADVANCED_FACE('',(#9198),#9204,.T.);
#9198 = FACE_BOUND('',#9199,.T.);
#9199 = EDGE_LOOP('',(#9200,#9201,#9202,#9203));
#9200 = ORIENTED_EDGE('',*,*,#8738,.F.);
#9201 = ORIENTED_EDGE('',*,*,#8773,.F.);
#9202 = ORIENTED_EDGE('',*,*,#8642,.F.);
#9203 = ORIENTED_EDGE('',*,*,#8681,.T.);
#9204 = CYLINDRICAL_SURFACE('',#9205,0.75);
#9205 = AXIS2_PLACEMENT_3D('',#9206,#9207,#9208);
#9206 = CARTESIAN_POINT('',(11.12,0.5,7.05));
#9207 = DIRECTION('',(0.,-1.,0.));
#9208 = DIRECTION('',(1.,0.,0.));
#9209 = ADVANCED_FACE('',(#9210),#9216,.T.);
#9210 = FACE_BOUND('',#9211,.T.);
#9211 = EDGE_LOOP('',(#9212,#9213,#9214,#9215));
#9212 = ORIENTED_EDGE('',*,*,#8846,.F.);
#9213 = ORIENTED_EDGE('',*,*,#8863,.T.);
#9214 = ORIENTED_EDGE('',*,*,#8911,.T.);
#9215 = ORIENTED_EDGE('',*,*,#8951,.F.);
#9216 = CYLINDRICAL_SURFACE('',#9217,0.75);
#9217 = AXIS2_PLACEMENT_3D('',#9218,#9219,#9220);
#9218 = CARTESIAN_POINT('',(11.12,0.5,4.13));
#9219 = DIRECTION('',(0.,-1.,0.));
#9220 = DIRECTION('',(1.,0.,0.));
#9221 = ADVANCED_FACE('',(#9222),#9228,.F.);
#9222 = FACE_BOUND('',#9223,.F.);
#9223 = EDGE_LOOP('',(#9224,#9225,#9226,#9227));
#9224 = ORIENTED_EDGE('',*,*,#8894,.T.);
#9225 = ORIENTED_EDGE('',*,*,#8970,.F.);
#9226 = ORIENTED_EDGE('',*,*,#8822,.F.);
#9227 = ORIENTED_EDGE('',*,*,#8934,.T.);
#9228 = CYLINDRICAL_SURFACE('',#9229,0.5);
#9229 = AXIS2_PLACEMENT_3D('',#9230,#9231,#9232);
#9230 = CARTESIAN_POINT('',(11.12,0.5,4.13));
#9231 = DIRECTION('',(0.,-1.,0.));
#9232 = DIRECTION('',(1.,0.,0.));
#9233 = ADVANCED_FACE('',(#9234),#9240,.T.);
#9234 = FACE_BOUND('',#9235,.T.);
#9235 = EDGE_LOOP('',(#9236,#9237,#9238,#9239));
#9236 = ORIENTED_EDGE('',*,*,#9074,.F.);
#9237 = ORIENTED_EDGE('',*,*,#9133,.F.);
#9238 = ORIENTED_EDGE('',*,*,#9026,.F.);
#9239 = ORIENTED_EDGE('',*,*,#9041,.T.);
#9240 = CYLINDRICAL_SURFACE('',#9241,0.75);
#9241 = AXIS2_PLACEMENT_3D('',#9242,#9243,#9244);
#9242 = CARTESIAN_POINT('',(11.12,0.5,4.13));
#9243 = DIRECTION('',(0.,-1.,0.));
#9244 = DIRECTION('',(1.,0.,0.));
#9245 = ADVANCED_FACE('',(#9246),#9252,.F.);
#9246 = FACE_BOUND('',#9247,.F.);
#9247 = EDGE_LOOP('',(#9248,#9249,#9250,#9251));
#9248 = ORIENTED_EDGE('',*,*,#9002,.F.);
#9249 = ORIENTED_EDGE('',*,*,#9116,.T.);
#9250 = ORIENTED_EDGE('',*,*,#9091,.F.);
#9251 = ORIENTED_EDGE('',*,*,#9148,.F.);
#9252 = CYLINDRICAL_SURFACE('',#9253,0.5);
#9253 = AXIS2_PLACEMENT_3D('',#9254,#9255,#9256);
#9254 = CARTESIAN_POINT('',(11.12,0.5,4.13));
#9255 = DIRECTION('',(0.,-1.,0.));
#9256 = DIRECTION('',(1.,0.,0.));
#9257 = ADVANCED_FACE('',(#9258,#9264,#9298),#9332,.T.);
#9258 = FACE_BOUND('',#9259,.T.);
#9259 = EDGE_LOOP('',(#9260,#9261,#9262,#9263));
#9260 = ORIENTED_EDGE('',*,*,#4230,.F.);
#9261 = ORIENTED_EDGE('',*,*,#6314,.F.);
#9262 = ORIENTED_EDGE('',*,*,#4868,.T.);
#9263 = ORIENTED_EDGE('',*,*,#6329,.T.);
#9264 = FACE_BOUND('',#9265,.T.);
#9265 = EDGE_LOOP('',(#9266,#9276,#9284,#9292));
#9266 = ORIENTED_EDGE('',*,*,#9267,.T.);
#9267 = EDGE_CURVE('',#9268,#9270,#9272,.T.);
#9268 = VERTEX_POINT('',#9269);
#9269 = CARTESIAN_POINT('',(2.6,0.3,6.0614));
#9270 = VERTEX_POINT('',#9271);
#9271 = CARTESIAN_POINT('',(2.6,-0.3,6.0614));
#9272 = LINE('',#9273,#9274);
#9273 = CARTESIAN_POINT('',(2.6,-3.E-02,6.0614));
#9274 = VECTOR('',#9275,1.);
#9275 = DIRECTION('',(-0.,-1.,-0.));
#9276 = ORIENTED_EDGE('',*,*,#9277,.F.);
#9277 = EDGE_CURVE('',#9278,#9270,#9280,.T.);
#9278 = VERTEX_POINT('',#9279);
#9279 = CARTESIAN_POINT('',(2.6,-0.3,5.8114));
#9280 = LINE('',#9281,#9282);
#9281 = CARTESIAN_POINT('',(2.6,-0.3,-3.11));
#9282 = VECTOR('',#9283,1.);
#9283 = DIRECTION('',(0.,0.,1.));
#9284 = ORIENTED_EDGE('',*,*,#9285,.T.);
#9285 = EDGE_CURVE('',#9278,#9286,#9288,.T.);
#9286 = VERTEX_POINT('',#9287);
#9287 = CARTESIAN_POINT('',(2.6,0.3,5.8114));
#9288 = LINE('',#9289,#9290);
#9289 = CARTESIAN_POINT('',(2.6,-3.E-02,5.8114));
#9290 = VECTOR('',#9291,1.);
#9291 = DIRECTION('',(0.,1.,0.));
#9292 = ORIENTED_EDGE('',*,*,#9293,.F.);
#9293 = EDGE_CURVE('',#9268,#9286,#9294,.T.);
#9294 = LINE('',#9295,#9296);
#9295 = CARTESIAN_POINT('',(2.6,0.3,6.0614));
#9296 = VECTOR('',#9297,1.);
#9297 = DIRECTION('',(0.,0.,-1.));
#9298 = FACE_BOUND('',#9299,.T.);
#9299 = EDGE_LOOP('',(#9300,#9310,#9318,#9326));
#9300 = ORIENTED_EDGE('',*,*,#9301,.T.);
#9301 = EDGE_CURVE('',#9302,#9304,#9306,.T.);
#9302 = VERTEX_POINT('',#9303);
#9303 = CARTESIAN_POINT('',(2.6,0.3,5.313));
#9304 = VERTEX_POINT('',#9305);
#9305 = CARTESIAN_POINT('',(2.6,-0.3,5.313));
#9306 = LINE('',#9307,#9308);
#9307 = CARTESIAN_POINT('',(2.6,-3.E-02,5.313));
#9308 = VECTOR('',#9309,1.);
#9309 = DIRECTION('',(-0.,-1.,-0.));
#9310 = ORIENTED_EDGE('',*,*,#9311,.F.);
#9311 = EDGE_CURVE('',#9312,#9304,#9314,.T.);
#9312 = VERTEX_POINT('',#9313);
#9313 = CARTESIAN_POINT('',(2.6,-0.3,5.063));
#9314 = LINE('',#9315,#9316);
#9315 = CARTESIAN_POINT('',(2.6,-0.3,-3.11));
#9316 = VECTOR('',#9317,1.);
#9317 = DIRECTION('',(0.,0.,1.));
#9318 = ORIENTED_EDGE('',*,*,#9319,.T.);
#9319 = EDGE_CURVE('',#9312,#9320,#9322,.T.);
#9320 = VERTEX_POINT('',#9321);
#9321 = CARTESIAN_POINT('',(2.6,0.3,5.063));
#9322 = LINE('',#9323,#9324);
#9323 = CARTESIAN_POINT('',(2.6,-3.E-02,5.063));
#9324 = VECTOR('',#9325,1.);
#9325 = DIRECTION('',(0.,1.,0.));
#9326 = ORIENTED_EDGE('',*,*,#9327,.F.);
#9327 = EDGE_CURVE('',#9302,#9320,#9328,.T.);
#9328 = LINE('',#9329,#9330);
#9329 = CARTESIAN_POINT('',(2.6,0.3,6.0614));
#9330 = VECTOR('',#9331,1.);
#9331 = DIRECTION('',(0.,0.,-1.));
#9332 = PLANE('',#9333);
#9333 = AXIS2_PLACEMENT_3D('',#9334,#9335,#9336);
#9334 = CARTESIAN_POINT('',(2.6,0.,5.49));
#9335 = DIRECTION('',(-1.,-0.,-0.));
#9336 = DIRECTION('',(0.,-1.,0.));
#9337 = ADVANCED_FACE('',(#9338),#9363,.F.);
#9338 = FACE_BOUND('',#9339,.F.);
#9339 = EDGE_LOOP('',(#9340,#9348,#9349,#9357));
#9340 = ORIENTED_EDGE('',*,*,#9341,.T.);
#9341 = EDGE_CURVE('',#9342,#9278,#9344,.T.);
#9342 = VERTEX_POINT('',#9343);
#9343 = CARTESIAN_POINT('',(0.325,-0.3,5.8114));
#9344 = LINE('',#9345,#9346);
#9345 = CARTESIAN_POINT('',(3.575,-0.3,5.8114));
#9346 = VECTOR('',#9347,1.);
#9347 = DIRECTION('',(1.,0.,0.));
#9348 = ORIENTED_EDGE('',*,*,#9285,.T.);
#9349 = ORIENTED_EDGE('',*,*,#9350,.T.);
#9350 = EDGE_CURVE('',#9286,#9351,#9353,.T.);
#9351 = VERTEX_POINT('',#9352);
#9352 = CARTESIAN_POINT('',(0.325,0.3,5.8114));
#9353 = LINE('',#9354,#9355);
#9354 = CARTESIAN_POINT('',(3.575,0.3,5.8114));
#9355 = VECTOR('',#9356,1.);
#9356 = DIRECTION('',(-1.,0.,0.));
#9357 = ORIENTED_EDGE('',*,*,#9358,.T.);
#9358 = EDGE_CURVE('',#9351,#9342,#9359,.T.);
#9359 = LINE('',#9360,#9361);
#9360 = CARTESIAN_POINT('',(0.325,0.5,5.8114));
#9361 = VECTOR('',#9362,1.);
#9362 = DIRECTION('',(0.,-1.,0.));
#9363 = PLANE('',#9364);
#9364 = AXIS2_PLACEMENT_3D('',#9365,#9366,#9367);
#9365 = CARTESIAN_POINT('',(3.575,0.5,5.8114));
#9366 = DIRECTION('',(0.,0.,1.));
#9367 = DIRECTION('',(1.,0.,0.));
#9368 = ADVANCED_FACE('',(#9369),#9421,.T.);
#9369 = FACE_BOUND('',#9370,.T.);
#9370 = EDGE_LOOP('',(#9371,#9372,#9373,#9381,#9390,#9398,#9406,#9414));
#9371 = ORIENTED_EDGE('',*,*,#9341,.T.);
#9372 = ORIENTED_EDGE('',*,*,#9277,.T.);
#9373 = ORIENTED_EDGE('',*,*,#9374,.T.);
#9374 = EDGE_CURVE('',#9270,#9375,#9377,.T.);
#9375 = VERTEX_POINT('',#9376);
#9376 = CARTESIAN_POINT('',(0.325,-0.3,6.0614));
#9377 = LINE('',#9378,#9379);
#9378 = CARTESIAN_POINT('',(2.6,-0.3,6.0614));
#9379 = VECTOR('',#9380,1.);
#9380 = DIRECTION('',(-1.,0.,0.));
#9381 = ORIENTED_EDGE('',*,*,#9382,.T.);
#9382 = EDGE_CURVE('',#9375,#9383,#9385,.T.);
#9383 = VERTEX_POINT('',#9384);
#9384 = CARTESIAN_POINT('',(-0.125,-0.3,5.6114));
#9385 = CIRCLE('',#9386,0.45);
#9386 = AXIS2_PLACEMENT_3D('',#9387,#9388,#9389);
#9387 = CARTESIAN_POINT('',(0.325,-0.3,5.6114));
#9388 = DIRECTION('',(0.,-1.,0.));
#9389 = DIRECTION('',(1.,0.,0.));
#9390 = ORIENTED_EDGE('',*,*,#9391,.T.);
#9391 = EDGE_CURVE('',#9383,#9392,#9394,.T.);
#9392 = VERTEX_POINT('',#9393);
#9393 = CARTESIAN_POINT('',(-0.125,-0.3,-3.11));
#9394 = LINE('',#9395,#9396);
#9395 = CARTESIAN_POINT('',(-0.125,-0.3,-3.11));
#9396 = VECTOR('',#9397,1.);
#9397 = DIRECTION('',(0.,0.,-1.));
#9398 = ORIENTED_EDGE('',*,*,#9399,.F.);
#9399 = EDGE_CURVE('',#9400,#9392,#9402,.T.);
#9400 = VERTEX_POINT('',#9401);
#9401 = CARTESIAN_POINT('',(0.125,-0.3,-3.11));
#9402 = LINE('',#9403,#9404);
#9403 = CARTESIAN_POINT('',(2.6,-0.3,-3.11));
#9404 = VECTOR('',#9405,1.);
#9405 = DIRECTION('',(-1.,0.,0.));
#9406 = ORIENTED_EDGE('',*,*,#9407,.T.);
#9407 = EDGE_CURVE('',#9400,#9408,#9410,.T.);
#9408 = VERTEX_POINT('',#9409);
#9409 = CARTESIAN_POINT('',(0.125,-0.3,5.6114));
#9410 = LINE('',#9411,#9412);
#9411 = CARTESIAN_POINT('',(0.125,-0.3,5.6114));
#9412 = VECTOR('',#9413,1.);
#9413 = DIRECTION('',(0.,0.,1.));
#9414 = ORIENTED_EDGE('',*,*,#9415,.F.);
#9415 = EDGE_CURVE('',#9342,#9408,#9416,.T.);
#9416 = CIRCLE('',#9417,0.2);
#9417 = AXIS2_PLACEMENT_3D('',#9418,#9419,#9420);
#9418 = CARTESIAN_POINT('',(0.325,-0.3,5.6114));
#9419 = DIRECTION('',(0.,-1.,0.));
#9420 = DIRECTION('',(1.,0.,0.));
#9421 = PLANE('',#9422);
#9422 = AXIS2_PLACEMENT_3D('',#9423,#9424,#9425);
#9423 = CARTESIAN_POINT('',(2.6,-0.3,-3.11));
#9424 = DIRECTION('',(0.,-1.,0.));
#9425 = DIRECTION('',(1.,0.,0.));
#9426 = ADVANCED_FACE('',(#9427),#9445,.F.);
#9427 = FACE_BOUND('',#9428,.F.);
#9428 = EDGE_LOOP('',(#9429,#9437,#9438,#9439));
#9429 = ORIENTED_EDGE('',*,*,#9430,.F.);
#9430 = EDGE_CURVE('',#9268,#9431,#9433,.T.);
#9431 = VERTEX_POINT('',#9432);
#9432 = CARTESIAN_POINT('',(0.325,0.3,6.0614));
#9433 = LINE('',#9434,#9435);
#9434 = CARTESIAN_POINT('',(2.6,0.3,6.0614));
#9435 = VECTOR('',#9436,1.);
#9436 = DIRECTION('',(-1.,0.,0.));
#9437 = ORIENTED_EDGE('',*,*,#9267,.T.);
#9438 = ORIENTED_EDGE('',*,*,#9374,.T.);
#9439 = ORIENTED_EDGE('',*,*,#9440,.F.);
#9440 = EDGE_CURVE('',#9431,#9375,#9441,.T.);
#9441 = LINE('',#9442,#9443);
#9442 = CARTESIAN_POINT('',(0.325,0.5,6.0614));
#9443 = VECTOR('',#9444,1.);
#9444 = DIRECTION('',(0.,-1.,0.));
#9445 = PLANE('',#9446);
#9446 = AXIS2_PLACEMENT_3D('',#9447,#9448,#9449);
#9447 = CARTESIAN_POINT('',(0.325,0.5,6.0614));
#9448 = DIRECTION('',(0.,0.,-1.));
#9449 = DIRECTION('',(-1.,0.,0.));
#9450 = ADVANCED_FACE('',(#9451),#9496,.T.);
#9451 = FACE_BOUND('',#9452,.T.);
#9452 = EDGE_LOOP('',(#9453,#9454,#9463,#9471,#9479,#9487,#9494,#9495));
#9453 = ORIENTED_EDGE('',*,*,#9350,.T.);
#9454 = ORIENTED_EDGE('',*,*,#9455,.F.);
#9455 = EDGE_CURVE('',#9456,#9351,#9458,.T.);
#9456 = VERTEX_POINT('',#9457);
#9457 = CARTESIAN_POINT('',(0.125,0.3,5.6114));
#9458 = CIRCLE('',#9459,0.2);
#9459 = AXIS2_PLACEMENT_3D('',#9460,#9461,#9462);
#9460 = CARTESIAN_POINT('',(0.325,0.3,5.6114));
#9461 = DIRECTION('',(0.,1.,-0.));
#9462 = DIRECTION('',(-1.,0.,0.));
#9463 = ORIENTED_EDGE('',*,*,#9464,.T.);
#9464 = EDGE_CURVE('',#9456,#9465,#9467,.T.);
#9465 = VERTEX_POINT('',#9466);
#9466 = CARTESIAN_POINT('',(0.125,0.3,-3.11));
#9467 = LINE('',#9468,#9469);
#9468 = CARTESIAN_POINT('',(0.125,0.3,5.6114));
#9469 = VECTOR('',#9470,1.);
#9470 = DIRECTION('',(0.,0.,-1.));
#9471 = ORIENTED_EDGE('',*,*,#9472,.T.);
#9472 = EDGE_CURVE('',#9465,#9473,#9475,.T.);
#9473 = VERTEX_POINT('',#9474);
#9474 = CARTESIAN_POINT('',(-0.125,0.3,-3.11));
#9475 = LINE('',#9476,#9477);
#9476 = CARTESIAN_POINT('',(2.6,0.3,-3.11));
#9477 = VECTOR('',#9478,1.);
#9478 = DIRECTION('',(-1.,0.,0.));
#9479 = ORIENTED_EDGE('',*,*,#9480,.T.);
#9480 = EDGE_CURVE('',#9473,#9481,#9483,.T.);
#9481 = VERTEX_POINT('',#9482);
#9482 = CARTESIAN_POINT('',(-0.125,0.3,5.6114));
#9483 = LINE('',#9484,#9485);
#9484 = CARTESIAN_POINT('',(-0.125,0.3,-3.11));
#9485 = VECTOR('',#9486,1.);
#9486 = DIRECTION('',(0.,0.,1.));
#9487 = ORIENTED_EDGE('',*,*,#9488,.T.);
#9488 = EDGE_CURVE('',#9481,#9431,#9489,.T.);
#9489 = CIRCLE('',#9490,0.45);
#9490 = AXIS2_PLACEMENT_3D('',#9491,#9492,#9493);
#9491 = CARTESIAN_POINT('',(0.325,0.3,5.6114));
#9492 = DIRECTION('',(0.,1.,-0.));
#9493 = DIRECTION('',(-1.,0.,0.));
#9494 = ORIENTED_EDGE('',*,*,#9430,.F.);
#9495 = ORIENTED_EDGE('',*,*,#9293,.T.);
#9496 = PLANE('',#9497);
#9497 = AXIS2_PLACEMENT_3D('',#9498,#9499,#9500);
#9498 = CARTESIAN_POINT('',(2.6,0.3,6.0614));
#9499 = DIRECTION('',(0.,1.,0.));
#9500 = DIRECTION('',(-1.,0.,0.));
#9501 = ADVANCED_FACE('',(#9502),#9513,.T.);
#9502 = FACE_BOUND('',#9503,.T.);
#9503 = EDGE_LOOP('',(#9504,#9505,#9511,#9512));
#9504 = ORIENTED_EDGE('',*,*,#9488,.F.);
#9505 = ORIENTED_EDGE('',*,*,#9506,.T.);
#9506 = EDGE_CURVE('',#9481,#9383,#9507,.T.);
#9507 = LINE('',#9508,#9509);
#9508 = CARTESIAN_POINT('',(-0.125,0.5,5.6114));
#9509 = VECTOR('',#9510,1.);
#9510 = DIRECTION('',(0.,-1.,0.));
#9511 = ORIENTED_EDGE('',*,*,#9382,.F.);
#9512 = ORIENTED_EDGE('',*,*,#9440,.F.);
#9513 = CYLINDRICAL_SURFACE('',#9514,0.45);
#9514 = AXIS2_PLACEMENT_3D('',#9515,#9516,#9517);
#9515 = CARTESIAN_POINT('',(0.325,0.5,5.6114));
#9516 = DIRECTION('',(0.,-1.,0.));
#9517 = DIRECTION('',(1.,0.,0.));
#9518 = ADVANCED_FACE('',(#9519),#9530,.F.);
#9519 = FACE_BOUND('',#9520,.F.);
#9520 = EDGE_LOOP('',(#9521,#9522,#9523,#9524));
#9521 = ORIENTED_EDGE('',*,*,#9415,.F.);
#9522 = ORIENTED_EDGE('',*,*,#9358,.F.);
#9523 = ORIENTED_EDGE('',*,*,#9455,.F.);
#9524 = ORIENTED_EDGE('',*,*,#9525,.T.);
#9525 = EDGE_CURVE('',#9456,#9408,#9526,.T.);
#9526 = LINE('',#9527,#9528);
#9527 = CARTESIAN_POINT('',(0.125,0.5,5.6114));
#9528 = VECTOR('',#9529,1.);
#9529 = DIRECTION('',(0.,-1.,0.));
#9530 = CYLINDRICAL_SURFACE('',#9531,0.2);
#9531 = AXIS2_PLACEMENT_3D('',#9532,#9533,#9534);
#9532 = CARTESIAN_POINT('',(0.325,0.5,5.6114));
#9533 = DIRECTION('',(0.,-1.,0.));
#9534 = DIRECTION('',(1.,0.,0.));
#9535 = ADVANCED_FACE('',(#9536),#9547,.F.);
#9536 = FACE_BOUND('',#9537,.T.);
#9537 = EDGE_LOOP('',(#9538,#9539,#9545,#9546));
#9538 = ORIENTED_EDGE('',*,*,#9480,.F.);
#9539 = ORIENTED_EDGE('',*,*,#9540,.T.);
#9540 = EDGE_CURVE('',#9473,#9392,#9541,.T.);
#9541 = LINE('',#9542,#9543);
#9542 = CARTESIAN_POINT('',(-0.125,0.5,-3.11));
#9543 = VECTOR('',#9544,1.);
#9544 = DIRECTION('',(0.,-1.,0.));
#9545 = ORIENTED_EDGE('',*,*,#9391,.F.);
#9546 = ORIENTED_EDGE('',*,*,#9506,.F.);
#9547 = PLANE('',#9548);
#9548 = AXIS2_PLACEMENT_3D('',#9549,#9550,#9551);
#9549 = CARTESIAN_POINT('',(-0.125,0.5,-3.11));
#9550 = DIRECTION('',(1.,0.,0.));
#9551 = DIRECTION('',(0.,1.,0.));
#9552 = ADVANCED_FACE('',(#9553),#9564,.F.);
#9553 = FACE_BOUND('',#9554,.T.);
#9554 = EDGE_LOOP('',(#9555,#9556,#9562,#9563));
#9555 = ORIENTED_EDGE('',*,*,#9472,.F.);
#9556 = ORIENTED_EDGE('',*,*,#9557,.T.);
#9557 = EDGE_CURVE('',#9465,#9400,#9558,.T.);
#9558 = LINE('',#9559,#9560);
#9559 = CARTESIAN_POINT('',(0.125,0.5,-3.11));
#9560 = VECTOR('',#9561,1.);
#9561 = DIRECTION('',(0.,-1.,0.));
#9562 = ORIENTED_EDGE('',*,*,#9399,.T.);
#9563 = ORIENTED_EDGE('',*,*,#9540,.F.);
#9564 = PLANE('',#9565);
#9565 = AXIS2_PLACEMENT_3D('',#9566,#9567,#9568);
#9566 = CARTESIAN_POINT('',(0.125,0.5,-3.11));
#9567 = DIRECTION('',(-3.47E-15,0.,1.));
#9568 = DIRECTION('',(1.,0.,3.47E-15));
#9569 = ADVANCED_FACE('',(#9570),#9576,.F.);
#9570 = FACE_BOUND('',#9571,.T.);
#9571 = EDGE_LOOP('',(#9572,#9573,#9574,#9575));
#9572 = ORIENTED_EDGE('',*,*,#9464,.F.);
#9573 = ORIENTED_EDGE('',*,*,#9525,.T.);
#9574 = ORIENTED_EDGE('',*,*,#9407,.F.);
#9575 = ORIENTED_EDGE('',*,*,#9557,.F.);
#9576 = PLANE('',#9577);
#9577 = AXIS2_PLACEMENT_3D('',#9578,#9579,#9580);
#9578 = CARTESIAN_POINT('',(0.125,0.5,5.6114));
#9579 = DIRECTION('',(-1.,0.,0.));
#9580 = DIRECTION('',(0.,-1.,0.));
#9581 = ADVANCED_FACE('',(#9582),#9607,.F.);
#9582 = FACE_BOUND('',#9583,.F.);
#9583 = EDGE_LOOP('',(#9584,#9585,#9593,#9601));
#9584 = ORIENTED_EDGE('',*,*,#9319,.T.);
#9585 = ORIENTED_EDGE('',*,*,#9586,.T.);
#9586 = EDGE_CURVE('',#9320,#9587,#9589,.T.);
#9587 = VERTEX_POINT('',#9588);
#9588 = CARTESIAN_POINT('',(2.325,0.3,5.063));
#9589 = LINE('',#9590,#9591);
#9590 = CARTESIAN_POINT('',(6.755,0.3,5.063));
#9591 = VECTOR('',#9592,1.);
#9592 = DIRECTION('',(-1.,0.,0.));
#9593 = ORIENTED_EDGE('',*,*,#9594,.T.);
#9594 = EDGE_CURVE('',#9587,#9595,#9597,.T.);
#9595 = VERTEX_POINT('',#9596);
#9596 = CARTESIAN_POINT('',(2.325,-0.3,5.063));
#9597 = LINE('',#9598,#9599);
#9598 = CARTESIAN_POINT('',(2.325,0.5,5.063));
#9599 = VECTOR('',#9600,1.);
#9600 = DIRECTION('',(0.,-1.,0.));
#9601 = ORIENTED_EDGE('',*,*,#9602,.T.);
#9602 = EDGE_CURVE('',#9595,#9312,#9603,.T.);
#9603 = LINE('',#9604,#9605);
#9604 = CARTESIAN_POINT('',(6.755,-0.3,5.063));
#9605 = VECTOR('',#9606,1.);
#9606 = DIRECTION('',(1.,0.,0.));
#9607 = PLANE('',#9608);
#9608 = AXIS2_PLACEMENT_3D('',#9609,#9610,#9611);
#9609 = CARTESIAN_POINT('',(6.755,0.5,5.063));
#9610 = DIRECTION('',(0.,0.,1.));
#9611 = DIRECTION('',(1.,0.,0.));
#9612 = ADVANCED_FACE('',(#9613),#9665,.T.);
#9613 = FACE_BOUND('',#9614,.T.);
#9614 = EDGE_LOOP('',(#9615,#9616,#9617,#9625,#9634,#9642,#9650,#9658));
#9615 = ORIENTED_EDGE('',*,*,#9602,.T.);
#9616 = ORIENTED_EDGE('',*,*,#9311,.T.);
#9617 = ORIENTED_EDGE('',*,*,#9618,.T.);
#9618 = EDGE_CURVE('',#9304,#9619,#9621,.T.);
#9619 = VERTEX_POINT('',#9620);
#9620 = CARTESIAN_POINT('',(2.325,-0.3,5.313));
#9621 = LINE('',#9622,#9623);
#9622 = CARTESIAN_POINT('',(2.325,-0.3,5.313));
#9623 = VECTOR('',#9624,1.);
#9624 = DIRECTION('',(-1.,0.,0.));
#9625 = ORIENTED_EDGE('',*,*,#9626,.T.);
#9626 = EDGE_CURVE('',#9619,#9627,#9629,.T.);
#9627 = VERTEX_POINT('',#9628);
#9628 = CARTESIAN_POINT('',(1.875,-0.3,4.863));
#9629 = CIRCLE('',#9630,0.45);
#9630 = AXIS2_PLACEMENT_3D('',#9631,#9632,#9633);
#9631 = CARTESIAN_POINT('',(2.325,-0.3,4.863));
#9632 = DIRECTION('',(0.,-1.,0.));
#9633 = DIRECTION('',(1.,0.,0.));
#9634 = ORIENTED_EDGE('',*,*,#9635,.T.);
#9635 = EDGE_CURVE('',#9627,#9636,#9638,.T.);
#9636 = VERTEX_POINT('',#9637);
#9637 = CARTESIAN_POINT('',(1.875,-0.3,-3.11));
#9638 = LINE('',#9639,#9640);
#9639 = CARTESIAN_POINT('',(1.875,-0.3,-3.11));
#9640 = VECTOR('',#9641,1.);
#9641 = DIRECTION('',(0.,0.,-1.));
#9642 = ORIENTED_EDGE('',*,*,#9643,.F.);
#9643 = EDGE_CURVE('',#9644,#9636,#9646,.T.);
#9644 = VERTEX_POINT('',#9645);
#9645 = CARTESIAN_POINT('',(2.125,-0.3,-3.11));
#9646 = LINE('',#9647,#9648);
#9647 = CARTESIAN_POINT('',(2.6,-0.3,-3.11));
#9648 = VECTOR('',#9649,1.);
#9649 = DIRECTION('',(-1.,0.,0.));
#9650 = ORIENTED_EDGE('',*,*,#9651,.T.);
#9651 = EDGE_CURVE('',#9644,#9652,#9654,.T.);
#9652 = VERTEX_POINT('',#9653);
#9653 = CARTESIAN_POINT('',(2.125,-0.3,4.863));
#9654 = LINE('',#9655,#9656);
#9655 = CARTESIAN_POINT('',(2.125,-0.3,4.863));
#9656 = VECTOR('',#9657,1.);
#9657 = DIRECTION('',(0.,0.,1.));
#9658 = ORIENTED_EDGE('',*,*,#9659,.F.);
#9659 = EDGE_CURVE('',#9595,#9652,#9660,.T.);
#9660 = CIRCLE('',#9661,0.2);
#9661 = AXIS2_PLACEMENT_3D('',#9662,#9663,#9664);
#9662 = CARTESIAN_POINT('',(2.325,-0.3,4.863));
#9663 = DIRECTION('',(0.,-1.,0.));
#9664 = DIRECTION('',(1.,0.,0.));
#9665 = PLANE('',#9666);
#9666 = AXIS2_PLACEMENT_3D('',#9667,#9668,#9669);
#9667 = CARTESIAN_POINT('',(2.6,-0.3,-3.11));
#9668 = DIRECTION('',(0.,-1.,0.));
#9669 = DIRECTION('',(1.,0.,0.));
#9670 = ADVANCED_FACE('',(#9671),#9689,.F.);
#9671 = FACE_BOUND('',#9672,.F.);
#9672 = EDGE_LOOP('',(#9673,#9681,#9687,#9688));
#9673 = ORIENTED_EDGE('',*,*,#9674,.F.);
#9674 = EDGE_CURVE('',#9675,#9619,#9677,.T.);
#9675 = VERTEX_POINT('',#9676);
#9676 = CARTESIAN_POINT('',(2.325,0.3,5.313));
#9677 = LINE('',#9678,#9679);
#9678 = CARTESIAN_POINT('',(2.325,0.5,5.313));
#9679 = VECTOR('',#9680,1.);
#9680 = DIRECTION('',(0.,-1.,0.));
#9681 = ORIENTED_EDGE('',*,*,#9682,.T.);
#9682 = EDGE_CURVE('',#9675,#9302,#9683,.T.);
#9683 = LINE('',#9684,#9685);
#9684 = CARTESIAN_POINT('',(2.325,0.3,5.313));
#9685 = VECTOR('',#9686,1.);
#9686 = DIRECTION('',(1.,0.,0.));
#9687 = ORIENTED_EDGE('',*,*,#9301,.T.);
#9688 = ORIENTED_EDGE('',*,*,#9618,.T.);
#9689 = PLANE('',#9690);
#9690 = AXIS2_PLACEMENT_3D('',#9691,#9692,#9693);
#9691 = CARTESIAN_POINT('',(2.325,0.5,5.313));
#9692 = DIRECTION('',(0.,0.,-1.));
#9693 = DIRECTION('',(-1.,0.,0.));
#9694 = ADVANCED_FACE('',(#9695),#9714,.T.);
#9695 = FACE_BOUND('',#9696,.T.);
#9696 = EDGE_LOOP('',(#9697,#9706,#9712,#9713));
#9697 = ORIENTED_EDGE('',*,*,#9698,.F.);
#9698 = EDGE_CURVE('',#9699,#9675,#9701,.T.);
#9699 = VERTEX_POINT('',#9700);
#9700 = CARTESIAN_POINT('',(1.875,0.3,4.863));
#9701 = CIRCLE('',#9702,0.45);
#9702 = AXIS2_PLACEMENT_3D('',#9703,#9704,#9705);
#9703 = CARTESIAN_POINT('',(2.325,0.3,4.863));
#9704 = DIRECTION('',(0.,1.,-0.));
#9705 = DIRECTION('',(-1.,0.,0.));
#9706 = ORIENTED_EDGE('',*,*,#9707,.T.);
#9707 = EDGE_CURVE('',#9699,#9627,#9708,.T.);
#9708 = LINE('',#9709,#9710);
#9709 = CARTESIAN_POINT('',(1.875,0.5,4.863));
#9710 = VECTOR('',#9711,1.);
#9711 = DIRECTION('',(0.,-1.,0.));
#9712 = ORIENTED_EDGE('',*,*,#9626,.F.);
#9713 = ORIENTED_EDGE('',*,*,#9674,.F.);
#9714 = CYLINDRICAL_SURFACE('',#9715,0.45);
#9715 = AXIS2_PLACEMENT_3D('',#9716,#9717,#9718);
#9716 = CARTESIAN_POINT('',(2.325,0.5,4.863));
#9717 = DIRECTION('',(0.,-1.,0.));
#9718 = DIRECTION('',(1.,0.,0.));
#9719 = ADVANCED_FACE('',(#9720),#9757,.T.);
#9720 = FACE_BOUND('',#9721,.T.);
#9721 = EDGE_LOOP('',(#9722,#9723,#9732,#9740,#9748,#9754,#9755,#9756));
#9722 = ORIENTED_EDGE('',*,*,#9586,.T.);
#9723 = ORIENTED_EDGE('',*,*,#9724,.F.);
#9724 = EDGE_CURVE('',#9725,#9587,#9727,.T.);
#9725 = VERTEX_POINT('',#9726);
#9726 = CARTESIAN_POINT('',(2.125,0.3,4.863));
#9727 = CIRCLE('',#9728,0.2);
#9728 = AXIS2_PLACEMENT_3D('',#9729,#9730,#9731);
#9729 = CARTESIAN_POINT('',(2.325,0.3,4.863));
#9730 = DIRECTION('',(0.,1.,-0.));
#9731 = DIRECTION('',(-1.,0.,0.));
#9732 = ORIENTED_EDGE('',*,*,#9733,.T.);
#9733 = EDGE_CURVE('',#9725,#9734,#9736,.T.);
#9734 = VERTEX_POINT('',#9735);
#9735 = CARTESIAN_POINT('',(2.125,0.3,-3.11));
#9736 = LINE('',#9737,#9738);
#9737 = CARTESIAN_POINT('',(2.125,0.3,4.863));
#9738 = VECTOR('',#9739,1.);
#9739 = DIRECTION('',(0.,0.,-1.));
#9740 = ORIENTED_EDGE('',*,*,#9741,.T.);
#9741 = EDGE_CURVE('',#9734,#9742,#9744,.T.);
#9742 = VERTEX_POINT('',#9743);
#9743 = CARTESIAN_POINT('',(1.875,0.3,-3.11));
#9744 = LINE('',#9745,#9746);
#9745 = CARTESIAN_POINT('',(2.6,0.3,-3.11));
#9746 = VECTOR('',#9747,1.);
#9747 = DIRECTION('',(-1.,0.,0.));
#9748 = ORIENTED_EDGE('',*,*,#9749,.T.);
#9749 = EDGE_CURVE('',#9742,#9699,#9750,.T.);
#9750 = LINE('',#9751,#9752);
#9751 = CARTESIAN_POINT('',(1.875,0.3,-3.11));
#9752 = VECTOR('',#9753,1.);
#9753 = DIRECTION('',(0.,0.,1.));
#9754 = ORIENTED_EDGE('',*,*,#9698,.T.);
#9755 = ORIENTED_EDGE('',*,*,#9682,.T.);
#9756 = ORIENTED_EDGE('',*,*,#9327,.T.);
#9757 = PLANE('',#9758);
#9758 = AXIS2_PLACEMENT_3D('',#9759,#9760,#9761);
#9759 = CARTESIAN_POINT('',(2.6,0.3,6.0614));
#9760 = DIRECTION('',(0.,1.,0.));
#9761 = DIRECTION('',(-1.,0.,0.));
#9762 = ADVANCED_FACE('',(#9763),#9774,.F.);
#9763 = FACE_BOUND('',#9764,.F.);
#9764 = EDGE_LOOP('',(#9765,#9766,#9767,#9768));
#9765 = ORIENTED_EDGE('',*,*,#9659,.F.);
#9766 = ORIENTED_EDGE('',*,*,#9594,.F.);
#9767 = ORIENTED_EDGE('',*,*,#9724,.F.);
#9768 = ORIENTED_EDGE('',*,*,#9769,.T.);
#9769 = EDGE_CURVE('',#9725,#9652,#9770,.T.);
#9770 = LINE('',#9771,#9772);
#9771 = CARTESIAN_POINT('',(2.125,0.5,4.863));
#9772 = VECTOR('',#9773,1.);
#9773 = DIRECTION('',(0.,-1.,0.));
#9774 = CYLINDRICAL_SURFACE('',#9775,0.2);
#9775 = AXIS2_PLACEMENT_3D('',#9776,#9777,#9778);
#9776 = CARTESIAN_POINT('',(2.325,0.5,4.863));
#9777 = DIRECTION('',(0.,-1.,0.));
#9778 = DIRECTION('',(1.,0.,0.));
#9779 = ADVANCED_FACE('',(#9780),#9791,.F.);
#9780 = FACE_BOUND('',#9781,.T.);
#9781 = EDGE_LOOP('',(#9782,#9783,#9789,#9790));
#9782 = ORIENTED_EDGE('',*,*,#9749,.F.);
#9783 = ORIENTED_EDGE('',*,*,#9784,.T.);
#9784 = EDGE_CURVE('',#9742,#9636,#9785,.T.);
#9785 = LINE('',#9786,#9787);
#9786 = CARTESIAN_POINT('',(1.875,0.5,-3.11));
#9787 = VECTOR('',#9788,1.);
#9788 = DIRECTION('',(0.,-1.,0.));
#9789 = ORIENTED_EDGE('',*,*,#9635,.F.);
#9790 = ORIENTED_EDGE('',*,*,#9707,.F.);
#9791 = PLANE('',#9792);
#9792 = AXIS2_PLACEMENT_3D('',#9793,#9794,#9795);
#9793 = CARTESIAN_POINT('',(1.875,0.5,-3.11));
#9794 = DIRECTION('',(1.,0.,0.));
#9795 = DIRECTION('',(0.,1.,0.));
#9796 = ADVANCED_FACE('',(#9797),#9808,.F.);
#9797 = FACE_BOUND('',#9798,.T.);
#9798 = EDGE_LOOP('',(#9799,#9800,#9806,#9807));
#9799 = ORIENTED_EDGE('',*,*,#9741,.F.);
#9800 = ORIENTED_EDGE('',*,*,#9801,.T.);
#9801 = EDGE_CURVE('',#9734,#9644,#9802,.T.);
#9802 = LINE('',#9803,#9804);
#9803 = CARTESIAN_POINT('',(2.125,0.5,-3.11));
#9804 = VECTOR('',#9805,1.);
#9805 = DIRECTION('',(0.,-1.,0.));
#9806 = ORIENTED_EDGE('',*,*,#9643,.T.);
#9807 = ORIENTED_EDGE('',*,*,#9784,.F.);
#9808 = PLANE('',#9809);
#9809 = AXIS2_PLACEMENT_3D('',#9810,#9811,#9812);
#9810 = CARTESIAN_POINT('',(2.125,0.5,-3.11));
#9811 = DIRECTION('',(3.47E-15,0.,1.));
#9812 = DIRECTION('',(1.,0.,-3.47E-15));
#9813 = ADVANCED_FACE('',(#9814),#9820,.F.);
#9814 = FACE_BOUND('',#9815,.T.);
#9815 = EDGE_LOOP('',(#9816,#9817,#9818,#9819));
#9816 = ORIENTED_EDGE('',*,*,#9733,.F.);
#9817 = ORIENTED_EDGE('',*,*,#9769,.T.);
#9818 = ORIENTED_EDGE('',*,*,#9651,.F.);
#9819 = ORIENTED_EDGE('',*,*,#9801,.F.);
#9820 = PLANE('',#9821);
#9821 = AXIS2_PLACEMENT_3D('',#9822,#9823,#9824);
#9822 = CARTESIAN_POINT('',(2.125,0.5,4.863));
#9823 = DIRECTION('',(-1.,0.,0.));
#9824 = DIRECTION('',(0.,-1.,0.));
#9825 = ADVANCED_FACE('',(#9826,#9832,#9866),#9900,.T.);
#9826 = FACE_BOUND('',#9827,.T.);
#9827 = EDGE_LOOP('',(#9828,#9829,#9830,#9831));
#9828 = ORIENTED_EDGE('',*,*,#4264,.F.);
#9829 = ORIENTED_EDGE('',*,*,#6370,.F.);
#9830 = ORIENTED_EDGE('',*,*,#4834,.T.);
#9831 = ORIENTED_EDGE('',*,*,#6385,.T.);
#9832 = FACE_BOUND('',#9833,.T.);
#9833 = EDGE_LOOP('',(#9834,#9844,#9852,#9860));
#9834 = ORIENTED_EDGE('',*,*,#9835,.T.);
#9835 = EDGE_CURVE('',#9836,#9838,#9840,.T.);
#9836 = VERTEX_POINT('',#9837);
#9837 = CARTESIAN_POINT('',(2.6,-2.8,5.063));
#9838 = VERTEX_POINT('',#9839);
#9839 = CARTESIAN_POINT('',(2.6,-2.2,5.063));
#9840 = LINE('',#9841,#9842);
#9841 = CARTESIAN_POINT('',(2.6,-1.28,5.063));
#9842 = VECTOR('',#9843,1.);
#9843 = DIRECTION('',(0.,1.,0.));
#9844 = ORIENTED_EDGE('',*,*,#9845,.F.);
#9845 = EDGE_CURVE('',#9846,#9838,#9848,.T.);
#9846 = VERTEX_POINT('',#9847);
#9847 = CARTESIAN_POINT('',(2.6,-2.2,5.313));
#9848 = LINE('',#9849,#9850);
#9849 = CARTESIAN_POINT('',(2.6,-2.2,6.0614));
#9850 = VECTOR('',#9851,1.);
#9851 = DIRECTION('',(0.,0.,-1.));
#9852 = ORIENTED_EDGE('',*,*,#9853,.T.);
#9853 = EDGE_CURVE('',#9846,#9854,#9856,.T.);
#9854 = VERTEX_POINT('',#9855);
#9855 = CARTESIAN_POINT('',(2.6,-2.8,5.313));
#9856 = LINE('',#9857,#9858);
#9857 = CARTESIAN_POINT('',(2.6,-1.28,5.313));
#9858 = VECTOR('',#9859,1.);
#9859 = DIRECTION('',(-0.,-1.,-0.));
#9860 = ORIENTED_EDGE('',*,*,#9861,.F.);
#9861 = EDGE_CURVE('',#9836,#9854,#9862,.T.);
#9862 = LINE('',#9863,#9864);
#9863 = CARTESIAN_POINT('',(2.6,-2.8,-3.11));
#9864 = VECTOR('',#9865,1.);
#9865 = DIRECTION('',(0.,0.,1.));
#9866 = FACE_BOUND('',#9867,.T.);
#9867 = EDGE_LOOP('',(#9868,#9878,#9886,#9894));
#9868 = ORIENTED_EDGE('',*,*,#9869,.T.);
#9869 = EDGE_CURVE('',#9870,#9872,#9874,.T.);
#9870 = VERTEX_POINT('',#9871);
#9871 = CARTESIAN_POINT('',(2.6,-2.8,5.8114));
#9872 = VERTEX_POINT('',#9873);
#9873 = CARTESIAN_POINT('',(2.6,-2.2,5.8114));
#9874 = LINE('',#9875,#9876);
#9875 = CARTESIAN_POINT('',(2.6,-1.28,5.8114));
#9876 = VECTOR('',#9877,1.);
#9877 = DIRECTION('',(0.,1.,0.));
#9878 = ORIENTED_EDGE('',*,*,#9879,.F.);
#9879 = EDGE_CURVE('',#9880,#9872,#9882,.T.);
#9880 = VERTEX_POINT('',#9881);
#9881 = CARTESIAN_POINT('',(2.6,-2.2,6.0614));
#9882 = LINE('',#9883,#9884);
#9883 = CARTESIAN_POINT('',(2.6,-2.2,6.0614));
#9884 = VECTOR('',#9885,1.);
#9885 = DIRECTION('',(0.,0.,-1.));
#9886 = ORIENTED_EDGE('',*,*,#9887,.T.);
#9887 = EDGE_CURVE('',#9880,#9888,#9890,.T.);
#9888 = VERTEX_POINT('',#9889);
#9889 = CARTESIAN_POINT('',(2.6,-2.8,6.0614));
#9890 = LINE('',#9891,#9892);
#9891 = CARTESIAN_POINT('',(2.6,-1.28,6.0614));
#9892 = VECTOR('',#9893,1.);
#9893 = DIRECTION('',(-0.,-1.,-0.));
#9894 = ORIENTED_EDGE('',*,*,#9895,.F.);
#9895 = EDGE_CURVE('',#9870,#9888,#9896,.T.);
#9896 = LINE('',#9897,#9898);
#9897 = CARTESIAN_POINT('',(2.6,-2.8,-3.11));
#9898 = VECTOR('',#9899,1.);
#9899 = DIRECTION('',(0.,0.,1.));
#9900 = PLANE('',#9901);
#9901 = AXIS2_PLACEMENT_3D('',#9902,#9903,#9904);
#9902 = CARTESIAN_POINT('',(2.6,-2.5,5.49));
#9903 = DIRECTION('',(-1.,-0.,-0.));
#9904 = DIRECTION('',(0.,-1.,0.));
#9905 = ADVANCED_FACE('',(#9906),#9931,.F.);
#9906 = FACE_BOUND('',#9907,.F.);
#9907 = EDGE_LOOP('',(#9908,#9916,#9917,#9925));
#9908 = ORIENTED_EDGE('',*,*,#9909,.T.);
#9909 = EDGE_CURVE('',#9910,#9836,#9912,.T.);
#9910 = VERTEX_POINT('',#9911);
#9911 = CARTESIAN_POINT('',(2.325,-2.8,5.063));
#9912 = LINE('',#9913,#9914);
#9913 = CARTESIAN_POINT('',(6.755,-2.8,5.063));
#9914 = VECTOR('',#9915,1.);
#9915 = DIRECTION('',(1.,0.,0.));
#9916 = ORIENTED_EDGE('',*,*,#9835,.T.);
#9917 = ORIENTED_EDGE('',*,*,#9918,.T.);
#9918 = EDGE_CURVE('',#9838,#9919,#9921,.T.);
#9919 = VERTEX_POINT('',#9920);
#9920 = CARTESIAN_POINT('',(2.325,-2.2,5.063));
#9921 = LINE('',#9922,#9923);
#9922 = CARTESIAN_POINT('',(6.755,-2.2,5.063));
#9923 = VECTOR('',#9924,1.);
#9924 = DIRECTION('',(-1.,0.,0.));
#9925 = ORIENTED_EDGE('',*,*,#9926,.T.);
#9926 = EDGE_CURVE('',#9919,#9910,#9927,.T.);
#9927 = LINE('',#9928,#9929);
#9928 = CARTESIAN_POINT('',(2.325,0.5,5.063));
#9929 = VECTOR('',#9930,1.);
#9930 = DIRECTION('',(0.,-1.,0.));
#9931 = PLANE('',#9932);
#9932 = AXIS2_PLACEMENT_3D('',#9933,#9934,#9935);
#9933 = CARTESIAN_POINT('',(6.755,0.5,5.063));
#9934 = DIRECTION('',(0.,0.,1.));
#9935 = DIRECTION('',(1.,0.,0.));
#9936 = ADVANCED_FACE('',(#9937),#9989,.T.);
#9937 = FACE_BOUND('',#9938,.T.);
#9938 = EDGE_LOOP('',(#9939,#9940,#9949,#9957,#9965,#9973,#9982,#9988));
#9939 = ORIENTED_EDGE('',*,*,#9918,.T.);
#9940 = ORIENTED_EDGE('',*,*,#9941,.F.);
#9941 = EDGE_CURVE('',#9942,#9919,#9944,.T.);
#9942 = VERTEX_POINT('',#9943);
#9943 = CARTESIAN_POINT('',(2.125,-2.2,4.863));
#9944 = CIRCLE('',#9945,0.2);
#9945 = AXIS2_PLACEMENT_3D('',#9946,#9947,#9948);
#9946 = CARTESIAN_POINT('',(2.325,-2.2,4.863));
#9947 = DIRECTION('',(0.,1.,-0.));
#9948 = DIRECTION('',(-1.,0.,0.));
#9949 = ORIENTED_EDGE('',*,*,#9950,.T.);
#9950 = EDGE_CURVE('',#9942,#9951,#9953,.T.);
#9951 = VERTEX_POINT('',#9952);
#9952 = CARTESIAN_POINT('',(2.125,-2.2,-3.11));
#9953 = LINE('',#9954,#9955);
#9954 = CARTESIAN_POINT('',(2.125,-2.2,4.863));
#9955 = VECTOR('',#9956,1.);
#9956 = DIRECTION('',(0.,0.,-1.));
#9957 = ORIENTED_EDGE('',*,*,#9958,.T.);
#9958 = EDGE_CURVE('',#9951,#9959,#9961,.T.);
#9959 = VERTEX_POINT('',#9960);
#9960 = CARTESIAN_POINT('',(1.875,-2.2,-3.11));
#9961 = LINE('',#9962,#9963);
#9962 = CARTESIAN_POINT('',(2.6,-2.2,-3.11));
#9963 = VECTOR('',#9964,1.);
#9964 = DIRECTION('',(-1.,0.,0.));
#9965 = ORIENTED_EDGE('',*,*,#9966,.T.);
#9966 = EDGE_CURVE('',#9959,#9967,#9969,.T.);
#9967 = VERTEX_POINT('',#9968);
#9968 = CARTESIAN_POINT('',(1.875,-2.2,4.863));
#9969 = LINE('',#9970,#9971);
#9970 = CARTESIAN_POINT('',(1.875,-2.2,-3.11));
#9971 = VECTOR('',#9972,1.);
#9972 = DIRECTION('',(0.,0.,1.));
#9973 = ORIENTED_EDGE('',*,*,#9974,.T.);
#9974 = EDGE_CURVE('',#9967,#9975,#9977,.T.);
#9975 = VERTEX_POINT('',#9976);
#9976 = CARTESIAN_POINT('',(2.325,-2.2,5.313));
#9977 = CIRCLE('',#9978,0.45);
#9978 = AXIS2_PLACEMENT_3D('',#9979,#9980,#9981);
#9979 = CARTESIAN_POINT('',(2.325,-2.2,4.863));
#9980 = DIRECTION('',(0.,1.,-0.));
#9981 = DIRECTION('',(-1.,0.,0.));
#9982 = ORIENTED_EDGE('',*,*,#9983,.T.);
#9983 = EDGE_CURVE('',#9975,#9846,#9984,.T.);
#9984 = LINE('',#9985,#9986);
#9985 = CARTESIAN_POINT('',(2.325,-2.2,5.313));
#9986 = VECTOR('',#9987,1.);
#9987 = DIRECTION('',(1.,0.,0.));
#9988 = ORIENTED_EDGE('',*,*,#9845,.T.);
#9989 = PLANE('',#9990);
#9990 = AXIS2_PLACEMENT_3D('',#9991,#9992,#9993);
#9991 = CARTESIAN_POINT('',(2.6,-2.2,6.0614));
#9992 = DIRECTION('',(0.,1.,0.));
#9993 = DIRECTION('',(-1.,0.,0.));
#9994 = ADVANCED_FACE('',(#9995),#10013,.F.);
#9995 = FACE_BOUND('',#9996,.F.);
#9996 = EDGE_LOOP('',(#9997,#9998,#9999,#10007));
#9997 = ORIENTED_EDGE('',*,*,#9983,.T.);
#9998 = ORIENTED_EDGE('',*,*,#9853,.T.);
#9999 = ORIENTED_EDGE('',*,*,#10000,.T.);
#10000 = EDGE_CURVE('',#9854,#10001,#10003,.T.);
#10001 = VERTEX_POINT('',#10002);
#10002 = CARTESIAN_POINT('',(2.325,-2.8,5.313));
#10003 = LINE('',#10004,#10005);
#10004 = CARTESIAN_POINT('',(2.325,-2.8,5.313));
#10005 = VECTOR('',#10006,1.);
#10006 = DIRECTION('',(-1.,0.,0.));
#10007 = ORIENTED_EDGE('',*,*,#10008,.F.);
#10008 = EDGE_CURVE('',#9975,#10001,#10009,.T.);
#10009 = LINE('',#10010,#10011);
#10010 = CARTESIAN_POINT('',(2.325,0.5,5.313));
#10011 = VECTOR('',#10012,1.);
#10012 = DIRECTION('',(0.,-1.,0.));
#10013 = PLANE('',#10014);
#10014 = AXIS2_PLACEMENT_3D('',#10015,#10016,#10017);
#10015 = CARTESIAN_POINT('',(2.325,0.5,5.313));
#10016 = DIRECTION('',(0.,0.,-1.));
#10017 = DIRECTION('',(-1.,0.,0.));
#10018 = ADVANCED_FACE('',(#10019),#10064,.T.);
#10019 = FACE_BOUND('',#10020,.T.);
#10020 = EDGE_LOOP('',(#10021,#10022,#10023,#10024,#10033,#10041,#10049,
    #10057));
#10021 = ORIENTED_EDGE('',*,*,#9909,.T.);
#10022 = ORIENTED_EDGE('',*,*,#9861,.T.);
#10023 = ORIENTED_EDGE('',*,*,#10000,.T.);
#10024 = ORIENTED_EDGE('',*,*,#10025,.T.);
#10025 = EDGE_CURVE('',#10001,#10026,#10028,.T.);
#10026 = VERTEX_POINT('',#10027);
#10027 = CARTESIAN_POINT('',(1.875,-2.8,4.863));
#10028 = CIRCLE('',#10029,0.45);
#10029 = AXIS2_PLACEMENT_3D('',#10030,#10031,#10032);
#10030 = CARTESIAN_POINT('',(2.325,-2.8,4.863));
#10031 = DIRECTION('',(0.,-1.,0.));
#10032 = DIRECTION('',(1.,0.,0.));
#10033 = ORIENTED_EDGE('',*,*,#10034,.T.);
#10034 = EDGE_CURVE('',#10026,#10035,#10037,.T.);
#10035 = VERTEX_POINT('',#10036);
#10036 = CARTESIAN_POINT('',(1.875,-2.8,-3.11));
#10037 = LINE('',#10038,#10039);
#10038 = CARTESIAN_POINT('',(1.875,-2.8,-3.11));
#10039 = VECTOR('',#10040,1.);
#10040 = DIRECTION('',(0.,0.,-1.));
#10041 = ORIENTED_EDGE('',*,*,#10042,.F.);
#10042 = EDGE_CURVE('',#10043,#10035,#10045,.T.);
#10043 = VERTEX_POINT('',#10044);
#10044 = CARTESIAN_POINT('',(2.125,-2.8,-3.11));
#10045 = LINE('',#10046,#10047);
#10046 = CARTESIAN_POINT('',(2.6,-2.8,-3.11));
#10047 = VECTOR('',#10048,1.);
#10048 = DIRECTION('',(-1.,0.,0.));
#10049 = ORIENTED_EDGE('',*,*,#10050,.T.);
#10050 = EDGE_CURVE('',#10043,#10051,#10053,.T.);
#10051 = VERTEX_POINT('',#10052);
#10052 = CARTESIAN_POINT('',(2.125,-2.8,4.863));
#10053 = LINE('',#10054,#10055);
#10054 = CARTESIAN_POINT('',(2.125,-2.8,4.863));
#10055 = VECTOR('',#10056,1.);
#10056 = DIRECTION('',(0.,0.,1.));
#10057 = ORIENTED_EDGE('',*,*,#10058,.F.);
#10058 = EDGE_CURVE('',#9910,#10051,#10059,.T.);
#10059 = CIRCLE('',#10060,0.2);
#10060 = AXIS2_PLACEMENT_3D('',#10061,#10062,#10063);
#10061 = CARTESIAN_POINT('',(2.325,-2.8,4.863));
#10062 = DIRECTION('',(0.,-1.,0.));
#10063 = DIRECTION('',(1.,0.,0.));
#10064 = PLANE('',#10065);
#10065 = AXIS2_PLACEMENT_3D('',#10066,#10067,#10068);
#10066 = CARTESIAN_POINT('',(2.6,-2.8,-3.11));
#10067 = DIRECTION('',(0.,-1.,0.));
#10068 = DIRECTION('',(1.,0.,0.));
#10069 = ADVANCED_FACE('',(#10070),#10081,.F.);
#10070 = FACE_BOUND('',#10071,.F.);
#10071 = EDGE_LOOP('',(#10072,#10073,#10074,#10075));
#10072 = ORIENTED_EDGE('',*,*,#10058,.F.);
#10073 = ORIENTED_EDGE('',*,*,#9926,.F.);
#10074 = ORIENTED_EDGE('',*,*,#9941,.F.);
#10075 = ORIENTED_EDGE('',*,*,#10076,.T.);
#10076 = EDGE_CURVE('',#9942,#10051,#10077,.T.);
#10077 = LINE('',#10078,#10079);
#10078 = CARTESIAN_POINT('',(2.125,0.5,4.863));
#10079 = VECTOR('',#10080,1.);
#10080 = DIRECTION('',(0.,-1.,0.));
#10081 = CYLINDRICAL_SURFACE('',#10082,0.2);
#10082 = AXIS2_PLACEMENT_3D('',#10083,#10084,#10085);
#10083 = CARTESIAN_POINT('',(2.325,0.5,4.863));
#10084 = DIRECTION('',(0.,-1.,0.));
#10085 = DIRECTION('',(1.,0.,0.));
#10086 = ADVANCED_FACE('',(#10087),#10098,.T.);
#10087 = FACE_BOUND('',#10088,.T.);
#10088 = EDGE_LOOP('',(#10089,#10090,#10096,#10097));
#10089 = ORIENTED_EDGE('',*,*,#9974,.F.);
#10090 = ORIENTED_EDGE('',*,*,#10091,.T.);
#10091 = EDGE_CURVE('',#9967,#10026,#10092,.T.);
#10092 = LINE('',#10093,#10094);
#10093 = CARTESIAN_POINT('',(1.875,0.5,4.863));
#10094 = VECTOR('',#10095,1.);
#10095 = DIRECTION('',(0.,-1.,0.));
#10096 = ORIENTED_EDGE('',*,*,#10025,.F.);
#10097 = ORIENTED_EDGE('',*,*,#10008,.F.);
#10098 = CYLINDRICAL_SURFACE('',#10099,0.45);
#10099 = AXIS2_PLACEMENT_3D('',#10100,#10101,#10102);
#10100 = CARTESIAN_POINT('',(2.325,0.5,4.863));
#10101 = DIRECTION('',(0.,-1.,0.));
#10102 = DIRECTION('',(1.,0.,0.));
#10103 = ADVANCED_FACE('',(#10104),#10115,.F.);
#10104 = FACE_BOUND('',#10105,.T.);
#10105 = EDGE_LOOP('',(#10106,#10107,#10108,#10109));
#10106 = ORIENTED_EDGE('',*,*,#9950,.F.);
#10107 = ORIENTED_EDGE('',*,*,#10076,.T.);
#10108 = ORIENTED_EDGE('',*,*,#10050,.F.);
#10109 = ORIENTED_EDGE('',*,*,#10110,.F.);
#10110 = EDGE_CURVE('',#9951,#10043,#10111,.T.);
#10111 = LINE('',#10112,#10113);
#10112 = CARTESIAN_POINT('',(2.125,0.5,-3.11));
#10113 = VECTOR('',#10114,1.);
#10114 = DIRECTION('',(0.,-1.,0.));
#10115 = PLANE('',#10116);
#10116 = AXIS2_PLACEMENT_3D('',#10117,#10118,#10119);
#10117 = CARTESIAN_POINT('',(2.125,0.5,4.863));
#10118 = DIRECTION('',(-1.,0.,0.));
#10119 = DIRECTION('',(0.,-1.,0.));
#10120 = ADVANCED_FACE('',(#10121),#10132,.F.);
#10121 = FACE_BOUND('',#10122,.T.);
#10122 = EDGE_LOOP('',(#10123,#10124,#10125,#10126));
#10123 = ORIENTED_EDGE('',*,*,#9958,.F.);
#10124 = ORIENTED_EDGE('',*,*,#10110,.T.);
#10125 = ORIENTED_EDGE('',*,*,#10042,.T.);
#10126 = ORIENTED_EDGE('',*,*,#10127,.F.);
#10127 = EDGE_CURVE('',#9959,#10035,#10128,.T.);
#10128 = LINE('',#10129,#10130);
#10129 = CARTESIAN_POINT('',(1.875,0.5,-3.11));
#10130 = VECTOR('',#10131,1.);
#10131 = DIRECTION('',(0.,-1.,0.));
#10132 = PLANE('',#10133);
#10133 = AXIS2_PLACEMENT_3D('',#10134,#10135,#10136);
#10134 = CARTESIAN_POINT('',(2.125,0.5,-3.11));
#10135 = DIRECTION('',(3.47E-15,0.,1.));
#10136 = DIRECTION('',(1.,0.,-3.47E-15));
#10137 = ADVANCED_FACE('',(#10138),#10144,.F.);
#10138 = FACE_BOUND('',#10139,.T.);
#10139 = EDGE_LOOP('',(#10140,#10141,#10142,#10143));
#10140 = ORIENTED_EDGE('',*,*,#9966,.F.);
#10141 = ORIENTED_EDGE('',*,*,#10127,.T.);
#10142 = ORIENTED_EDGE('',*,*,#10034,.F.);
#10143 = ORIENTED_EDGE('',*,*,#10091,.F.);
#10144 = PLANE('',#10145);
#10145 = AXIS2_PLACEMENT_3D('',#10146,#10147,#10148);
#10146 = CARTESIAN_POINT('',(1.875,0.5,-3.11));
#10147 = DIRECTION('',(1.,0.,0.));
#10148 = DIRECTION('',(0.,1.,0.));
#10149 = ADVANCED_FACE('',(#10150),#10175,.F.);
#10150 = FACE_BOUND('',#10151,.F.);
#10151 = EDGE_LOOP('',(#10152,#10162,#10168,#10169));
#10152 = ORIENTED_EDGE('',*,*,#10153,.T.);
#10153 = EDGE_CURVE('',#10154,#10156,#10158,.T.);
#10154 = VERTEX_POINT('',#10155);
#10155 = CARTESIAN_POINT('',(0.325,-2.2,5.8114));
#10156 = VERTEX_POINT('',#10157);
#10157 = CARTESIAN_POINT('',(0.325,-2.8,5.8114));
#10158 = LINE('',#10159,#10160);
#10159 = CARTESIAN_POINT('',(0.325,0.5,5.8114));
#10160 = VECTOR('',#10161,1.);
#10161 = DIRECTION('',(0.,-1.,0.));
#10162 = ORIENTED_EDGE('',*,*,#10163,.T.);
#10163 = EDGE_CURVE('',#10156,#9870,#10164,.T.);
#10164 = LINE('',#10165,#10166);
#10165 = CARTESIAN_POINT('',(3.575,-2.8,5.8114));
#10166 = VECTOR('',#10167,1.);
#10167 = DIRECTION('',(1.,0.,0.));
#10168 = ORIENTED_EDGE('',*,*,#9869,.T.);
#10169 = ORIENTED_EDGE('',*,*,#10170,.T.);
#10170 = EDGE_CURVE('',#9872,#10154,#10171,.T.);
#10171 = LINE('',#10172,#10173);
#10172 = CARTESIAN_POINT('',(3.575,-2.2,5.8114));
#10173 = VECTOR('',#10174,1.);
#10174 = DIRECTION('',(-1.,0.,0.));
#10175 = PLANE('',#10176);
#10176 = AXIS2_PLACEMENT_3D('',#10177,#10178,#10179);
#10177 = CARTESIAN_POINT('',(3.575,0.5,5.8114));
#10178 = DIRECTION('',(0.,0.,1.));
#10179 = DIRECTION('',(1.,0.,0.));
#10180 = ADVANCED_FACE('',(#10181),#10233,.T.);
#10181 = FACE_BOUND('',#10182,.T.);
#10182 = EDGE_LOOP('',(#10183,#10184,#10193,#10201,#10209,#10217,#10226,
    #10232));
#10183 = ORIENTED_EDGE('',*,*,#10170,.T.);
#10184 = ORIENTED_EDGE('',*,*,#10185,.F.);
#10185 = EDGE_CURVE('',#10186,#10154,#10188,.T.);
#10186 = VERTEX_POINT('',#10187);
#10187 = CARTESIAN_POINT('',(0.125,-2.2,5.6114));
#10188 = CIRCLE('',#10189,0.2);
#10189 = AXIS2_PLACEMENT_3D('',#10190,#10191,#10192);
#10190 = CARTESIAN_POINT('',(0.325,-2.2,5.6114));
#10191 = DIRECTION('',(0.,1.,-0.));
#10192 = DIRECTION('',(-1.,0.,0.));
#10193 = ORIENTED_EDGE('',*,*,#10194,.T.);
#10194 = EDGE_CURVE('',#10186,#10195,#10197,.T.);
#10195 = VERTEX_POINT('',#10196);
#10196 = CARTESIAN_POINT('',(0.125,-2.2,-3.11));
#10197 = LINE('',#10198,#10199);
#10198 = CARTESIAN_POINT('',(0.125,-2.2,5.6114));
#10199 = VECTOR('',#10200,1.);
#10200 = DIRECTION('',(0.,0.,-1.));
#10201 = ORIENTED_EDGE('',*,*,#10202,.T.);
#10202 = EDGE_CURVE('',#10195,#10203,#10205,.T.);
#10203 = VERTEX_POINT('',#10204);
#10204 = CARTESIAN_POINT('',(-0.125,-2.2,-3.11));
#10205 = LINE('',#10206,#10207);
#10206 = CARTESIAN_POINT('',(2.6,-2.2,-3.11));
#10207 = VECTOR('',#10208,1.);
#10208 = DIRECTION('',(-1.,0.,0.));
#10209 = ORIENTED_EDGE('',*,*,#10210,.T.);
#10210 = EDGE_CURVE('',#10203,#10211,#10213,.T.);
#10211 = VERTEX_POINT('',#10212);
#10212 = CARTESIAN_POINT('',(-0.125,-2.2,5.6114));
#10213 = LINE('',#10214,#10215);
#10214 = CARTESIAN_POINT('',(-0.125,-2.2,-3.11));
#10215 = VECTOR('',#10216,1.);
#10216 = DIRECTION('',(0.,0.,1.));
#10217 = ORIENTED_EDGE('',*,*,#10218,.T.);
#10218 = EDGE_CURVE('',#10211,#10219,#10221,.T.);
#10219 = VERTEX_POINT('',#10220);
#10220 = CARTESIAN_POINT('',(0.325,-2.2,6.0614));
#10221 = CIRCLE('',#10222,0.45);
#10222 = AXIS2_PLACEMENT_3D('',#10223,#10224,#10225);
#10223 = CARTESIAN_POINT('',(0.325,-2.2,5.6114));
#10224 = DIRECTION('',(0.,1.,-0.));
#10225 = DIRECTION('',(-1.,0.,0.));
#10226 = ORIENTED_EDGE('',*,*,#10227,.F.);
#10227 = EDGE_CURVE('',#9880,#10219,#10228,.T.);
#10228 = LINE('',#10229,#10230);
#10229 = CARTESIAN_POINT('',(2.6,-2.2,6.0614));
#10230 = VECTOR('',#10231,1.);
#10231 = DIRECTION('',(-1.,0.,0.));
#10232 = ORIENTED_EDGE('',*,*,#9879,.T.);
#10233 = PLANE('',#10234);
#10234 = AXIS2_PLACEMENT_3D('',#10235,#10236,#10237);
#10235 = CARTESIAN_POINT('',(2.6,-2.2,6.0614));
#10236 = DIRECTION('',(0.,1.,0.));
#10237 = DIRECTION('',(-1.,0.,0.));
#10238 = ADVANCED_FACE('',(#10239),#10257,.F.);
#10239 = FACE_BOUND('',#10240,.F.);
#10240 = EDGE_LOOP('',(#10241,#10242,#10250,#10256));
#10241 = ORIENTED_EDGE('',*,*,#9887,.T.);
#10242 = ORIENTED_EDGE('',*,*,#10243,.T.);
#10243 = EDGE_CURVE('',#9888,#10244,#10246,.T.);
#10244 = VERTEX_POINT('',#10245);
#10245 = CARTESIAN_POINT('',(0.325,-2.8,6.0614));
#10246 = LINE('',#10247,#10248);
#10247 = CARTESIAN_POINT('',(2.6,-2.8,6.0614));
#10248 = VECTOR('',#10249,1.);
#10249 = DIRECTION('',(-1.,0.,0.));
#10250 = ORIENTED_EDGE('',*,*,#10251,.F.);
#10251 = EDGE_CURVE('',#10219,#10244,#10252,.T.);
#10252 = LINE('',#10253,#10254);
#10253 = CARTESIAN_POINT('',(0.325,0.5,6.0614));
#10254 = VECTOR('',#10255,1.);
#10255 = DIRECTION('',(0.,-1.,0.));
#10256 = ORIENTED_EDGE('',*,*,#10227,.F.);
#10257 = PLANE('',#10258);
#10258 = AXIS2_PLACEMENT_3D('',#10259,#10260,#10261);
#10259 = CARTESIAN_POINT('',(0.325,0.5,6.0614));
#10260 = DIRECTION('',(0.,0.,-1.));
#10261 = DIRECTION('',(-1.,0.,0.));
#10262 = ADVANCED_FACE('',(#10263),#10282,.F.);
#10263 = FACE_BOUND('',#10264,.F.);
#10264 = EDGE_LOOP('',(#10265,#10274,#10275,#10276));
#10265 = ORIENTED_EDGE('',*,*,#10266,.F.);
#10266 = EDGE_CURVE('',#10156,#10267,#10269,.T.);
#10267 = VERTEX_POINT('',#10268);
#10268 = CARTESIAN_POINT('',(0.125,-2.8,5.6114));
#10269 = CIRCLE('',#10270,0.2);
#10270 = AXIS2_PLACEMENT_3D('',#10271,#10272,#10273);
#10271 = CARTESIAN_POINT('',(0.325,-2.8,5.6114));
#10272 = DIRECTION('',(0.,-1.,0.));
#10273 = DIRECTION('',(1.,0.,0.));
#10274 = ORIENTED_EDGE('',*,*,#10153,.F.);
#10275 = ORIENTED_EDGE('',*,*,#10185,.F.);
#10276 = ORIENTED_EDGE('',*,*,#10277,.T.);
#10277 = EDGE_CURVE('',#10186,#10267,#10278,.T.);
#10278 = LINE('',#10279,#10280);
#10279 = CARTESIAN_POINT('',(0.125,0.5,5.6114));
#10280 = VECTOR('',#10281,1.);
#10281 = DIRECTION('',(0.,-1.,0.));
#10282 = CYLINDRICAL_SURFACE('',#10283,0.2);
#10283 = AXIS2_PLACEMENT_3D('',#10284,#10285,#10286);
#10284 = CARTESIAN_POINT('',(0.325,0.5,5.6114));
#10285 = DIRECTION('',(0.,-1.,0.));
#10286 = DIRECTION('',(1.,0.,0.));
#10287 = ADVANCED_FACE('',(#10288),#10325,.T.);
#10288 = FACE_BOUND('',#10289,.T.);
#10289 = EDGE_LOOP('',(#10290,#10291,#10292,#10293,#10302,#10310,#10318,
    #10324));
#10290 = ORIENTED_EDGE('',*,*,#10163,.T.);
#10291 = ORIENTED_EDGE('',*,*,#9895,.T.);
#10292 = ORIENTED_EDGE('',*,*,#10243,.T.);
#10293 = ORIENTED_EDGE('',*,*,#10294,.T.);
#10294 = EDGE_CURVE('',#10244,#10295,#10297,.T.);
#10295 = VERTEX_POINT('',#10296);
#10296 = CARTESIAN_POINT('',(-0.125,-2.8,5.6114));
#10297 = CIRCLE('',#10298,0.45);
#10298 = AXIS2_PLACEMENT_3D('',#10299,#10300,#10301);
#10299 = CARTESIAN_POINT('',(0.325,-2.8,5.6114));
#10300 = DIRECTION('',(0.,-1.,0.));
#10301 = DIRECTION('',(1.,0.,0.));
#10302 = ORIENTED_EDGE('',*,*,#10303,.T.);
#10303 = EDGE_CURVE('',#10295,#10304,#10306,.T.);
#10304 = VERTEX_POINT('',#10305);
#10305 = CARTESIAN_POINT('',(-0.125,-2.8,-3.11));
#10306 = LINE('',#10307,#10308);
#10307 = CARTESIAN_POINT('',(-0.125,-2.8,-3.11));
#10308 = VECTOR('',#10309,1.);
#10309 = DIRECTION('',(0.,0.,-1.));
#10310 = ORIENTED_EDGE('',*,*,#10311,.F.);
#10311 = EDGE_CURVE('',#10312,#10304,#10314,.T.);
#10312 = VERTEX_POINT('',#10313);
#10313 = CARTESIAN_POINT('',(0.125,-2.8,-3.11));
#10314 = LINE('',#10315,#10316);
#10315 = CARTESIAN_POINT('',(2.6,-2.8,-3.11));
#10316 = VECTOR('',#10317,1.);
#10317 = DIRECTION('',(-1.,0.,0.));
#10318 = ORIENTED_EDGE('',*,*,#10319,.T.);
#10319 = EDGE_CURVE('',#10312,#10267,#10320,.T.);
#10320 = LINE('',#10321,#10322);
#10321 = CARTESIAN_POINT('',(0.125,-2.8,5.6114));
#10322 = VECTOR('',#10323,1.);
#10323 = DIRECTION('',(0.,0.,1.));
#10324 = ORIENTED_EDGE('',*,*,#10266,.F.);
#10325 = PLANE('',#10326);
#10326 = AXIS2_PLACEMENT_3D('',#10327,#10328,#10329);
#10327 = CARTESIAN_POINT('',(2.6,-2.8,-3.11));
#10328 = DIRECTION('',(0.,-1.,0.));
#10329 = DIRECTION('',(1.,0.,0.));
#10330 = ADVANCED_FACE('',(#10331),#10342,.T.);
#10331 = FACE_BOUND('',#10332,.T.);
#10332 = EDGE_LOOP('',(#10333,#10334,#10340,#10341));
#10333 = ORIENTED_EDGE('',*,*,#10218,.F.);
#10334 = ORIENTED_EDGE('',*,*,#10335,.T.);
#10335 = EDGE_CURVE('',#10211,#10295,#10336,.T.);
#10336 = LINE('',#10337,#10338);
#10337 = CARTESIAN_POINT('',(-0.125,0.5,5.6114));
#10338 = VECTOR('',#10339,1.);
#10339 = DIRECTION('',(0.,-1.,0.));
#10340 = ORIENTED_EDGE('',*,*,#10294,.F.);
#10341 = ORIENTED_EDGE('',*,*,#10251,.F.);
#10342 = CYLINDRICAL_SURFACE('',#10343,0.45);
#10343 = AXIS2_PLACEMENT_3D('',#10344,#10345,#10346);
#10344 = CARTESIAN_POINT('',(0.325,0.5,5.6114));
#10345 = DIRECTION('',(0.,-1.,0.));
#10346 = DIRECTION('',(1.,0.,0.));
#10347 = ADVANCED_FACE('',(#10348),#10359,.F.);
#10348 = FACE_BOUND('',#10349,.T.);
#10349 = EDGE_LOOP('',(#10350,#10351,#10352,#10353));
#10350 = ORIENTED_EDGE('',*,*,#10194,.F.);
#10351 = ORIENTED_EDGE('',*,*,#10277,.T.);
#10352 = ORIENTED_EDGE('',*,*,#10319,.F.);
#10353 = ORIENTED_EDGE('',*,*,#10354,.F.);
#10354 = EDGE_CURVE('',#10195,#10312,#10355,.T.);
#10355 = LINE('',#10356,#10357);
#10356 = CARTESIAN_POINT('',(0.125,0.5,-3.11));
#10357 = VECTOR('',#10358,1.);
#10358 = DIRECTION('',(0.,-1.,0.));
#10359 = PLANE('',#10360);
#10360 = AXIS2_PLACEMENT_3D('',#10361,#10362,#10363);
#10361 = CARTESIAN_POINT('',(0.125,0.5,5.6114));
#10362 = DIRECTION('',(-1.,0.,0.));
#10363 = DIRECTION('',(0.,-1.,0.));
#10364 = ADVANCED_FACE('',(#10365),#10376,.F.);
#10365 = FACE_BOUND('',#10366,.T.);
#10366 = EDGE_LOOP('',(#10367,#10368,#10369,#10370));
#10367 = ORIENTED_EDGE('',*,*,#10202,.F.);
#10368 = ORIENTED_EDGE('',*,*,#10354,.T.);
#10369 = ORIENTED_EDGE('',*,*,#10311,.T.);
#10370 = ORIENTED_EDGE('',*,*,#10371,.F.);
#10371 = EDGE_CURVE('',#10203,#10304,#10372,.T.);
#10372 = LINE('',#10373,#10374);
#10373 = CARTESIAN_POINT('',(-0.125,0.5,-3.11));
#10374 = VECTOR('',#10375,1.);
#10375 = DIRECTION('',(0.,-1.,0.));
#10376 = PLANE('',#10377);
#10377 = AXIS2_PLACEMENT_3D('',#10378,#10379,#10380);
#10378 = CARTESIAN_POINT('',(0.125,0.5,-3.11));
#10379 = DIRECTION('',(-3.47E-15,0.,1.));
#10380 = DIRECTION('',(1.,0.,3.47E-15));
#10381 = ADVANCED_FACE('',(#10382),#10388,.F.);
#10382 = FACE_BOUND('',#10383,.T.);
#10383 = EDGE_LOOP('',(#10384,#10385,#10386,#10387));
#10384 = ORIENTED_EDGE('',*,*,#10210,.F.);
#10385 = ORIENTED_EDGE('',*,*,#10371,.T.);
#10386 = ORIENTED_EDGE('',*,*,#10303,.F.);
#10387 = ORIENTED_EDGE('',*,*,#10335,.F.);
#10388 = PLANE('',#10389);
#10389 = AXIS2_PLACEMENT_3D('',#10390,#10391,#10392);
#10390 = CARTESIAN_POINT('',(-0.125,0.5,-3.11));
#10391 = DIRECTION('',(1.,0.,0.));
#10392 = DIRECTION('',(0.,1.,0.));
#10393 = ( GEOMETRIC_REPRESENTATION_CONTEXT(3) 
GLOBAL_UNCERTAINTY_ASSIGNED_CONTEXT((#10397)) 
GLOBAL_UNIT_ASSIGNED_CONTEXT((#10394,#10395,#10396)) 
REPRESENTATION_CONTEXT('Context #1',
  '3D Context with UNIT and UNCERTAINTY') );
#10394 = ( LENGTH_UNIT() NAMED_UNIT(*) SI_UNIT(.MILLI.,.METRE.) );
#10395 = ( NAMED_UNIT(*) PLANE_ANGLE_UNIT() SI_UNIT($,.RADIAN.) );
#10396 = ( NAMED_UNIT(*) SI_UNIT($,.STERADIAN.) SOLID_ANGLE_UNIT() );
#10397 = UNCERTAINTY_MEASURE_WITH_UNIT(LENGTH_MEASURE(2.E-06),#10394,
  'distance_accuracy_value','confusion accuracy');
#10398 = PRODUCT_RELATED_PRODUCT_CATEGORY('part',$,(#7));
#10399 = MECHANICAL_DESIGN_GEOMETRIC_PRESENTATION_REPRESENTATION('',(
    #10400,#10411,#10420,#10429,#10438,#10447,#10456,#10465,#10474,
    #10483,#10492,#10501,#10510,#10519,#10528,#10537,#10546,#10555,
    #10564,#10573,#10582,#10591,#10600,#10609,#10618,#10627,#10636,
    #10645,#10654,#10663,#10672,#10681,#10690,#10700,#10709,#10718,
    #10727,#10736,#10745,#10754,#10763,#10772,#10781,#10790,#10799,
    #10808,#10817,#10826,#10835,#10844,#10853,#10862,#10871,#10880,
    #10889,#10898,#10907,#10916,#10925,#10934,#10943,#10952,#10961,
    #10970,#10979,#10988,#10997,#11006,#11015,#11024,#11033,#11042,
    #11051,#11060,#11069,#11078,#11087,#11096,#11105,#11114,#11123,
    #11132,#11141,#11150,#11159,#11168,#11177,#11186,#11195,#11204,
    #11213,#11222,#11231,#11240,#11249,#11258,#11267,#11276,#11285,
    #11294,#11303,#11312,#11321,#11330,#11339,#11348,#11357,#11366,
    #11375,#11384,#11393,#11402,#11411,#11420,#11429,#11438,#11447,
    #11456,#11465,#11474,#11483,#11492,#11501,#11510,#11519,#11528,
    #11537,#11546,#11555,#11564,#11573,#11582,#11591,#11600,#11609,
    #11618,#11627,#11636,#11645,#11654,#11663,#11672,#11681,#11690,
    #11699,#11708,#11717,#11726,#11735,#11744,#11753,#11762,#11771,
    #11780,#11789,#11798,#11807,#11816,#11825,#11834,#11843,#11852,
    #11861,#11870,#11879,#11888,#11897,#11906,#11915,#11924,#11933,
    #11942,#11951,#11960,#11969,#11978,#11987,#11996,#12005,#12014,
    #12023,#12032,#12041,#12050,#12059,#12068,#12077,#12086,#12095,
    #12104,#12113,#12122,#12131,#12140,#12149,#12158,#12167,#12176,
    #12185,#12194,#12203,#12212,#12221,#12230,#12239,#12248,#12257,
    #12266,#12275,#12284,#12293,#12302,#12311,#12320,#12329,#12338,
    #12347,#12356,#12365,#12374,#12383,#12392,#12401,#12410,#12419,
    #12428,#12437,#12446,#12455,#12464,#12473,#12482,#12491,#12500,
    #12509,#12518,#12527,#12536,#12545,#12554,#12563,#12572,#12581,
    #12590,#12599,#12608,#12617,#12626,#12635,#12644,#12653,#12663,
    #12672,#12681,#12690,#12699,#12708,#12717,#12726,#12735,#12744,
    #12753,#12762,#12771,#12780,#12789,#12798,#12807,#12816,#12825,
    #12834,#12843,#12852,#12861,#12870,#12879,#12888,#12897,#12906,
    #12915,#12924,#12933,#12942,#12951,#12960,#12969,#12978,#12987,
    #12996,#13005,#13014,#13023,#13032,#13041,#13050,#13059,#13068,
    #13077,#13086,#13095,#13104,#13113,#13122,#13131,#13140,#13149,
    #13158,#13167,#13176,#13185,#13194,#13203,#13212,#13221,#13230,
    #13239,#13248,#13257,#13266,#13275),#10393);
#10400 = STYLED_ITEM('color',(#10401),#15);
#10401 = PRESENTATION_STYLE_ASSIGNMENT((#10402,#10408));
#10402 = SURFACE_STYLE_USAGE(.BOTH.,#10403);
#10403 = SURFACE_SIDE_STYLE('',(#10404));
#10404 = SURFACE_STYLE_FILL_AREA(#10405);
#10405 = FILL_AREA_STYLE('',(#10406));
#10406 = FILL_AREA_STYLE_COLOUR('',#10407);
#10407 = COLOUR_RGB('',0.917647049334,0.917647049334,0.917647049334);
#10408 = CURVE_STYLE('',#10409,POSITIVE_LENGTH_MEASURE(0.1),#10410);
#10409 = DRAUGHTING_PRE_DEFINED_CURVE_FONT('continuous');
#10410 = COLOUR_RGB('',9.803921802644E-02,9.803921802644E-02,
  9.803921802644E-02);
#10411 = OVER_RIDING_STYLED_ITEM('overriding color',(#10412),#17,#10400
  );
#10412 = PRESENTATION_STYLE_ASSIGNMENT((#10413));
#10413 = SURFACE_STYLE_USAGE(.BOTH.,#10414);
#10414 = SURFACE_SIDE_STYLE('',(#10415,#10418));
#10415 = SURFACE_STYLE_FILL_AREA(#10416);
#10416 = FILL_AREA_STYLE('',(#10417));
#10417 = FILL_AREA_STYLE_COLOUR('',#10407);
#10418 = SURFACE_STYLE_RENDERING_WITH_PROPERTIES(.NORMAL_SHADING.,#10407
  ,(#10419));
#10419 = SURFACE_STYLE_TRANSPARENT(0.);
#10420 = OVER_RIDING_STYLED_ITEM('overriding color',(#10421),#288,#10400
  );
#10421 = PRESENTATION_STYLE_ASSIGNMENT((#10422));
#10422 = SURFACE_STYLE_USAGE(.BOTH.,#10423);
#10423 = SURFACE_SIDE_STYLE('',(#10424,#10427));
#10424 = SURFACE_STYLE_FILL_AREA(#10425);
#10425 = FILL_AREA_STYLE('',(#10426));
#10426 = FILL_AREA_STYLE_COLOUR('',#10407);
#10427 = SURFACE_STYLE_RENDERING_WITH_PROPERTIES(.NORMAL_SHADING.,#10407
  ,(#10428));
#10428 = SURFACE_STYLE_TRANSPARENT(0.);
#10429 = OVER_RIDING_STYLED_ITEM('overriding color',(#10430),#319,#10400
  );
#10430 = PRESENTATION_STYLE_ASSIGNMENT((#10431));
#10431 = SURFACE_STYLE_USAGE(.BOTH.,#10432);
#10432 = SURFACE_SIDE_STYLE('',(#10433,#10436));
#10433 = SURFACE_STYLE_FILL_AREA(#10434);
#10434 = FILL_AREA_STYLE('',(#10435));
#10435 = FILL_AREA_STYLE_COLOUR('',#10407);
#10436 = SURFACE_STYLE_RENDERING_WITH_PROPERTIES(.NORMAL_SHADING.,#10407
  ,(#10437));
#10437 = SURFACE_STYLE_TRANSPARENT(0.);
#10438 = OVER_RIDING_STYLED_ITEM('overriding color',(#10439),#343,#10400
  );
#10439 = PRESENTATION_STYLE_ASSIGNMENT((#10440));
#10440 = SURFACE_STYLE_USAGE(.BOTH.,#10441);
#10441 = SURFACE_SIDE_STYLE('',(#10442,#10445));
#10442 = SURFACE_STYLE_FILL_AREA(#10443);
#10443 = FILL_AREA_STYLE('',(#10444));
#10444 = FILL_AREA_STYLE_COLOUR('',#10407);
#10445 = SURFACE_STYLE_RENDERING_WITH_PROPERTIES(.NORMAL_SHADING.,#10407
  ,(#10446));
#10446 = SURFACE_STYLE_TRANSPARENT(0.);
#10447 = OVER_RIDING_STYLED_ITEM('overriding color',(#10448),#367,#10400
  );
#10448 = PRESENTATION_STYLE_ASSIGNMENT((#10449));
#10449 = SURFACE_STYLE_USAGE(.BOTH.,#10450);
#10450 = SURFACE_SIDE_STYLE('',(#10451,#10454));
#10451 = SURFACE_STYLE_FILL_AREA(#10452);
#10452 = FILL_AREA_STYLE('',(#10453));
#10453 = FILL_AREA_STYLE_COLOUR('',#10407);
#10454 = SURFACE_STYLE_RENDERING_WITH_PROPERTIES(.NORMAL_SHADING.,#10407
  ,(#10455));
#10455 = SURFACE_STYLE_TRANSPARENT(0.);
#10456 = OVER_RIDING_STYLED_ITEM('overriding color',(#10457),#416,#10400
  );
#10457 = PRESENTATION_STYLE_ASSIGNMENT((#10458));
#10458 = SURFACE_STYLE_USAGE(.BOTH.,#10459);
#10459 = SURFACE_SIDE_STYLE('',(#10460,#10463));
#10460 = SURFACE_STYLE_FILL_AREA(#10461);
#10461 = FILL_AREA_STYLE('',(#10462));
#10462 = FILL_AREA_STYLE_COLOUR('',#10407);
#10463 = SURFACE_STYLE_RENDERING_WITH_PROPERTIES(.NORMAL_SHADING.,#10407
  ,(#10464));
#10464 = SURFACE_STYLE_TRANSPARENT(0.);
#10465 = OVER_RIDING_STYLED_ITEM('overriding color',(#10466),#463,#10400
  );
#10466 = PRESENTATION_STYLE_ASSIGNMENT((#10467));
#10467 = SURFACE_STYLE_USAGE(.BOTH.,#10468);
#10468 = SURFACE_SIDE_STYLE('',(#10469,#10472));
#10469 = SURFACE_STYLE_FILL_AREA(#10470);
#10470 = FILL_AREA_STYLE('',(#10471));
#10471 = FILL_AREA_STYLE_COLOUR('',#10407);
#10472 = SURFACE_STYLE_RENDERING_WITH_PROPERTIES(.NORMAL_SHADING.,#10407
  ,(#10473));
#10473 = SURFACE_STYLE_TRANSPARENT(0.);
#10474 = OVER_RIDING_STYLED_ITEM('overriding color',(#10475),#594,#10400
  );
#10475 = PRESENTATION_STYLE_ASSIGNMENT((#10476));
#10476 = SURFACE_STYLE_USAGE(.BOTH.,#10477);
#10477 = SURFACE_SIDE_STYLE('',(#10478,#10481));
#10478 = SURFACE_STYLE_FILL_AREA(#10479);
#10479 = FILL_AREA_STYLE('',(#10480));
#10480 = FILL_AREA_STYLE_COLOUR('',#10407);
#10481 = SURFACE_STYLE_RENDERING_WITH_PROPERTIES(.NORMAL_SHADING.,#10407
  ,(#10482));
#10482 = SURFACE_STYLE_TRANSPARENT(0.);
#10483 = OVER_RIDING_STYLED_ITEM('overriding color',(#10484),#634,#10400
  );
#10484 = PRESENTATION_STYLE_ASSIGNMENT((#10485));
#10485 = SURFACE_STYLE_USAGE(.BOTH.,#10486);
#10486 = SURFACE_SIDE_STYLE('',(#10487,#10490));
#10487 = SURFACE_STYLE_FILL_AREA(#10488);
#10488 = FILL_AREA_STYLE('',(#10489));
#10489 = FILL_AREA_STYLE_COLOUR('',#10407);
#10490 = SURFACE_STYLE_RENDERING_WITH_PROPERTIES(.NORMAL_SHADING.,#10407
  ,(#10491));
#10491 = SURFACE_STYLE_TRANSPARENT(0.);
#10492 = OVER_RIDING_STYLED_ITEM('overriding color',(#10493),#659,#10400
  );
#10493 = PRESENTATION_STYLE_ASSIGNMENT((#10494));
#10494 = SURFACE_STYLE_USAGE(.BOTH.,#10495);
#10495 = SURFACE_SIDE_STYLE('',(#10496,#10499));
#10496 = SURFACE_STYLE_FILL_AREA(#10497);
#10497 = FILL_AREA_STYLE('',(#10498));
#10498 = FILL_AREA_STYLE_COLOUR('',#10407);
#10499 = SURFACE_STYLE_RENDERING_WITH_PROPERTIES(.NORMAL_SHADING.,#10407
  ,(#10500));
#10500 = SURFACE_STYLE_TRANSPARENT(0.);
#10501 = OVER_RIDING_STYLED_ITEM('overriding color',(#10502),#683,#10400
  );
#10502 = PRESENTATION_STYLE_ASSIGNMENT((#10503));
#10503 = SURFACE_STYLE_USAGE(.BOTH.,#10504);
#10504 = SURFACE_SIDE_STYLE('',(#10505,#10508));
#10505 = SURFACE_STYLE_FILL_AREA(#10506);
#10506 = FILL_AREA_STYLE('',(#10507));
#10507 = FILL_AREA_STYLE_COLOUR('',#10407);
#10508 = SURFACE_STYLE_RENDERING_WITH_PROPERTIES(.NORMAL_SHADING.,#10407
  ,(#10509));
#10509 = SURFACE_STYLE_TRANSPARENT(0.);
#10510 = OVER_RIDING_STYLED_ITEM('overriding color',(#10511),#725,#10400
  );
#10511 = PRESENTATION_STYLE_ASSIGNMENT((#10512));
#10512 = SURFACE_STYLE_USAGE(.BOTH.,#10513);
#10513 = SURFACE_SIDE_STYLE('',(#10514,#10517));
#10514 = SURFACE_STYLE_FILL_AREA(#10515);
#10515 = FILL_AREA_STYLE('',(#10516));
#10516 = FILL_AREA_STYLE_COLOUR('',#10407);
#10517 = SURFACE_STYLE_RENDERING_WITH_PROPERTIES(.NORMAL_SHADING.,#10407
  ,(#10518));
#10518 = SURFACE_STYLE_TRANSPARENT(0.);
#10519 = OVER_RIDING_STYLED_ITEM('overriding color',(#10520),#768,#10400
  );
#10520 = PRESENTATION_STYLE_ASSIGNMENT((#10521));
#10521 = SURFACE_STYLE_USAGE(.BOTH.,#10522);
#10522 = SURFACE_SIDE_STYLE('',(#10523,#10526));
#10523 = SURFACE_STYLE_FILL_AREA(#10524);
#10524 = FILL_AREA_STYLE('',(#10525));
#10525 = FILL_AREA_STYLE_COLOUR('',#10407);
#10526 = SURFACE_STYLE_RENDERING_WITH_PROPERTIES(.NORMAL_SHADING.,#10407
  ,(#10527));
#10527 = SURFACE_STYLE_TRANSPARENT(0.);
#10528 = OVER_RIDING_STYLED_ITEM('overriding color',(#10529),#809,#10400
  );
#10529 = PRESENTATION_STYLE_ASSIGNMENT((#10530));
#10530 = SURFACE_STYLE_USAGE(.BOTH.,#10531);
#10531 = SURFACE_SIDE_STYLE('',(#10532,#10535));
#10532 = SURFACE_STYLE_FILL_AREA(#10533);
#10533 = FILL_AREA_STYLE('',(#10534));
#10534 = FILL_AREA_STYLE_COLOUR('',#10407);
#10535 = SURFACE_STYLE_RENDERING_WITH_PROPERTIES(.NORMAL_SHADING.,#10407
  ,(#10536));
#10536 = SURFACE_STYLE_TRANSPARENT(0.);
#10537 = OVER_RIDING_STYLED_ITEM('overriding color',(#10538),#833,#10400
  );
#10538 = PRESENTATION_STYLE_ASSIGNMENT((#10539));
#10539 = SURFACE_STYLE_USAGE(.BOTH.,#10540);
#10540 = SURFACE_SIDE_STYLE('',(#10541,#10544));
#10541 = SURFACE_STYLE_FILL_AREA(#10542);
#10542 = FILL_AREA_STYLE('',(#10543));
#10543 = FILL_AREA_STYLE_COLOUR('',#10407);
#10544 = SURFACE_STYLE_RENDERING_WITH_PROPERTIES(.NORMAL_SHADING.,#10407
  ,(#10545));
#10545 = SURFACE_STYLE_TRANSPARENT(0.);
#10546 = OVER_RIDING_STYLED_ITEM('overriding color',(#10547),#857,#10400
  );
#10547 = PRESENTATION_STYLE_ASSIGNMENT((#10548));
#10548 = SURFACE_STYLE_USAGE(.BOTH.,#10549);
#10549 = SURFACE_SIDE_STYLE('',(#10550,#10553));
#10550 = SURFACE_STYLE_FILL_AREA(#10551);
#10551 = FILL_AREA_STYLE('',(#10552));
#10552 = FILL_AREA_STYLE_COLOUR('',#10407);
#10553 = SURFACE_STYLE_RENDERING_WITH_PROPERTIES(.NORMAL_SHADING.,#10407
  ,(#10554));
#10554 = SURFACE_STYLE_TRANSPARENT(0.);
#10555 = OVER_RIDING_STYLED_ITEM('overriding color',(#10556),#913,#10400
  );
#10556 = PRESENTATION_STYLE_ASSIGNMENT((#10557));
#10557 = SURFACE_STYLE_USAGE(.BOTH.,#10558);
#10558 = SURFACE_SIDE_STYLE('',(#10559,#10562));
#10559 = SURFACE_STYLE_FILL_AREA(#10560);
#10560 = FILL_AREA_STYLE('',(#10561));
#10561 = FILL_AREA_STYLE_COLOUR('',#10407);
#10562 = SURFACE_STYLE_RENDERING_WITH_PROPERTIES(.NORMAL_SHADING.,#10407
  ,(#10563));
#10563 = SURFACE_STYLE_TRANSPARENT(0.);
#10564 = OVER_RIDING_STYLED_ITEM('overriding color',(#10565),#1009,
  #10400);
#10565 = PRESENTATION_STYLE_ASSIGNMENT((#10566));
#10566 = SURFACE_STYLE_USAGE(.BOTH.,#10567);
#10567 = SURFACE_SIDE_STYLE('',(#10568,#10571));
#10568 = SURFACE_STYLE_FILL_AREA(#10569);
#10569 = FILL_AREA_STYLE('',(#10570));
#10570 = FILL_AREA_STYLE_COLOUR('',#10407);
#10571 = SURFACE_STYLE_RENDERING_WITH_PROPERTIES(.NORMAL_SHADING.,#10407
  ,(#10572));
#10572 = SURFACE_STYLE_TRANSPARENT(0.);
#10573 = OVER_RIDING_STYLED_ITEM('overriding color',(#10574),#1033,
  #10400);
#10574 = PRESENTATION_STYLE_ASSIGNMENT((#10575));
#10575 = SURFACE_STYLE_USAGE(.BOTH.,#10576);
#10576 = SURFACE_SIDE_STYLE('',(#10577,#10580));
#10577 = SURFACE_STYLE_FILL_AREA(#10578);
#10578 = FILL_AREA_STYLE('',(#10579));
#10579 = FILL_AREA_STYLE_COLOUR('',#10407);
#10580 = SURFACE_STYLE_RENDERING_WITH_PROPERTIES(.NORMAL_SHADING.,#10407
  ,(#10581));
#10581 = SURFACE_STYLE_TRANSPARENT(0.);
#10582 = OVER_RIDING_STYLED_ITEM('overriding color',(#10583),#1225,
  #10400);
#10583 = PRESENTATION_STYLE_ASSIGNMENT((#10584));
#10584 = SURFACE_STYLE_USAGE(.BOTH.,#10585);
#10585 = SURFACE_SIDE_STYLE('',(#10586,#10589));
#10586 = SURFACE_STYLE_FILL_AREA(#10587);
#10587 = FILL_AREA_STYLE('',(#10588));
#10588 = FILL_AREA_STYLE_COLOUR('',#10407);
#10589 = SURFACE_STYLE_RENDERING_WITH_PROPERTIES(.NORMAL_SHADING.,#10407
  ,(#10590));
#10590 = SURFACE_STYLE_TRANSPARENT(0.);
#10591 = OVER_RIDING_STYLED_ITEM('overriding color',(#10592),#1274,
  #10400);
#10592 = PRESENTATION_STYLE_ASSIGNMENT((#10593));
#10593 = SURFACE_STYLE_USAGE(.BOTH.,#10594);
#10594 = SURFACE_SIDE_STYLE('',(#10595,#10598));
#10595 = SURFACE_STYLE_FILL_AREA(#10596);
#10596 = FILL_AREA_STYLE('',(#10597));
#10597 = FILL_AREA_STYLE_COLOUR('',#10407);
#10598 = SURFACE_STYLE_RENDERING_WITH_PROPERTIES(.NORMAL_SHADING.,#10407
  ,(#10599));
#10599 = SURFACE_STYLE_TRANSPARENT(0.);
#10600 = OVER_RIDING_STYLED_ITEM('overriding color',(#10601),#1296,
  #10400);
#10601 = PRESENTATION_STYLE_ASSIGNMENT((#10602));
#10602 = SURFACE_STYLE_USAGE(.BOTH.,#10603);
#10603 = SURFACE_SIDE_STYLE('',(#10604,#10607));
#10604 = SURFACE_STYLE_FILL_AREA(#10605);
#10605 = FILL_AREA_STYLE('',(#10606));
#10606 = FILL_AREA_STYLE_COLOUR('',#10407);
#10607 = SURFACE_STYLE_RENDERING_WITH_PROPERTIES(.NORMAL_SHADING.,#10407
  ,(#10608));
#10608 = SURFACE_STYLE_TRANSPARENT(0.);
#10609 = OVER_RIDING_STYLED_ITEM('overriding color',(#10610),#1318,
  #10400);
#10610 = PRESENTATION_STYLE_ASSIGNMENT((#10611));
#10611 = SURFACE_STYLE_USAGE(.BOTH.,#10612);
#10612 = SURFACE_SIDE_STYLE('',(#10613,#10616));
#10613 = SURFACE_STYLE_FILL_AREA(#10614);
#10614 = FILL_AREA_STYLE('',(#10615));
#10615 = FILL_AREA_STYLE_COLOUR('',#10407);
#10616 = SURFACE_STYLE_RENDERING_WITH_PROPERTIES(.NORMAL_SHADING.,#10407
  ,(#10617));
#10617 = SURFACE_STYLE_TRANSPARENT(0.);
#10618 = OVER_RIDING_STYLED_ITEM('overriding color',(#10619),#1381,
  #10400);
#10619 = PRESENTATION_STYLE_ASSIGNMENT((#10620));
#10620 = SURFACE_STYLE_USAGE(.BOTH.,#10621);
#10621 = SURFACE_SIDE_STYLE('',(#10622,#10625));
#10622 = SURFACE_STYLE_FILL_AREA(#10623);
#10623 = FILL_AREA_STYLE('',(#10624));
#10624 = FILL_AREA_STYLE_COLOUR('',#10407);
#10625 = SURFACE_STYLE_RENDERING_WITH_PROPERTIES(.NORMAL_SHADING.,#10407
  ,(#10626));
#10626 = SURFACE_STYLE_TRANSPARENT(0.);
#10627 = OVER_RIDING_STYLED_ITEM('overriding color',(#10628),#1405,
  #10400);
#10628 = PRESENTATION_STYLE_ASSIGNMENT((#10629));
#10629 = SURFACE_STYLE_USAGE(.BOTH.,#10630);
#10630 = SURFACE_SIDE_STYLE('',(#10631,#10634));
#10631 = SURFACE_STYLE_FILL_AREA(#10632);
#10632 = FILL_AREA_STYLE('',(#10633));
#10633 = FILL_AREA_STYLE_COLOUR('',#10407);
#10634 = SURFACE_STYLE_RENDERING_WITH_PROPERTIES(.NORMAL_SHADING.,#10407
  ,(#10635));
#10635 = SURFACE_STYLE_TRANSPARENT(0.);
#10636 = OVER_RIDING_STYLED_ITEM('overriding color',(#10637),#1429,
  #10400);
#10637 = PRESENTATION_STYLE_ASSIGNMENT((#10638));
#10638 = SURFACE_STYLE_USAGE(.BOTH.,#10639);
#10639 = SURFACE_SIDE_STYLE('',(#10640,#10643));
#10640 = SURFACE_STYLE_FILL_AREA(#10641);
#10641 = FILL_AREA_STYLE('',(#10642));
#10642 = FILL_AREA_STYLE_COLOUR('',#10407);
#10643 = SURFACE_STYLE_RENDERING_WITH_PROPERTIES(.NORMAL_SHADING.,#10407
  ,(#10644));
#10644 = SURFACE_STYLE_TRANSPARENT(0.);
#10645 = OVER_RIDING_STYLED_ITEM('overriding color',(#10646),#1446,
  #10400);
#10646 = PRESENTATION_STYLE_ASSIGNMENT((#10647));
#10647 = SURFACE_STYLE_USAGE(.BOTH.,#10648);
#10648 = SURFACE_SIDE_STYLE('',(#10649,#10652));
#10649 = SURFACE_STYLE_FILL_AREA(#10650);
#10650 = FILL_AREA_STYLE('',(#10651));
#10651 = FILL_AREA_STYLE_COLOUR('',#10407);
#10652 = SURFACE_STYLE_RENDERING_WITH_PROPERTIES(.NORMAL_SHADING.,#10407
  ,(#10653));
#10653 = SURFACE_STYLE_TRANSPARENT(0.);
#10654 = OVER_RIDING_STYLED_ITEM('overriding color',(#10655),#1509,
  #10400);
#10655 = PRESENTATION_STYLE_ASSIGNMENT((#10656));
#10656 = SURFACE_STYLE_USAGE(.BOTH.,#10657);
#10657 = SURFACE_SIDE_STYLE('',(#10658,#10661));
#10658 = SURFACE_STYLE_FILL_AREA(#10659);
#10659 = FILL_AREA_STYLE('',(#10660));
#10660 = FILL_AREA_STYLE_COLOUR('',#10407);
#10661 = SURFACE_STYLE_RENDERING_WITH_PROPERTIES(.NORMAL_SHADING.,#10407
  ,(#10662));
#10662 = SURFACE_STYLE_TRANSPARENT(0.);
#10663 = OVER_RIDING_STYLED_ITEM('overriding color',(#10664),#1533,
  #10400);
#10664 = PRESENTATION_STYLE_ASSIGNMENT((#10665));
#10665 = SURFACE_STYLE_USAGE(.BOTH.,#10666);
#10666 = SURFACE_SIDE_STYLE('',(#10667,#10670));
#10667 = SURFACE_STYLE_FILL_AREA(#10668);
#10668 = FILL_AREA_STYLE('',(#10669));
#10669 = FILL_AREA_STYLE_COLOUR('',#10407);
#10670 = SURFACE_STYLE_RENDERING_WITH_PROPERTIES(.NORMAL_SHADING.,#10407
  ,(#10671));
#10671 = SURFACE_STYLE_TRANSPARENT(0.);
#10672 = OVER_RIDING_STYLED_ITEM('overriding color',(#10673),#1557,
  #10400);
#10673 = PRESENTATION_STYLE_ASSIGNMENT((#10674));
#10674 = SURFACE_STYLE_USAGE(.BOTH.,#10675);
#10675 = SURFACE_SIDE_STYLE('',(#10676,#10679));
#10676 = SURFACE_STYLE_FILL_AREA(#10677);
#10677 = FILL_AREA_STYLE('',(#10678));
#10678 = FILL_AREA_STYLE_COLOUR('',#10407);
#10679 = SURFACE_STYLE_RENDERING_WITH_PROPERTIES(.NORMAL_SHADING.,#10407
  ,(#10680));
#10680 = SURFACE_STYLE_TRANSPARENT(0.);
#10681 = OVER_RIDING_STYLED_ITEM('overriding color',(#10682),#1574,
  #10400);
#10682 = PRESENTATION_STYLE_ASSIGNMENT((#10683));
#10683 = SURFACE_STYLE_USAGE(.BOTH.,#10684);
#10684 = SURFACE_SIDE_STYLE('',(#10685,#10688));
#10685 = SURFACE_STYLE_FILL_AREA(#10686);
#10686 = FILL_AREA_STYLE('',(#10687));
#10687 = FILL_AREA_STYLE_COLOUR('',#10407);
#10688 = SURFACE_STYLE_RENDERING_WITH_PROPERTIES(.NORMAL_SHADING.,#10407
  ,(#10689));
#10689 = SURFACE_STYLE_TRANSPARENT(0.);
#10690 = OVER_RIDING_STYLED_ITEM('overriding color',(#10691),#1665,
  #10400);
#10691 = PRESENTATION_STYLE_ASSIGNMENT((#10692));
#10692 = SURFACE_STYLE_USAGE(.BOTH.,#10693);
#10693 = SURFACE_SIDE_STYLE('',(#10694,#10698));
#10694 = SURFACE_STYLE_FILL_AREA(#10695);
#10695 = FILL_AREA_STYLE('',(#10696));
#10696 = FILL_AREA_STYLE_COLOUR('',#10697);
#10697 = COLOUR_RGB('',0.980392145089,0.97254901356,0.886274513239);
#10698 = SURFACE_STYLE_RENDERING_WITH_PROPERTIES(.NORMAL_SHADING.,#10697
  ,(#10699));
#10699 = SURFACE_STYLE_TRANSPARENT(0.);
#10700 = OVER_RIDING_STYLED_ITEM('overriding color',(#10701),#1704,
  #10400);
#10701 = PRESENTATION_STYLE_ASSIGNMENT((#10702));
#10702 = SURFACE_STYLE_USAGE(.BOTH.,#10703);
#10703 = SURFACE_SIDE_STYLE('',(#10704,#10707));
#10704 = SURFACE_STYLE_FILL_AREA(#10705);
#10705 = FILL_AREA_STYLE('',(#10706));
#10706 = FILL_AREA_STYLE_COLOUR('',#10697);
#10707 = SURFACE_STYLE_RENDERING_WITH_PROPERTIES(.NORMAL_SHADING.,#10697
  ,(#10708));
#10708 = SURFACE_STYLE_TRANSPARENT(0.);
#10709 = OVER_RIDING_STYLED_ITEM('overriding color',(#10710),#1728,
  #10400);
#10710 = PRESENTATION_STYLE_ASSIGNMENT((#10711));
#10711 = SURFACE_STYLE_USAGE(.BOTH.,#10712);
#10712 = SURFACE_SIDE_STYLE('',(#10713,#10716));
#10713 = SURFACE_STYLE_FILL_AREA(#10714);
#10714 = FILL_AREA_STYLE('',(#10715));
#10715 = FILL_AREA_STYLE_COLOUR('',#10697);
#10716 = SURFACE_STYLE_RENDERING_WITH_PROPERTIES(.NORMAL_SHADING.,#10697
  ,(#10717));
#10717 = SURFACE_STYLE_TRANSPARENT(0.);
#10718 = OVER_RIDING_STYLED_ITEM('overriding color',(#10719),#1760,
  #10400);
#10719 = PRESENTATION_STYLE_ASSIGNMENT((#10720));
#10720 = SURFACE_STYLE_USAGE(.BOTH.,#10721);
#10721 = SURFACE_SIDE_STYLE('',(#10722,#10725));
#10722 = SURFACE_STYLE_FILL_AREA(#10723);
#10723 = FILL_AREA_STYLE('',(#10724));
#10724 = FILL_AREA_STYLE_COLOUR('',#10407);
#10725 = SURFACE_STYLE_RENDERING_WITH_PROPERTIES(.NORMAL_SHADING.,#10407
  ,(#10726));
#10726 = SURFACE_STYLE_TRANSPARENT(0.);
#10727 = OVER_RIDING_STYLED_ITEM('overriding color',(#10728),#1784,
  #10400);
#10728 = PRESENTATION_STYLE_ASSIGNMENT((#10729));
#10729 = SURFACE_STYLE_USAGE(.BOTH.,#10730);
#10730 = SURFACE_SIDE_STYLE('',(#10731,#10734));
#10731 = SURFACE_STYLE_FILL_AREA(#10732);
#10732 = FILL_AREA_STYLE('',(#10733));
#10733 = FILL_AREA_STYLE_COLOUR('',#10407);
#10734 = SURFACE_STYLE_RENDERING_WITH_PROPERTIES(.NORMAL_SHADING.,#10407
  ,(#10735));
#10735 = SURFACE_STYLE_TRANSPARENT(0.);
#10736 = OVER_RIDING_STYLED_ITEM('overriding color',(#10737),#1901,
  #10400);
#10737 = PRESENTATION_STYLE_ASSIGNMENT((#10738));
#10738 = SURFACE_STYLE_USAGE(.BOTH.,#10739);
#10739 = SURFACE_SIDE_STYLE('',(#10740,#10743));
#10740 = SURFACE_STYLE_FILL_AREA(#10741);
#10741 = FILL_AREA_STYLE('',(#10742));
#10742 = FILL_AREA_STYLE_COLOUR('',#10407);
#10743 = SURFACE_STYLE_RENDERING_WITH_PROPERTIES(.NORMAL_SHADING.,#10407
  ,(#10744));
#10744 = SURFACE_STYLE_TRANSPARENT(0.);
#10745 = OVER_RIDING_STYLED_ITEM('overriding color',(#10746),#1918,
  #10400);
#10746 = PRESENTATION_STYLE_ASSIGNMENT((#10747));
#10747 = SURFACE_STYLE_USAGE(.BOTH.,#10748);
#10748 = SURFACE_SIDE_STYLE('',(#10749,#10752));
#10749 = SURFACE_STYLE_FILL_AREA(#10750);
#10750 = FILL_AREA_STYLE('',(#10751));
#10751 = FILL_AREA_STYLE_COLOUR('',#10407);
#10752 = SURFACE_STYLE_RENDERING_WITH_PROPERTIES(.NORMAL_SHADING.,#10407
  ,(#10753));
#10753 = SURFACE_STYLE_TRANSPARENT(0.);
#10754 = OVER_RIDING_STYLED_ITEM('overriding color',(#10755),#1935,
  #10400);
#10755 = PRESENTATION_STYLE_ASSIGNMENT((#10756));
#10756 = SURFACE_STYLE_USAGE(.BOTH.,#10757);
#10757 = SURFACE_SIDE_STYLE('',(#10758,#10761));
#10758 = SURFACE_STYLE_FILL_AREA(#10759);
#10759 = FILL_AREA_STYLE('',(#10760));
#10760 = FILL_AREA_STYLE_COLOUR('',#10407);
#10761 = SURFACE_STYLE_RENDERING_WITH_PROPERTIES(.NORMAL_SHADING.,#10407
  ,(#10762));
#10762 = SURFACE_STYLE_TRANSPARENT(0.);
#10763 = OVER_RIDING_STYLED_ITEM('overriding color',(#10764),#1952,
  #10400);
#10764 = PRESENTATION_STYLE_ASSIGNMENT((#10765));
#10765 = SURFACE_STYLE_USAGE(.BOTH.,#10766);
#10766 = SURFACE_SIDE_STYLE('',(#10767,#10770));
#10767 = SURFACE_STYLE_FILL_AREA(#10768);
#10768 = FILL_AREA_STYLE('',(#10769));
#10769 = FILL_AREA_STYLE_COLOUR('',#10407);
#10770 = SURFACE_STYLE_RENDERING_WITH_PROPERTIES(.NORMAL_SHADING.,#10407
  ,(#10771));
#10771 = SURFACE_STYLE_TRANSPARENT(0.);
#10772 = OVER_RIDING_STYLED_ITEM('overriding color',(#10773),#1969,
  #10400);
#10773 = PRESENTATION_STYLE_ASSIGNMENT((#10774));
#10774 = SURFACE_STYLE_USAGE(.BOTH.,#10775);
#10775 = SURFACE_SIDE_STYLE('',(#10776,#10779));
#10776 = SURFACE_STYLE_FILL_AREA(#10777);
#10777 = FILL_AREA_STYLE('',(#10778));
#10778 = FILL_AREA_STYLE_COLOUR('',#10407);
#10779 = SURFACE_STYLE_RENDERING_WITH_PROPERTIES(.NORMAL_SHADING.,#10407
  ,(#10780));
#10780 = SURFACE_STYLE_TRANSPARENT(0.);
#10781 = OVER_RIDING_STYLED_ITEM('overriding color',(#10782),#1986,
  #10400);
#10782 = PRESENTATION_STYLE_ASSIGNMENT((#10783));
#10783 = SURFACE_STYLE_USAGE(.BOTH.,#10784);
#10784 = SURFACE_SIDE_STYLE('',(#10785,#10788));
#10785 = SURFACE_STYLE_FILL_AREA(#10786);
#10786 = FILL_AREA_STYLE('',(#10787));
#10787 = FILL_AREA_STYLE_COLOUR('',#10407);
#10788 = SURFACE_STYLE_RENDERING_WITH_PROPERTIES(.NORMAL_SHADING.,#10407
  ,(#10789));
#10789 = SURFACE_STYLE_TRANSPARENT(0.);
#10790 = OVER_RIDING_STYLED_ITEM('overriding color',(#10791),#2003,
  #10400);
#10791 = PRESENTATION_STYLE_ASSIGNMENT((#10792));
#10792 = SURFACE_STYLE_USAGE(.BOTH.,#10793);
#10793 = SURFACE_SIDE_STYLE('',(#10794,#10797));
#10794 = SURFACE_STYLE_FILL_AREA(#10795);
#10795 = FILL_AREA_STYLE('',(#10796));
#10796 = FILL_AREA_STYLE_COLOUR('',#10697);
#10797 = SURFACE_STYLE_RENDERING_WITH_PROPERTIES(.NORMAL_SHADING.,#10697
  ,(#10798));
#10798 = SURFACE_STYLE_TRANSPARENT(0.);
#10799 = OVER_RIDING_STYLED_ITEM('overriding color',(#10800),#2092,
  #10400);
#10800 = PRESENTATION_STYLE_ASSIGNMENT((#10801));
#10801 = SURFACE_STYLE_USAGE(.BOTH.,#10802);
#10802 = SURFACE_SIDE_STYLE('',(#10803,#10806));
#10803 = SURFACE_STYLE_FILL_AREA(#10804);
#10804 = FILL_AREA_STYLE('',(#10805));
#10805 = FILL_AREA_STYLE_COLOUR('',#10407);
#10806 = SURFACE_STYLE_RENDERING_WITH_PROPERTIES(.NORMAL_SHADING.,#10407
  ,(#10807));
#10807 = SURFACE_STYLE_TRANSPARENT(0.);
#10808 = OVER_RIDING_STYLED_ITEM('overriding color',(#10809),#2109,
  #10400);
#10809 = PRESENTATION_STYLE_ASSIGNMENT((#10810));
#10810 = SURFACE_STYLE_USAGE(.BOTH.,#10811);
#10811 = SURFACE_SIDE_STYLE('',(#10812,#10815));
#10812 = SURFACE_STYLE_FILL_AREA(#10813);
#10813 = FILL_AREA_STYLE('',(#10814));
#10814 = FILL_AREA_STYLE_COLOUR('',#10407);
#10815 = SURFACE_STYLE_RENDERING_WITH_PROPERTIES(.NORMAL_SHADING.,#10407
  ,(#10816));
#10816 = SURFACE_STYLE_TRANSPARENT(0.);
#10817 = OVER_RIDING_STYLED_ITEM('overriding color',(#10818),#2126,
  #10400);
#10818 = PRESENTATION_STYLE_ASSIGNMENT((#10819));
#10819 = SURFACE_STYLE_USAGE(.BOTH.,#10820);
#10820 = SURFACE_SIDE_STYLE('',(#10821,#10824));
#10821 = SURFACE_STYLE_FILL_AREA(#10822);
#10822 = FILL_AREA_STYLE('',(#10823));
#10823 = FILL_AREA_STYLE_COLOUR('',#10407);
#10824 = SURFACE_STYLE_RENDERING_WITH_PROPERTIES(.NORMAL_SHADING.,#10407
  ,(#10825));
#10825 = SURFACE_STYLE_TRANSPARENT(0.);
#10826 = OVER_RIDING_STYLED_ITEM('overriding color',(#10827),#2143,
  #10400);
#10827 = PRESENTATION_STYLE_ASSIGNMENT((#10828));
#10828 = SURFACE_STYLE_USAGE(.BOTH.,#10829);
#10829 = SURFACE_SIDE_STYLE('',(#10830,#10833));
#10830 = SURFACE_STYLE_FILL_AREA(#10831);
#10831 = FILL_AREA_STYLE('',(#10832));
#10832 = FILL_AREA_STYLE_COLOUR('',#10407);
#10833 = SURFACE_STYLE_RENDERING_WITH_PROPERTIES(.NORMAL_SHADING.,#10407
  ,(#10834));
#10834 = SURFACE_STYLE_TRANSPARENT(0.);
#10835 = OVER_RIDING_STYLED_ITEM('overriding color',(#10836),#2160,
  #10400);
#10836 = PRESENTATION_STYLE_ASSIGNMENT((#10837));
#10837 = SURFACE_STYLE_USAGE(.BOTH.,#10838);
#10838 = SURFACE_SIDE_STYLE('',(#10839,#10842));
#10839 = SURFACE_STYLE_FILL_AREA(#10840);
#10840 = FILL_AREA_STYLE('',(#10841));
#10841 = FILL_AREA_STYLE_COLOUR('',#10407);
#10842 = SURFACE_STYLE_RENDERING_WITH_PROPERTIES(.NORMAL_SHADING.,#10407
  ,(#10843));
#10843 = SURFACE_STYLE_TRANSPARENT(0.);
#10844 = OVER_RIDING_STYLED_ITEM('overriding color',(#10845),#2177,
  #10400);
#10845 = PRESENTATION_STYLE_ASSIGNMENT((#10846));
#10846 = SURFACE_STYLE_USAGE(.BOTH.,#10847);
#10847 = SURFACE_SIDE_STYLE('',(#10848,#10851));
#10848 = SURFACE_STYLE_FILL_AREA(#10849);
#10849 = FILL_AREA_STYLE('',(#10850));
#10850 = FILL_AREA_STYLE_COLOUR('',#10407);
#10851 = SURFACE_STYLE_RENDERING_WITH_PROPERTIES(.NORMAL_SHADING.,#10407
  ,(#10852));
#10852 = SURFACE_STYLE_TRANSPARENT(0.);
#10853 = OVER_RIDING_STYLED_ITEM('overriding color',(#10854),#2189,
  #10400);
#10854 = PRESENTATION_STYLE_ASSIGNMENT((#10855));
#10855 = SURFACE_STYLE_USAGE(.BOTH.,#10856);
#10856 = SURFACE_SIDE_STYLE('',(#10857,#10860));
#10857 = SURFACE_STYLE_FILL_AREA(#10858);
#10858 = FILL_AREA_STYLE('',(#10859));
#10859 = FILL_AREA_STYLE_COLOUR('',#10407);
#10860 = SURFACE_STYLE_RENDERING_WITH_PROPERTIES(.NORMAL_SHADING.,#10407
  ,(#10861));
#10861 = SURFACE_STYLE_TRANSPARENT(0.);
#10862 = OVER_RIDING_STYLED_ITEM('overriding color',(#10863),#2224,
  #10400);
#10863 = PRESENTATION_STYLE_ASSIGNMENT((#10864));
#10864 = SURFACE_STYLE_USAGE(.BOTH.,#10865);
#10865 = SURFACE_SIDE_STYLE('',(#10866,#10869));
#10866 = SURFACE_STYLE_FILL_AREA(#10867);
#10867 = FILL_AREA_STYLE('',(#10868));
#10868 = FILL_AREA_STYLE_COLOUR('',#10407);
#10869 = SURFACE_STYLE_RENDERING_WITH_PROPERTIES(.NORMAL_SHADING.,#10407
  ,(#10870));
#10870 = SURFACE_STYLE_TRANSPARENT(0.);
#10871 = OVER_RIDING_STYLED_ITEM('overriding color',(#10872),#2275,
  #10400);
#10872 = PRESENTATION_STYLE_ASSIGNMENT((#10873));
#10873 = SURFACE_STYLE_USAGE(.BOTH.,#10874);
#10874 = SURFACE_SIDE_STYLE('',(#10875,#10878));
#10875 = SURFACE_STYLE_FILL_AREA(#10876);
#10876 = FILL_AREA_STYLE('',(#10877));
#10877 = FILL_AREA_STYLE_COLOUR('',#10407);
#10878 = SURFACE_STYLE_RENDERING_WITH_PROPERTIES(.NORMAL_SHADING.,#10407
  ,(#10879));
#10879 = SURFACE_STYLE_TRANSPARENT(0.);
#10880 = OVER_RIDING_STYLED_ITEM('overriding color',(#10881),#2299,
  #10400);
#10881 = PRESENTATION_STYLE_ASSIGNMENT((#10882));
#10882 = SURFACE_STYLE_USAGE(.BOTH.,#10883);
#10883 = SURFACE_SIDE_STYLE('',(#10884,#10887));
#10884 = SURFACE_STYLE_FILL_AREA(#10885);
#10885 = FILL_AREA_STYLE('',(#10886));
#10886 = FILL_AREA_STYLE_COLOUR('',#10407);
#10887 = SURFACE_STYLE_RENDERING_WITH_PROPERTIES(.NORMAL_SHADING.,#10407
  ,(#10888));
#10888 = SURFACE_STYLE_TRANSPARENT(0.);
#10889 = OVER_RIDING_STYLED_ITEM('overriding color',(#10890),#2343,
  #10400);
#10890 = PRESENTATION_STYLE_ASSIGNMENT((#10891));
#10891 = SURFACE_STYLE_USAGE(.BOTH.,#10892);
#10892 = SURFACE_SIDE_STYLE('',(#10893,#10896));
#10893 = SURFACE_STYLE_FILL_AREA(#10894);
#10894 = FILL_AREA_STYLE('',(#10895));
#10895 = FILL_AREA_STYLE_COLOUR('',#10407);
#10896 = SURFACE_STYLE_RENDERING_WITH_PROPERTIES(.NORMAL_SHADING.,#10407
  ,(#10897));
#10897 = SURFACE_STYLE_TRANSPARENT(0.);
#10898 = OVER_RIDING_STYLED_ITEM('overriding color',(#10899),#2401,
  #10400);
#10899 = PRESENTATION_STYLE_ASSIGNMENT((#10900));
#10900 = SURFACE_STYLE_USAGE(.BOTH.,#10901);
#10901 = SURFACE_SIDE_STYLE('',(#10902,#10905));
#10902 = SURFACE_STYLE_FILL_AREA(#10903);
#10903 = FILL_AREA_STYLE('',(#10904));
#10904 = FILL_AREA_STYLE_COLOUR('',#10407);
#10905 = SURFACE_STYLE_RENDERING_WITH_PROPERTIES(.NORMAL_SHADING.,#10407
  ,(#10906));
#10906 = SURFACE_STYLE_TRANSPARENT(0.);
#10907 = OVER_RIDING_STYLED_ITEM('overriding color',(#10908),#2655,
  #10400);
#10908 = PRESENTATION_STYLE_ASSIGNMENT((#10909));
#10909 = SURFACE_STYLE_USAGE(.BOTH.,#10910);
#10910 = SURFACE_SIDE_STYLE('',(#10911,#10914));
#10911 = SURFACE_STYLE_FILL_AREA(#10912);
#10912 = FILL_AREA_STYLE('',(#10913));
#10913 = FILL_AREA_STYLE_COLOUR('',#10407);
#10914 = SURFACE_STYLE_RENDERING_WITH_PROPERTIES(.NORMAL_SHADING.,#10407
  ,(#10915));
#10915 = SURFACE_STYLE_TRANSPARENT(0.);
#10916 = OVER_RIDING_STYLED_ITEM('overriding color',(#10917),#2679,
  #10400);
#10917 = PRESENTATION_STYLE_ASSIGNMENT((#10918));
#10918 = SURFACE_STYLE_USAGE(.BOTH.,#10919);
#10919 = SURFACE_SIDE_STYLE('',(#10920,#10923));
#10920 = SURFACE_STYLE_FILL_AREA(#10921);
#10921 = FILL_AREA_STYLE('',(#10922));
#10922 = FILL_AREA_STYLE_COLOUR('',#10407);
#10923 = SURFACE_STYLE_RENDERING_WITH_PROPERTIES(.NORMAL_SHADING.,#10407
  ,(#10924));
#10924 = SURFACE_STYLE_TRANSPARENT(0.);
#10925 = OVER_RIDING_STYLED_ITEM('overriding color',(#10926),#2906,
  #10400);
#10926 = PRESENTATION_STYLE_ASSIGNMENT((#10927));
#10927 = SURFACE_STYLE_USAGE(.BOTH.,#10928);
#10928 = SURFACE_SIDE_STYLE('',(#10929,#10932));
#10929 = SURFACE_STYLE_FILL_AREA(#10930);
#10930 = FILL_AREA_STYLE('',(#10931));
#10931 = FILL_AREA_STYLE_COLOUR('',#10407);
#10932 = SURFACE_STYLE_RENDERING_WITH_PROPERTIES(.NORMAL_SHADING.,#10407
  ,(#10933));
#10933 = SURFACE_STYLE_TRANSPARENT(0.);
#10934 = OVER_RIDING_STYLED_ITEM('overriding color',(#10935),#2938,
  #10400);
#10935 = PRESENTATION_STYLE_ASSIGNMENT((#10936));
#10936 = SURFACE_STYLE_USAGE(.BOTH.,#10937);
#10937 = SURFACE_SIDE_STYLE('',(#10938,#10941));
#10938 = SURFACE_STYLE_FILL_AREA(#10939);
#10939 = FILL_AREA_STYLE('',(#10940));
#10940 = FILL_AREA_STYLE_COLOUR('',#10407);
#10941 = SURFACE_STYLE_RENDERING_WITH_PROPERTIES(.NORMAL_SHADING.,#10407
  ,(#10942));
#10942 = SURFACE_STYLE_TRANSPARENT(0.);
#10943 = OVER_RIDING_STYLED_ITEM('overriding color',(#10944),#2962,
  #10400);
#10944 = PRESENTATION_STYLE_ASSIGNMENT((#10945));
#10945 = SURFACE_STYLE_USAGE(.BOTH.,#10946);
#10946 = SURFACE_SIDE_STYLE('',(#10947,#10950));
#10947 = SURFACE_STYLE_FILL_AREA(#10948);
#10948 = FILL_AREA_STYLE('',(#10949));
#10949 = FILL_AREA_STYLE_COLOUR('',#10407);
#10950 = SURFACE_STYLE_RENDERING_WITH_PROPERTIES(.NORMAL_SHADING.,#10407
  ,(#10951));
#10951 = SURFACE_STYLE_TRANSPARENT(0.);
#10952 = OVER_RIDING_STYLED_ITEM('overriding color',(#10953),#2987,
  #10400);
#10953 = PRESENTATION_STYLE_ASSIGNMENT((#10954));
#10954 = SURFACE_STYLE_USAGE(.BOTH.,#10955);
#10955 = SURFACE_SIDE_STYLE('',(#10956,#10959));
#10956 = SURFACE_STYLE_FILL_AREA(#10957);
#10957 = FILL_AREA_STYLE('',(#10958));
#10958 = FILL_AREA_STYLE_COLOUR('',#10407);
#10959 = SURFACE_STYLE_RENDERING_WITH_PROPERTIES(.NORMAL_SHADING.,#10407
  ,(#10960));
#10960 = SURFACE_STYLE_TRANSPARENT(0.);
#10961 = OVER_RIDING_STYLED_ITEM('overriding color',(#10962),#3004,
  #10400);
#10962 = PRESENTATION_STYLE_ASSIGNMENT((#10963));
#10963 = SURFACE_STYLE_USAGE(.BOTH.,#10964);
#10964 = SURFACE_SIDE_STYLE('',(#10965,#10968));
#10965 = SURFACE_STYLE_FILL_AREA(#10966);
#10966 = FILL_AREA_STYLE('',(#10967));
#10967 = FILL_AREA_STYLE_COLOUR('',#10407);
#10968 = SURFACE_STYLE_RENDERING_WITH_PROPERTIES(.NORMAL_SHADING.,#10407
  ,(#10969));
#10969 = SURFACE_STYLE_TRANSPARENT(0.);
#10970 = OVER_RIDING_STYLED_ITEM('overriding color',(#10971),#3036,
  #10400);
#10971 = PRESENTATION_STYLE_ASSIGNMENT((#10972));
#10972 = SURFACE_STYLE_USAGE(.BOTH.,#10973);
#10973 = SURFACE_SIDE_STYLE('',(#10974,#10977));
#10974 = SURFACE_STYLE_FILL_AREA(#10975);
#10975 = FILL_AREA_STYLE('',(#10976));
#10976 = FILL_AREA_STYLE_COLOUR('',#10407);
#10977 = SURFACE_STYLE_RENDERING_WITH_PROPERTIES(.NORMAL_SHADING.,#10407
  ,(#10978));
#10978 = SURFACE_STYLE_TRANSPARENT(0.);
#10979 = OVER_RIDING_STYLED_ITEM('overriding color',(#10980),#3060,
  #10400);
#10980 = PRESENTATION_STYLE_ASSIGNMENT((#10981));
#10981 = SURFACE_STYLE_USAGE(.BOTH.,#10982);
#10982 = SURFACE_SIDE_STYLE('',(#10983,#10986));
#10983 = SURFACE_STYLE_FILL_AREA(#10984);
#10984 = FILL_AREA_STYLE('',(#10985));
#10985 = FILL_AREA_STYLE_COLOUR('',#10407);
#10986 = SURFACE_STYLE_RENDERING_WITH_PROPERTIES(.NORMAL_SHADING.,#10407
  ,(#10987));
#10987 = SURFACE_STYLE_TRANSPARENT(0.);
#10988 = OVER_RIDING_STYLED_ITEM('overriding color',(#10989),#3085,
  #10400);
#10989 = PRESENTATION_STYLE_ASSIGNMENT((#10990));
#10990 = SURFACE_STYLE_USAGE(.BOTH.,#10991);
#10991 = SURFACE_SIDE_STYLE('',(#10992,#10995));
#10992 = SURFACE_STYLE_FILL_AREA(#10993);
#10993 = FILL_AREA_STYLE('',(#10994));
#10994 = FILL_AREA_STYLE_COLOUR('',#10407);
#10995 = SURFACE_STYLE_RENDERING_WITH_PROPERTIES(.NORMAL_SHADING.,#10407
  ,(#10996));
#10996 = SURFACE_STYLE_TRANSPARENT(0.);
#10997 = OVER_RIDING_STYLED_ITEM('overriding color',(#10998),#3102,
  #10400);
#10998 = PRESENTATION_STYLE_ASSIGNMENT((#10999));
#10999 = SURFACE_STYLE_USAGE(.BOTH.,#11000);
#11000 = SURFACE_SIDE_STYLE('',(#11001,#11004));
#11001 = SURFACE_STYLE_FILL_AREA(#11002);
#11002 = FILL_AREA_STYLE('',(#11003));
#11003 = FILL_AREA_STYLE_COLOUR('',#10407);
#11004 = SURFACE_STYLE_RENDERING_WITH_PROPERTIES(.NORMAL_SHADING.,#10407
  ,(#11005));
#11005 = SURFACE_STYLE_TRANSPARENT(0.);
#11006 = OVER_RIDING_STYLED_ITEM('overriding color',(#11007),#3135,
  #10400);
#11007 = PRESENTATION_STYLE_ASSIGNMENT((#11008));
#11008 = SURFACE_STYLE_USAGE(.BOTH.,#11009);
#11009 = SURFACE_SIDE_STYLE('',(#11010,#11013));
#11010 = SURFACE_STYLE_FILL_AREA(#11011);
#11011 = FILL_AREA_STYLE('',(#11012));
#11012 = FILL_AREA_STYLE_COLOUR('',#10407);
#11013 = SURFACE_STYLE_RENDERING_WITH_PROPERTIES(.NORMAL_SHADING.,#10407
  ,(#11014));
#11014 = SURFACE_STYLE_TRANSPARENT(0.);
#11015 = OVER_RIDING_STYLED_ITEM('overriding color',(#11016),#3176,
  #10400);
#11016 = PRESENTATION_STYLE_ASSIGNMENT((#11017));
#11017 = SURFACE_STYLE_USAGE(.BOTH.,#11018);
#11018 = SURFACE_SIDE_STYLE('',(#11019,#11022));
#11019 = SURFACE_STYLE_FILL_AREA(#11020);
#11020 = FILL_AREA_STYLE('',(#11021));
#11021 = FILL_AREA_STYLE_COLOUR('',#10407);
#11022 = SURFACE_STYLE_RENDERING_WITH_PROPERTIES(.NORMAL_SHADING.,#10407
  ,(#11023));
#11023 = SURFACE_STYLE_TRANSPARENT(0.);
#11024 = OVER_RIDING_STYLED_ITEM('overriding color',(#11025),#3200,
  #10400);
#11025 = PRESENTATION_STYLE_ASSIGNMENT((#11026));
#11026 = SURFACE_STYLE_USAGE(.BOTH.,#11027);
#11027 = SURFACE_SIDE_STYLE('',(#11028,#11031));
#11028 = SURFACE_STYLE_FILL_AREA(#11029);
#11029 = FILL_AREA_STYLE('',(#11030));
#11030 = FILL_AREA_STYLE_COLOUR('',#10407);
#11031 = SURFACE_STYLE_RENDERING_WITH_PROPERTIES(.NORMAL_SHADING.,#10407
  ,(#11032));
#11032 = SURFACE_STYLE_TRANSPARENT(0.);
#11033 = OVER_RIDING_STYLED_ITEM('overriding color',(#11034),#3224,
  #10400);
#11034 = PRESENTATION_STYLE_ASSIGNMENT((#11035));
#11035 = SURFACE_STYLE_USAGE(.BOTH.,#11036);
#11036 = SURFACE_SIDE_STYLE('',(#11037,#11040));
#11037 = SURFACE_STYLE_FILL_AREA(#11038);
#11038 = FILL_AREA_STYLE('',(#11039));
#11039 = FILL_AREA_STYLE_COLOUR('',#10407);
#11040 = SURFACE_STYLE_RENDERING_WITH_PROPERTIES(.NORMAL_SHADING.,#10407
  ,(#11041));
#11041 = SURFACE_STYLE_TRANSPARENT(0.);
#11042 = OVER_RIDING_STYLED_ITEM('overriding color',(#11043),#3248,
  #10400);
#11043 = PRESENTATION_STYLE_ASSIGNMENT((#11044));
#11044 = SURFACE_STYLE_USAGE(.BOTH.,#11045);
#11045 = SURFACE_SIDE_STYLE('',(#11046,#11049));
#11046 = SURFACE_STYLE_FILL_AREA(#11047);
#11047 = FILL_AREA_STYLE('',(#11048));
#11048 = FILL_AREA_STYLE_COLOUR('',#10407);
#11049 = SURFACE_STYLE_RENDERING_WITH_PROPERTIES(.NORMAL_SHADING.,#10407
  ,(#11050));
#11050 = SURFACE_STYLE_TRANSPARENT(0.);
#11051 = OVER_RIDING_STYLED_ITEM('overriding color',(#11052),#3272,
  #10400);
#11052 = PRESENTATION_STYLE_ASSIGNMENT((#11053));
#11053 = SURFACE_STYLE_USAGE(.BOTH.,#11054);
#11054 = SURFACE_SIDE_STYLE('',(#11055,#11058));
#11055 = SURFACE_STYLE_FILL_AREA(#11056);
#11056 = FILL_AREA_STYLE('',(#11057));
#11057 = FILL_AREA_STYLE_COLOUR('',#10407);
#11058 = SURFACE_STYLE_RENDERING_WITH_PROPERTIES(.NORMAL_SHADING.,#10407
  ,(#11059));
#11059 = SURFACE_STYLE_TRANSPARENT(0.);
#11060 = OVER_RIDING_STYLED_ITEM('overriding color',(#11061),#3296,
  #10400);
#11061 = PRESENTATION_STYLE_ASSIGNMENT((#11062));
#11062 = SURFACE_STYLE_USAGE(.BOTH.,#11063);
#11063 = SURFACE_SIDE_STYLE('',(#11064,#11067));
#11064 = SURFACE_STYLE_FILL_AREA(#11065);
#11065 = FILL_AREA_STYLE('',(#11066));
#11066 = FILL_AREA_STYLE_COLOUR('',#10407);
#11067 = SURFACE_STYLE_RENDERING_WITH_PROPERTIES(.NORMAL_SHADING.,#10407
  ,(#11068));
#11068 = SURFACE_STYLE_TRANSPARENT(0.);
#11069 = OVER_RIDING_STYLED_ITEM('overriding color',(#11070),#3320,
  #10400);
#11070 = PRESENTATION_STYLE_ASSIGNMENT((#11071));
#11071 = SURFACE_STYLE_USAGE(.BOTH.,#11072);
#11072 = SURFACE_SIDE_STYLE('',(#11073,#11076));
#11073 = SURFACE_STYLE_FILL_AREA(#11074);
#11074 = FILL_AREA_STYLE('',(#11075));
#11075 = FILL_AREA_STYLE_COLOUR('',#10407);
#11076 = SURFACE_STYLE_RENDERING_WITH_PROPERTIES(.NORMAL_SHADING.,#10407
  ,(#11077));
#11077 = SURFACE_STYLE_TRANSPARENT(0.);
#11078 = OVER_RIDING_STYLED_ITEM('overriding color',(#11079),#3344,
  #10400);
#11079 = PRESENTATION_STYLE_ASSIGNMENT((#11080));
#11080 = SURFACE_STYLE_USAGE(.BOTH.,#11081);
#11081 = SURFACE_SIDE_STYLE('',(#11082,#11085));
#11082 = SURFACE_STYLE_FILL_AREA(#11083);
#11083 = FILL_AREA_STYLE('',(#11084));
#11084 = FILL_AREA_STYLE_COLOUR('',#10407);
#11085 = SURFACE_STYLE_RENDERING_WITH_PROPERTIES(.NORMAL_SHADING.,#10407
  ,(#11086));
#11086 = SURFACE_STYLE_TRANSPARENT(0.);
#11087 = OVER_RIDING_STYLED_ITEM('overriding color',(#11088),#3378,
  #10400);
#11088 = PRESENTATION_STYLE_ASSIGNMENT((#11089));
#11089 = SURFACE_STYLE_USAGE(.BOTH.,#11090);
#11090 = SURFACE_SIDE_STYLE('',(#11091,#11094));
#11091 = SURFACE_STYLE_FILL_AREA(#11092);
#11092 = FILL_AREA_STYLE('',(#11093));
#11093 = FILL_AREA_STYLE_COLOUR('',#10407);
#11094 = SURFACE_STYLE_RENDERING_WITH_PROPERTIES(.NORMAL_SHADING.,#10407
  ,(#11095));
#11095 = SURFACE_STYLE_TRANSPARENT(0.);
#11096 = OVER_RIDING_STYLED_ITEM('overriding color',(#11097),#3411,
  #10400);
#11097 = PRESENTATION_STYLE_ASSIGNMENT((#11098));
#11098 = SURFACE_STYLE_USAGE(.BOTH.,#11099);
#11099 = SURFACE_SIDE_STYLE('',(#11100,#11103));
#11100 = SURFACE_STYLE_FILL_AREA(#11101);
#11101 = FILL_AREA_STYLE('',(#11102));
#11102 = FILL_AREA_STYLE_COLOUR('',#10407);
#11103 = SURFACE_STYLE_RENDERING_WITH_PROPERTIES(.NORMAL_SHADING.,#10407
  ,(#11104));
#11104 = SURFACE_STYLE_TRANSPARENT(0.);
#11105 = OVER_RIDING_STYLED_ITEM('overriding color',(#11106),#3443,
  #10400);
#11106 = PRESENTATION_STYLE_ASSIGNMENT((#11107));
#11107 = SURFACE_STYLE_USAGE(.BOTH.,#11108);
#11108 = SURFACE_SIDE_STYLE('',(#11109,#11112));
#11109 = SURFACE_STYLE_FILL_AREA(#11110);
#11110 = FILL_AREA_STYLE('',(#11111));
#11111 = FILL_AREA_STYLE_COLOUR('',#10407);
#11112 = SURFACE_STYLE_RENDERING_WITH_PROPERTIES(.NORMAL_SHADING.,#10407
  ,(#11113));
#11113 = SURFACE_STYLE_TRANSPARENT(0.);
#11114 = OVER_RIDING_STYLED_ITEM('overriding color',(#11115),#3467,
  #10400);
#11115 = PRESENTATION_STYLE_ASSIGNMENT((#11116));
#11116 = SURFACE_STYLE_USAGE(.BOTH.,#11117);
#11117 = SURFACE_SIDE_STYLE('',(#11118,#11121));
#11118 = SURFACE_STYLE_FILL_AREA(#11119);
#11119 = FILL_AREA_STYLE('',(#11120));
#11120 = FILL_AREA_STYLE_COLOUR('',#10407);
#11121 = SURFACE_STYLE_RENDERING_WITH_PROPERTIES(.NORMAL_SHADING.,#10407
  ,(#11122));
#11122 = SURFACE_STYLE_TRANSPARENT(0.);
#11123 = OVER_RIDING_STYLED_ITEM('overriding color',(#11124),#3499,
  #10400);
#11124 = PRESENTATION_STYLE_ASSIGNMENT((#11125));
#11125 = SURFACE_STYLE_USAGE(.BOTH.,#11126);
#11126 = SURFACE_SIDE_STYLE('',(#11127,#11130));
#11127 = SURFACE_STYLE_FILL_AREA(#11128);
#11128 = FILL_AREA_STYLE('',(#11129));
#11129 = FILL_AREA_STYLE_COLOUR('',#10407);
#11130 = SURFACE_STYLE_RENDERING_WITH_PROPERTIES(.NORMAL_SHADING.,#10407
  ,(#11131));
#11131 = SURFACE_STYLE_TRANSPARENT(0.);
#11132 = OVER_RIDING_STYLED_ITEM('overriding color',(#11133),#3524,
  #10400);
#11133 = PRESENTATION_STYLE_ASSIGNMENT((#11134));
#11134 = SURFACE_STYLE_USAGE(.BOTH.,#11135);
#11135 = SURFACE_SIDE_STYLE('',(#11136,#11139));
#11136 = SURFACE_STYLE_FILL_AREA(#11137);
#11137 = FILL_AREA_STYLE('',(#11138));
#11138 = FILL_AREA_STYLE_COLOUR('',#10407);
#11139 = SURFACE_STYLE_RENDERING_WITH_PROPERTIES(.NORMAL_SHADING.,#10407
  ,(#11140));
#11140 = SURFACE_STYLE_TRANSPARENT(0.);
#11141 = OVER_RIDING_STYLED_ITEM('overriding color',(#11142),#3548,
  #10400);
#11142 = PRESENTATION_STYLE_ASSIGNMENT((#11143));
#11143 = SURFACE_STYLE_USAGE(.BOTH.,#11144);
#11144 = SURFACE_SIDE_STYLE('',(#11145,#11148));
#11145 = SURFACE_STYLE_FILL_AREA(#11146);
#11146 = FILL_AREA_STYLE('',(#11147));
#11147 = FILL_AREA_STYLE_COLOUR('',#10407);
#11148 = SURFACE_STYLE_RENDERING_WITH_PROPERTIES(.NORMAL_SHADING.,#10407
  ,(#11149));
#11149 = SURFACE_STYLE_TRANSPARENT(0.);
#11150 = OVER_RIDING_STYLED_ITEM('overriding color',(#11151),#3573,
  #10400);
#11151 = PRESENTATION_STYLE_ASSIGNMENT((#11152));
#11152 = SURFACE_STYLE_USAGE(.BOTH.,#11153);
#11153 = SURFACE_SIDE_STYLE('',(#11154,#11157));
#11154 = SURFACE_STYLE_FILL_AREA(#11155);
#11155 = FILL_AREA_STYLE('',(#11156));
#11156 = FILL_AREA_STYLE_COLOUR('',#10407);
#11157 = SURFACE_STYLE_RENDERING_WITH_PROPERTIES(.NORMAL_SHADING.,#10407
  ,(#11158));
#11158 = SURFACE_STYLE_TRANSPARENT(0.);
#11159 = OVER_RIDING_STYLED_ITEM('overriding color',(#11160),#3605,
  #10400);
#11160 = PRESENTATION_STYLE_ASSIGNMENT((#11161));
#11161 = SURFACE_STYLE_USAGE(.BOTH.,#11162);
#11162 = SURFACE_SIDE_STYLE('',(#11163,#11166));
#11163 = SURFACE_STYLE_FILL_AREA(#11164);
#11164 = FILL_AREA_STYLE('',(#11165));
#11165 = FILL_AREA_STYLE_COLOUR('',#10407);
#11166 = SURFACE_STYLE_RENDERING_WITH_PROPERTIES(.NORMAL_SHADING.,#10407
  ,(#11167));
#11167 = SURFACE_STYLE_TRANSPARENT(0.);
#11168 = OVER_RIDING_STYLED_ITEM('overriding color',(#11169),#3629,
  #10400);
#11169 = PRESENTATION_STYLE_ASSIGNMENT((#11170));
#11170 = SURFACE_STYLE_USAGE(.BOTH.,#11171);
#11171 = SURFACE_SIDE_STYLE('',(#11172,#11175));
#11172 = SURFACE_STYLE_FILL_AREA(#11173);
#11173 = FILL_AREA_STYLE('',(#11174));
#11174 = FILL_AREA_STYLE_COLOUR('',#10407);
#11175 = SURFACE_STYLE_RENDERING_WITH_PROPERTIES(.NORMAL_SHADING.,#10407
  ,(#11176));
#11176 = SURFACE_STYLE_TRANSPARENT(0.);
#11177 = OVER_RIDING_STYLED_ITEM('overriding color',(#11178),#3654,
  #10400);
#11178 = PRESENTATION_STYLE_ASSIGNMENT((#11179));
#11179 = SURFACE_STYLE_USAGE(.BOTH.,#11180);
#11180 = SURFACE_SIDE_STYLE('',(#11181,#11184));
#11181 = SURFACE_STYLE_FILL_AREA(#11182);
#11182 = FILL_AREA_STYLE('',(#11183));
#11183 = FILL_AREA_STYLE_COLOUR('',#10407);
#11184 = SURFACE_STYLE_RENDERING_WITH_PROPERTIES(.NORMAL_SHADING.,#10407
  ,(#11185));
#11185 = SURFACE_STYLE_TRANSPARENT(0.);
#11186 = OVER_RIDING_STYLED_ITEM('overriding color',(#11187),#3687,
  #10400);
#11187 = PRESENTATION_STYLE_ASSIGNMENT((#11188));
#11188 = SURFACE_STYLE_USAGE(.BOTH.,#11189);
#11189 = SURFACE_SIDE_STYLE('',(#11190,#11193));
#11190 = SURFACE_STYLE_FILL_AREA(#11191);
#11191 = FILL_AREA_STYLE('',(#11192));
#11192 = FILL_AREA_STYLE_COLOUR('',#10407);
#11193 = SURFACE_STYLE_RENDERING_WITH_PROPERTIES(.NORMAL_SHADING.,#10407
  ,(#11194));
#11194 = SURFACE_STYLE_TRANSPARENT(0.);
#11195 = OVER_RIDING_STYLED_ITEM('overriding color',(#11196),#3738,
  #10400);
#11196 = PRESENTATION_STYLE_ASSIGNMENT((#11197));
#11197 = SURFACE_STYLE_USAGE(.BOTH.,#11198);
#11198 = SURFACE_SIDE_STYLE('',(#11199,#11202));
#11199 = SURFACE_STYLE_FILL_AREA(#11200);
#11200 = FILL_AREA_STYLE('',(#11201));
#11201 = FILL_AREA_STYLE_COLOUR('',#10697);
#11202 = SURFACE_STYLE_RENDERING_WITH_PROPERTIES(.NORMAL_SHADING.,#10697
  ,(#11203));
#11203 = SURFACE_STYLE_TRANSPARENT(0.);
#11204 = OVER_RIDING_STYLED_ITEM('overriding color',(#11205),#3777,
  #10400);
#11205 = PRESENTATION_STYLE_ASSIGNMENT((#11206));
#11206 = SURFACE_STYLE_USAGE(.BOTH.,#11207);
#11207 = SURFACE_SIDE_STYLE('',(#11208,#11211));
#11208 = SURFACE_STYLE_FILL_AREA(#11209);
#11209 = FILL_AREA_STYLE('',(#11210));
#11210 = FILL_AREA_STYLE_COLOUR('',#10697);
#11211 = SURFACE_STYLE_RENDERING_WITH_PROPERTIES(.NORMAL_SHADING.,#10697
  ,(#11212));
#11212 = SURFACE_STYLE_TRANSPARENT(0.);
#11213 = OVER_RIDING_STYLED_ITEM('overriding color',(#11214),#3801,
  #10400);
#11214 = PRESENTATION_STYLE_ASSIGNMENT((#11215));
#11215 = SURFACE_STYLE_USAGE(.BOTH.,#11216);
#11216 = SURFACE_SIDE_STYLE('',(#11217,#11220));
#11217 = SURFACE_STYLE_FILL_AREA(#11218);
#11218 = FILL_AREA_STYLE('',(#11219));
#11219 = FILL_AREA_STYLE_COLOUR('',#10697);
#11220 = SURFACE_STYLE_RENDERING_WITH_PROPERTIES(.NORMAL_SHADING.,#10697
  ,(#11221));
#11221 = SURFACE_STYLE_TRANSPARENT(0.);
#11222 = OVER_RIDING_STYLED_ITEM('overriding color',(#11223),#3833,
  #10400);
#11223 = PRESENTATION_STYLE_ASSIGNMENT((#11224));
#11224 = SURFACE_STYLE_USAGE(.BOTH.,#11225);
#11225 = SURFACE_SIDE_STYLE('',(#11226,#11229));
#11226 = SURFACE_STYLE_FILL_AREA(#11227);
#11227 = FILL_AREA_STYLE('',(#11228));
#11228 = FILL_AREA_STYLE_COLOUR('',#10697);
#11229 = SURFACE_STYLE_RENDERING_WITH_PROPERTIES(.NORMAL_SHADING.,#10697
  ,(#11230));
#11230 = SURFACE_STYLE_TRANSPARENT(0.);
#11231 = OVER_RIDING_STYLED_ITEM('overriding color',(#11232),#3872,
  #10400);
#11232 = PRESENTATION_STYLE_ASSIGNMENT((#11233));
#11233 = SURFACE_STYLE_USAGE(.BOTH.,#11234);
#11234 = SURFACE_SIDE_STYLE('',(#11235,#11238));
#11235 = SURFACE_STYLE_FILL_AREA(#11236);
#11236 = FILL_AREA_STYLE('',(#11237));
#11237 = FILL_AREA_STYLE_COLOUR('',#10697);
#11238 = SURFACE_STYLE_RENDERING_WITH_PROPERTIES(.NORMAL_SHADING.,#10697
  ,(#11239));
#11239 = SURFACE_STYLE_TRANSPARENT(0.);
#11240 = OVER_RIDING_STYLED_ITEM('overriding color',(#11241),#3896,
  #10400);
#11241 = PRESENTATION_STYLE_ASSIGNMENT((#11242));
#11242 = SURFACE_STYLE_USAGE(.BOTH.,#11243);
#11243 = SURFACE_SIDE_STYLE('',(#11244,#11247));
#11244 = SURFACE_STYLE_FILL_AREA(#11245);
#11245 = FILL_AREA_STYLE('',(#11246));
#11246 = FILL_AREA_STYLE_COLOUR('',#10697);
#11247 = SURFACE_STYLE_RENDERING_WITH_PROPERTIES(.NORMAL_SHADING.,#10697
  ,(#11248));
#11248 = SURFACE_STYLE_TRANSPARENT(0.);
#11249 = OVER_RIDING_STYLED_ITEM('overriding color',(#11250),#3928,
  #10400);
#11250 = PRESENTATION_STYLE_ASSIGNMENT((#11251));
#11251 = SURFACE_STYLE_USAGE(.BOTH.,#11252);
#11252 = SURFACE_SIDE_STYLE('',(#11253,#11256));
#11253 = SURFACE_STYLE_FILL_AREA(#11254);
#11254 = FILL_AREA_STYLE('',(#11255));
#11255 = FILL_AREA_STYLE_COLOUR('',#10697);
#11256 = SURFACE_STYLE_RENDERING_WITH_PROPERTIES(.NORMAL_SHADING.,#10697
  ,(#11257));
#11257 = SURFACE_STYLE_TRANSPARENT(0.);
#11258 = OVER_RIDING_STYLED_ITEM('overriding color',(#11259),#3945,
  #10400);
#11259 = PRESENTATION_STYLE_ASSIGNMENT((#11260));
#11260 = SURFACE_STYLE_USAGE(.BOTH.,#11261);
#11261 = SURFACE_SIDE_STYLE('',(#11262,#11265));
#11262 = SURFACE_STYLE_FILL_AREA(#11263);
#11263 = FILL_AREA_STYLE('',(#11264));
#11264 = FILL_AREA_STYLE_COLOUR('',#10407);
#11265 = SURFACE_STYLE_RENDERING_WITH_PROPERTIES(.NORMAL_SHADING.,#10407
  ,(#11266));
#11266 = SURFACE_STYLE_TRANSPARENT(0.);
#11267 = OVER_RIDING_STYLED_ITEM('overriding color',(#11268),#3957,
  #10400);
#11268 = PRESENTATION_STYLE_ASSIGNMENT((#11269));
#11269 = SURFACE_STYLE_USAGE(.BOTH.,#11270);
#11270 = SURFACE_SIDE_STYLE('',(#11271,#11274));
#11271 = SURFACE_STYLE_FILL_AREA(#11272);
#11272 = FILL_AREA_STYLE('',(#11273));
#11273 = FILL_AREA_STYLE_COLOUR('',#10697);
#11274 = SURFACE_STYLE_RENDERING_WITH_PROPERTIES(.NORMAL_SHADING.,#10697
  ,(#11275));
#11275 = SURFACE_STYLE_TRANSPARENT(0.);
#11276 = OVER_RIDING_STYLED_ITEM('overriding color',(#11277),#3974,
  #10400);
#11277 = PRESENTATION_STYLE_ASSIGNMENT((#11278));
#11278 = SURFACE_STYLE_USAGE(.BOTH.,#11279);
#11279 = SURFACE_SIDE_STYLE('',(#11280,#11283));
#11280 = SURFACE_STYLE_FILL_AREA(#11281);
#11281 = FILL_AREA_STYLE('',(#11282));
#11282 = FILL_AREA_STYLE_COLOUR('',#10697);
#11283 = SURFACE_STYLE_RENDERING_WITH_PROPERTIES(.NORMAL_SHADING.,#10697
  ,(#11284));
#11284 = SURFACE_STYLE_TRANSPARENT(0.);
#11285 = OVER_RIDING_STYLED_ITEM('overriding color',(#11286),#3991,
  #10400);
#11286 = PRESENTATION_STYLE_ASSIGNMENT((#11287));
#11287 = SURFACE_STYLE_USAGE(.BOTH.,#11288);
#11288 = SURFACE_SIDE_STYLE('',(#11289,#11292));
#11289 = SURFACE_STYLE_FILL_AREA(#11290);
#11290 = FILL_AREA_STYLE('',(#11291));
#11291 = FILL_AREA_STYLE_COLOUR('',#10697);
#11292 = SURFACE_STYLE_RENDERING_WITH_PROPERTIES(.NORMAL_SHADING.,#10697
  ,(#11293));
#11293 = SURFACE_STYLE_TRANSPARENT(0.);
#11294 = OVER_RIDING_STYLED_ITEM('overriding color',(#11295),#4008,
  #10400);
#11295 = PRESENTATION_STYLE_ASSIGNMENT((#11296));
#11296 = SURFACE_STYLE_USAGE(.BOTH.,#11297);
#11297 = SURFACE_SIDE_STYLE('',(#11298,#11301));
#11298 = SURFACE_STYLE_FILL_AREA(#11299);
#11299 = FILL_AREA_STYLE('',(#11300));
#11300 = FILL_AREA_STYLE_COLOUR('',#10697);
#11301 = SURFACE_STYLE_RENDERING_WITH_PROPERTIES(.NORMAL_SHADING.,#10697
  ,(#11302));
#11302 = SURFACE_STYLE_TRANSPARENT(0.);
#11303 = OVER_RIDING_STYLED_ITEM('overriding color',(#11304),#4058,
  #10400);
#11304 = PRESENTATION_STYLE_ASSIGNMENT((#11305));
#11305 = SURFACE_STYLE_USAGE(.BOTH.,#11306);
#11306 = SURFACE_SIDE_STYLE('',(#11307,#11310));
#11307 = SURFACE_STYLE_FILL_AREA(#11308);
#11308 = FILL_AREA_STYLE('',(#11309));
#11309 = FILL_AREA_STYLE_COLOUR('',#10697);
#11310 = SURFACE_STYLE_RENDERING_WITH_PROPERTIES(.NORMAL_SHADING.,#10697
  ,(#11311));
#11311 = SURFACE_STYLE_TRANSPARENT(0.);
#11312 = OVER_RIDING_STYLED_ITEM('overriding color',(#11313),#4089,
  #10400);
#11313 = PRESENTATION_STYLE_ASSIGNMENT((#11314));
#11314 = SURFACE_STYLE_USAGE(.BOTH.,#11315);
#11315 = SURFACE_SIDE_STYLE('',(#11316,#11319));
#11316 = SURFACE_STYLE_FILL_AREA(#11317);
#11317 = FILL_AREA_STYLE('',(#11318));
#11318 = FILL_AREA_STYLE_COLOUR('',#10697);
#11319 = SURFACE_STYLE_RENDERING_WITH_PROPERTIES(.NORMAL_SHADING.,#10697
  ,(#11320));
#11320 = SURFACE_STYLE_TRANSPARENT(0.);
#11321 = OVER_RIDING_STYLED_ITEM('overriding color',(#11322),#4113,
  #10400);
#11322 = PRESENTATION_STYLE_ASSIGNMENT((#11323));
#11323 = SURFACE_STYLE_USAGE(.BOTH.,#11324);
#11324 = SURFACE_SIDE_STYLE('',(#11325,#11328));
#11325 = SURFACE_STYLE_FILL_AREA(#11326);
#11326 = FILL_AREA_STYLE('',(#11327));
#11327 = FILL_AREA_STYLE_COLOUR('',#10697);
#11328 = SURFACE_STYLE_RENDERING_WITH_PROPERTIES(.NORMAL_SHADING.,#10697
  ,(#11329));
#11329 = SURFACE_STYLE_TRANSPARENT(0.);
#11330 = OVER_RIDING_STYLED_ITEM('overriding color',(#11331),#4137,
  #10400);
#11331 = PRESENTATION_STYLE_ASSIGNMENT((#11332));
#11332 = SURFACE_STYLE_USAGE(.BOTH.,#11333);
#11333 = SURFACE_SIDE_STYLE('',(#11334,#11337));
#11334 = SURFACE_STYLE_FILL_AREA(#11335);
#11335 = FILL_AREA_STYLE('',(#11336));
#11336 = FILL_AREA_STYLE_COLOUR('',#10697);
#11337 = SURFACE_STYLE_RENDERING_WITH_PROPERTIES(.NORMAL_SHADING.,#10697
  ,(#11338));
#11338 = SURFACE_STYLE_TRANSPARENT(0.);
#11339 = OVER_RIDING_STYLED_ITEM('overriding color',(#11340),#4371,
  #10400);
#11340 = PRESENTATION_STYLE_ASSIGNMENT((#11341));
#11341 = SURFACE_STYLE_USAGE(.BOTH.,#11342);
#11342 = SURFACE_SIDE_STYLE('',(#11343,#11346));
#11343 = SURFACE_STYLE_FILL_AREA(#11344);
#11344 = FILL_AREA_STYLE('',(#11345));
#11345 = FILL_AREA_STYLE_COLOUR('',#10407);
#11346 = SURFACE_STYLE_RENDERING_WITH_PROPERTIES(.NORMAL_SHADING.,#10407
  ,(#11347));
#11347 = SURFACE_STYLE_TRANSPARENT(0.);
#11348 = OVER_RIDING_STYLED_ITEM('overriding color',(#11349),#4492,
  #10400);
#11349 = PRESENTATION_STYLE_ASSIGNMENT((#11350));
#11350 = SURFACE_STYLE_USAGE(.BOTH.,#11351);
#11351 = SURFACE_SIDE_STYLE('',(#11352,#11355));
#11352 = SURFACE_STYLE_FILL_AREA(#11353);
#11353 = FILL_AREA_STYLE('',(#11354));
#11354 = FILL_AREA_STYLE_COLOUR('',#10407);
#11355 = SURFACE_STYLE_RENDERING_WITH_PROPERTIES(.NORMAL_SHADING.,#10407
  ,(#11356));
#11356 = SURFACE_STYLE_TRANSPARENT(0.);
#11357 = OVER_RIDING_STYLED_ITEM('overriding color',(#11358),#4516,
  #10400);
#11358 = PRESENTATION_STYLE_ASSIGNMENT((#11359));
#11359 = SURFACE_STYLE_USAGE(.BOTH.,#11360);
#11360 = SURFACE_SIDE_STYLE('',(#11361,#11364));
#11361 = SURFACE_STYLE_FILL_AREA(#11362);
#11362 = FILL_AREA_STYLE('',(#11363));
#11363 = FILL_AREA_STYLE_COLOUR('',#10407);
#11364 = SURFACE_STYLE_RENDERING_WITH_PROPERTIES(.NORMAL_SHADING.,#10407
  ,(#11365));
#11365 = SURFACE_STYLE_TRANSPARENT(0.);
#11366 = OVER_RIDING_STYLED_ITEM('overriding color',(#11367),#4630,
  #10400);
#11367 = PRESENTATION_STYLE_ASSIGNMENT((#11368));
#11368 = SURFACE_STYLE_USAGE(.BOTH.,#11369);
#11369 = SURFACE_SIDE_STYLE('',(#11370,#11373));
#11370 = SURFACE_STYLE_FILL_AREA(#11371);
#11371 = FILL_AREA_STYLE('',(#11372));
#11372 = FILL_AREA_STYLE_COLOUR('',#10407);
#11373 = SURFACE_STYLE_RENDERING_WITH_PROPERTIES(.NORMAL_SHADING.,#10407
  ,(#11374));
#11374 = SURFACE_STYLE_TRANSPARENT(0.);
#11375 = OVER_RIDING_STYLED_ITEM('overriding color',(#11376),#4647,
  #10400);
#11376 = PRESENTATION_STYLE_ASSIGNMENT((#11377));
#11377 = SURFACE_STYLE_USAGE(.BOTH.,#11378);
#11378 = SURFACE_SIDE_STYLE('',(#11379,#11382));
#11379 = SURFACE_STYLE_FILL_AREA(#11380);
#11380 = FILL_AREA_STYLE('',(#11381));
#11381 = FILL_AREA_STYLE_COLOUR('',#10407);
#11382 = SURFACE_STYLE_RENDERING_WITH_PROPERTIES(.NORMAL_SHADING.,#10407
  ,(#11383));
#11383 = SURFACE_STYLE_TRANSPARENT(0.);
#11384 = OVER_RIDING_STYLED_ITEM('overriding color',(#11385),#4664,
  #10400);
#11385 = PRESENTATION_STYLE_ASSIGNMENT((#11386));
#11386 = SURFACE_STYLE_USAGE(.BOTH.,#11387);
#11387 = SURFACE_SIDE_STYLE('',(#11388,#11391));
#11388 = SURFACE_STYLE_FILL_AREA(#11389);
#11389 = FILL_AREA_STYLE('',(#11390));
#11390 = FILL_AREA_STYLE_COLOUR('',#10407);
#11391 = SURFACE_STYLE_RENDERING_WITH_PROPERTIES(.NORMAL_SHADING.,#10407
  ,(#11392));
#11392 = SURFACE_STYLE_TRANSPARENT(0.);
#11393 = OVER_RIDING_STYLED_ITEM('overriding color',(#11394),#4699,
  #10400);
#11394 = PRESENTATION_STYLE_ASSIGNMENT((#11395));
#11395 = SURFACE_STYLE_USAGE(.BOTH.,#11396);
#11396 = SURFACE_SIDE_STYLE('',(#11397,#11400));
#11397 = SURFACE_STYLE_FILL_AREA(#11398);
#11398 = FILL_AREA_STYLE('',(#11399));
#11399 = FILL_AREA_STYLE_COLOUR('',#10407);
#11400 = SURFACE_STYLE_RENDERING_WITH_PROPERTIES(.NORMAL_SHADING.,#10407
  ,(#11401));
#11401 = SURFACE_STYLE_TRANSPARENT(0.);
#11402 = OVER_RIDING_STYLED_ITEM('overriding color',(#11403),#4743,
  #10400);
#11403 = PRESENTATION_STYLE_ASSIGNMENT((#11404));
#11404 = SURFACE_STYLE_USAGE(.BOTH.,#11405);
#11405 = SURFACE_SIDE_STYLE('',(#11406,#11409));
#11406 = SURFACE_STYLE_FILL_AREA(#11407);
#11407 = FILL_AREA_STYLE('',(#11408));
#11408 = FILL_AREA_STYLE_COLOUR('',#10407);
#11409 = SURFACE_STYLE_RENDERING_WITH_PROPERTIES(.NORMAL_SHADING.,#10407
  ,(#11410));
#11410 = SURFACE_STYLE_TRANSPARENT(0.);
#11411 = OVER_RIDING_STYLED_ITEM('overriding color',(#11412),#4770,
  #10400);
#11412 = PRESENTATION_STYLE_ASSIGNMENT((#11413));
#11413 = SURFACE_STYLE_USAGE(.BOTH.,#11414);
#11414 = SURFACE_SIDE_STYLE('',(#11415,#11418));
#11415 = SURFACE_STYLE_FILL_AREA(#11416);
#11416 = FILL_AREA_STYLE('',(#11417));
#11417 = FILL_AREA_STYLE_COLOUR('',#10407);
#11418 = SURFACE_STYLE_RENDERING_WITH_PROPERTIES(.NORMAL_SHADING.,#10407
  ,(#11419));
#11419 = SURFACE_STYLE_TRANSPARENT(0.);
#11420 = OVER_RIDING_STYLED_ITEM('overriding color',(#11421),#4804,
  #10400);
#11421 = PRESENTATION_STYLE_ASSIGNMENT((#11422));
#11422 = SURFACE_STYLE_USAGE(.BOTH.,#11423);
#11423 = SURFACE_SIDE_STYLE('',(#11424,#11427));
#11424 = SURFACE_STYLE_FILL_AREA(#11425);
#11425 = FILL_AREA_STYLE('',(#11426));
#11426 = FILL_AREA_STYLE_COLOUR('',#10697);
#11427 = SURFACE_STYLE_RENDERING_WITH_PROPERTIES(.NORMAL_SHADING.,#10697
  ,(#11428));
#11428 = SURFACE_STYLE_TRANSPARENT(0.);
#11429 = OVER_RIDING_STYLED_ITEM('overriding color',(#11430),#4889,
  #10400);
#11430 = PRESENTATION_STYLE_ASSIGNMENT((#11431));
#11431 = SURFACE_STYLE_USAGE(.BOTH.,#11432);
#11432 = SURFACE_SIDE_STYLE('',(#11433,#11436));
#11433 = SURFACE_STYLE_FILL_AREA(#11434);
#11434 = FILL_AREA_STYLE('',(#11435));
#11435 = FILL_AREA_STYLE_COLOUR('',#10697);
#11436 = SURFACE_STYLE_RENDERING_WITH_PROPERTIES(.NORMAL_SHADING.,#10697
  ,(#11437));
#11437 = SURFACE_STYLE_TRANSPARENT(0.);
#11438 = OVER_RIDING_STYLED_ITEM('overriding color',(#11439),#5003,
  #10400);
#11439 = PRESENTATION_STYLE_ASSIGNMENT((#11440));
#11440 = SURFACE_STYLE_USAGE(.BOTH.,#11441);
#11441 = SURFACE_SIDE_STYLE('',(#11442,#11445));
#11442 = SURFACE_STYLE_FILL_AREA(#11443);
#11443 = FILL_AREA_STYLE('',(#11444));
#11444 = FILL_AREA_STYLE_COLOUR('',#10407);
#11445 = SURFACE_STYLE_RENDERING_WITH_PROPERTIES(.NORMAL_SHADING.,#10407
  ,(#11446));
#11446 = SURFACE_STYLE_TRANSPARENT(0.);
#11447 = OVER_RIDING_STYLED_ITEM('overriding color',(#11448),#5025,
  #10400);
#11448 = PRESENTATION_STYLE_ASSIGNMENT((#11449));
#11449 = SURFACE_STYLE_USAGE(.BOTH.,#11450);
#11450 = SURFACE_SIDE_STYLE('',(#11451,#11454));
#11451 = SURFACE_STYLE_FILL_AREA(#11452);
#11452 = FILL_AREA_STYLE('',(#11453));
#11453 = FILL_AREA_STYLE_COLOUR('',#10407);
#11454 = SURFACE_STYLE_RENDERING_WITH_PROPERTIES(.NORMAL_SHADING.,#10407
  ,(#11455));
#11455 = SURFACE_STYLE_TRANSPARENT(0.);
#11456 = OVER_RIDING_STYLED_ITEM('overriding color',(#11457),#5042,
  #10400);
#11457 = PRESENTATION_STYLE_ASSIGNMENT((#11458));
#11458 = SURFACE_STYLE_USAGE(.BOTH.,#11459);
#11459 = SURFACE_SIDE_STYLE('',(#11460,#11463));
#11460 = SURFACE_STYLE_FILL_AREA(#11461);
#11461 = FILL_AREA_STYLE('',(#11462));
#11462 = FILL_AREA_STYLE_COLOUR('',#10407);
#11463 = SURFACE_STYLE_RENDERING_WITH_PROPERTIES(.NORMAL_SHADING.,#10407
  ,(#11464));
#11464 = SURFACE_STYLE_TRANSPARENT(0.);
#11465 = OVER_RIDING_STYLED_ITEM('overriding color',(#11466),#5059,
  #10400);
#11466 = PRESENTATION_STYLE_ASSIGNMENT((#11467));
#11467 = SURFACE_STYLE_USAGE(.BOTH.,#11468);
#11468 = SURFACE_SIDE_STYLE('',(#11469,#11472));
#11469 = SURFACE_STYLE_FILL_AREA(#11470);
#11470 = FILL_AREA_STYLE('',(#11471));
#11471 = FILL_AREA_STYLE_COLOUR('',#10407);
#11472 = SURFACE_STYLE_RENDERING_WITH_PROPERTIES(.NORMAL_SHADING.,#10407
  ,(#11473));
#11473 = SURFACE_STYLE_TRANSPARENT(0.);
#11474 = OVER_RIDING_STYLED_ITEM('overriding color',(#11475),#5094,
  #10400);
#11475 = PRESENTATION_STYLE_ASSIGNMENT((#11476));
#11476 = SURFACE_STYLE_USAGE(.BOTH.,#11477);
#11477 = SURFACE_SIDE_STYLE('',(#11478,#11481));
#11478 = SURFACE_STYLE_FILL_AREA(#11479);
#11479 = FILL_AREA_STYLE('',(#11480));
#11480 = FILL_AREA_STYLE_COLOUR('',#10697);
#11481 = SURFACE_STYLE_RENDERING_WITH_PROPERTIES(.NORMAL_SHADING.,#10697
  ,(#11482));
#11482 = SURFACE_STYLE_TRANSPARENT(0.);
#11483 = OVER_RIDING_STYLED_ITEM('overriding color',(#11484),#5116,
  #10400);
#11484 = PRESENTATION_STYLE_ASSIGNMENT((#11485));
#11485 = SURFACE_STYLE_USAGE(.BOTH.,#11486);
#11486 = SURFACE_SIDE_STYLE('',(#11487,#11490));
#11487 = SURFACE_STYLE_FILL_AREA(#11488);
#11488 = FILL_AREA_STYLE('',(#11489));
#11489 = FILL_AREA_STYLE_COLOUR('',#10407);
#11490 = SURFACE_STYLE_RENDERING_WITH_PROPERTIES(.NORMAL_SHADING.,#10407
  ,(#11491));
#11491 = SURFACE_STYLE_TRANSPARENT(0.);
#11492 = OVER_RIDING_STYLED_ITEM('overriding color',(#11493),#5156,
  #10400);
#11493 = PRESENTATION_STYLE_ASSIGNMENT((#11494));
#11494 = SURFACE_STYLE_USAGE(.BOTH.,#11495);
#11495 = SURFACE_SIDE_STYLE('',(#11496,#11499));
#11496 = SURFACE_STYLE_FILL_AREA(#11497);
#11497 = FILL_AREA_STYLE('',(#11498));
#11498 = FILL_AREA_STYLE_COLOUR('',#10407);
#11499 = SURFACE_STYLE_RENDERING_WITH_PROPERTIES(.NORMAL_SHADING.,#10407
  ,(#11500));
#11500 = SURFACE_STYLE_TRANSPARENT(0.);
#11501 = OVER_RIDING_STYLED_ITEM('overriding color',(#11502),#5168,
  #10400);
#11502 = PRESENTATION_STYLE_ASSIGNMENT((#11503));
#11503 = SURFACE_STYLE_USAGE(.BOTH.,#11504);
#11504 = SURFACE_SIDE_STYLE('',(#11505,#11508));
#11505 = SURFACE_STYLE_FILL_AREA(#11506);
#11506 = FILL_AREA_STYLE('',(#11507));
#11507 = FILL_AREA_STYLE_COLOUR('',#10407);
#11508 = SURFACE_STYLE_RENDERING_WITH_PROPERTIES(.NORMAL_SHADING.,#10407
  ,(#11509));
#11509 = SURFACE_STYLE_TRANSPARENT(0.);
#11510 = OVER_RIDING_STYLED_ITEM('overriding color',(#11511),#5192,
  #10400);
#11511 = PRESENTATION_STYLE_ASSIGNMENT((#11512));
#11512 = SURFACE_STYLE_USAGE(.BOTH.,#11513);
#11513 = SURFACE_SIDE_STYLE('',(#11514,#11517));
#11514 = SURFACE_STYLE_FILL_AREA(#11515);
#11515 = FILL_AREA_STYLE('',(#11516));
#11516 = FILL_AREA_STYLE_COLOUR('',#10407);
#11517 = SURFACE_STYLE_RENDERING_WITH_PROPERTIES(.NORMAL_SHADING.,#10407
  ,(#11518));
#11518 = SURFACE_STYLE_TRANSPARENT(0.);
#11519 = OVER_RIDING_STYLED_ITEM('overriding color',(#11520),#5209,
  #10400);
#11520 = PRESENTATION_STYLE_ASSIGNMENT((#11521));
#11521 = SURFACE_STYLE_USAGE(.BOTH.,#11522);
#11522 = SURFACE_SIDE_STYLE('',(#11523,#11526));
#11523 = SURFACE_STYLE_FILL_AREA(#11524);
#11524 = FILL_AREA_STYLE('',(#11525));
#11525 = FILL_AREA_STYLE_COLOUR('',#10407);
#11526 = SURFACE_STYLE_RENDERING_WITH_PROPERTIES(.NORMAL_SHADING.,#10407
  ,(#11527));
#11527 = SURFACE_STYLE_TRANSPARENT(0.);
#11528 = OVER_RIDING_STYLED_ITEM('overriding color',(#11529),#5226,
  #10400);
#11529 = PRESENTATION_STYLE_ASSIGNMENT((#11530));
#11530 = SURFACE_STYLE_USAGE(.BOTH.,#11531);
#11531 = SURFACE_SIDE_STYLE('',(#11532,#11535));
#11532 = SURFACE_STYLE_FILL_AREA(#11533);
#11533 = FILL_AREA_STYLE('',(#11534));
#11534 = FILL_AREA_STYLE_COLOUR('',#10407);
#11535 = SURFACE_STYLE_RENDERING_WITH_PROPERTIES(.NORMAL_SHADING.,#10407
  ,(#11536));
#11536 = SURFACE_STYLE_TRANSPARENT(0.);
#11537 = OVER_RIDING_STYLED_ITEM('overriding color',(#11538),#5261,
  #10400);
#11538 = PRESENTATION_STYLE_ASSIGNMENT((#11539));
#11539 = SURFACE_STYLE_USAGE(.BOTH.,#11540);
#11540 = SURFACE_SIDE_STYLE('',(#11541,#11544));
#11541 = SURFACE_STYLE_FILL_AREA(#11542);
#11542 = FILL_AREA_STYLE('',(#11543));
#11543 = FILL_AREA_STYLE_COLOUR('',#10407);
#11544 = SURFACE_STYLE_RENDERING_WITH_PROPERTIES(.NORMAL_SHADING.,#10407
  ,(#11545));
#11545 = SURFACE_STYLE_TRANSPARENT(0.);
#11546 = OVER_RIDING_STYLED_ITEM('overriding color',(#11547),#5296,
  #10400);
#11547 = PRESENTATION_STYLE_ASSIGNMENT((#11548));
#11548 = SURFACE_STYLE_USAGE(.BOTH.,#11549);
#11549 = SURFACE_SIDE_STYLE('',(#11550,#11553));
#11550 = SURFACE_STYLE_FILL_AREA(#11551);
#11551 = FILL_AREA_STYLE('',(#11552));
#11552 = FILL_AREA_STYLE_COLOUR('',#10407);
#11553 = SURFACE_STYLE_RENDERING_WITH_PROPERTIES(.NORMAL_SHADING.,#10407
  ,(#11554));
#11554 = SURFACE_STYLE_TRANSPARENT(0.);
#11555 = OVER_RIDING_STYLED_ITEM('overriding color',(#11556),#5341,
  #10400);
#11556 = PRESENTATION_STYLE_ASSIGNMENT((#11557));
#11557 = SURFACE_STYLE_USAGE(.BOTH.,#11558);
#11558 = SURFACE_SIDE_STYLE('',(#11559,#11562));
#11559 = SURFACE_STYLE_FILL_AREA(#11560);
#11560 = FILL_AREA_STYLE('',(#11561));
#11561 = FILL_AREA_STYLE_COLOUR('',#10697);
#11562 = SURFACE_STYLE_RENDERING_WITH_PROPERTIES(.NORMAL_SHADING.,#10697
  ,(#11563));
#11563 = SURFACE_STYLE_TRANSPARENT(0.);
#11564 = OVER_RIDING_STYLED_ITEM('overriding color',(#11565),#5363,
  #10400);
#11565 = PRESENTATION_STYLE_ASSIGNMENT((#11566));
#11566 = SURFACE_STYLE_USAGE(.BOTH.,#11567);
#11567 = SURFACE_SIDE_STYLE('',(#11568,#11571));
#11568 = SURFACE_STYLE_FILL_AREA(#11569);
#11569 = FILL_AREA_STYLE('',(#11570));
#11570 = FILL_AREA_STYLE_COLOUR('',#10407);
#11571 = SURFACE_STYLE_RENDERING_WITH_PROPERTIES(.NORMAL_SHADING.,#10407
  ,(#11572));
#11572 = SURFACE_STYLE_TRANSPARENT(0.);
#11573 = OVER_RIDING_STYLED_ITEM('overriding color',(#11574),#5380,
  #10400);
#11574 = PRESENTATION_STYLE_ASSIGNMENT((#11575));
#11575 = SURFACE_STYLE_USAGE(.BOTH.,#11576);
#11576 = SURFACE_SIDE_STYLE('',(#11577,#11580));
#11577 = SURFACE_STYLE_FILL_AREA(#11578);
#11578 = FILL_AREA_STYLE('',(#11579));
#11579 = FILL_AREA_STYLE_COLOUR('',#10407);
#11580 = SURFACE_STYLE_RENDERING_WITH_PROPERTIES(.NORMAL_SHADING.,#10407
  ,(#11581));
#11581 = SURFACE_STYLE_TRANSPARENT(0.);
#11582 = OVER_RIDING_STYLED_ITEM('overriding color',(#11583),#5397,
  #10400);
#11583 = PRESENTATION_STYLE_ASSIGNMENT((#11584));
#11584 = SURFACE_STYLE_USAGE(.BOTH.,#11585);
#11585 = SURFACE_SIDE_STYLE('',(#11586,#11589));
#11586 = SURFACE_STYLE_FILL_AREA(#11587);
#11587 = FILL_AREA_STYLE('',(#11588));
#11588 = FILL_AREA_STYLE_COLOUR('',#10407);
#11589 = SURFACE_STYLE_RENDERING_WITH_PROPERTIES(.NORMAL_SHADING.,#10407
  ,(#11590));
#11590 = SURFACE_STYLE_TRANSPARENT(0.);
#11591 = OVER_RIDING_STYLED_ITEM('overriding color',(#11592),#5409,
  #10400);
#11592 = PRESENTATION_STYLE_ASSIGNMENT((#11593));
#11593 = SURFACE_STYLE_USAGE(.BOTH.,#11594);
#11594 = SURFACE_SIDE_STYLE('',(#11595,#11598));
#11595 = SURFACE_STYLE_FILL_AREA(#11596);
#11596 = FILL_AREA_STYLE('',(#11597));
#11597 = FILL_AREA_STYLE_COLOUR('',#10407);
#11598 = SURFACE_STYLE_RENDERING_WITH_PROPERTIES(.NORMAL_SHADING.,#10407
  ,(#11599));
#11599 = SURFACE_STYLE_TRANSPARENT(0.);
#11600 = OVER_RIDING_STYLED_ITEM('overriding color',(#11601),#5454,
  #10400);
#11601 = PRESENTATION_STYLE_ASSIGNMENT((#11602));
#11602 = SURFACE_STYLE_USAGE(.BOTH.,#11603);
#11603 = SURFACE_SIDE_STYLE('',(#11604,#11607));
#11604 = SURFACE_STYLE_FILL_AREA(#11605);
#11605 = FILL_AREA_STYLE('',(#11606));
#11606 = FILL_AREA_STYLE_COLOUR('',#10697);
#11607 = SURFACE_STYLE_RENDERING_WITH_PROPERTIES(.NORMAL_SHADING.,#10697
  ,(#11608));
#11608 = SURFACE_STYLE_TRANSPARENT(0.);
#11609 = OVER_RIDING_STYLED_ITEM('overriding color',(#11610),#5476,
  #10400);
#11610 = PRESENTATION_STYLE_ASSIGNMENT((#11611));
#11611 = SURFACE_STYLE_USAGE(.BOTH.,#11612);
#11612 = SURFACE_SIDE_STYLE('',(#11613,#11616));
#11613 = SURFACE_STYLE_FILL_AREA(#11614);
#11614 = FILL_AREA_STYLE('',(#11615));
#11615 = FILL_AREA_STYLE_COLOUR('',#10407);
#11616 = SURFACE_STYLE_RENDERING_WITH_PROPERTIES(.NORMAL_SHADING.,#10407
  ,(#11617));
#11617 = SURFACE_STYLE_TRANSPARENT(0.);
#11618 = OVER_RIDING_STYLED_ITEM('overriding color',(#11619),#5493,
  #10400);
#11619 = PRESENTATION_STYLE_ASSIGNMENT((#11620));
#11620 = SURFACE_STYLE_USAGE(.BOTH.,#11621);
#11621 = SURFACE_SIDE_STYLE('',(#11622,#11625));
#11622 = SURFACE_STYLE_FILL_AREA(#11623);
#11623 = FILL_AREA_STYLE('',(#11624));
#11624 = FILL_AREA_STYLE_COLOUR('',#10407);
#11625 = SURFACE_STYLE_RENDERING_WITH_PROPERTIES(.NORMAL_SHADING.,#10407
  ,(#11626));
#11626 = SURFACE_STYLE_TRANSPARENT(0.);
#11627 = OVER_RIDING_STYLED_ITEM('overriding color',(#11628),#5510,
  #10400);
#11628 = PRESENTATION_STYLE_ASSIGNMENT((#11629));
#11629 = SURFACE_STYLE_USAGE(.BOTH.,#11630);
#11630 = SURFACE_SIDE_STYLE('',(#11631,#11634));
#11631 = SURFACE_STYLE_FILL_AREA(#11632);
#11632 = FILL_AREA_STYLE('',(#11633));
#11633 = FILL_AREA_STYLE_COLOUR('',#10407);
#11634 = SURFACE_STYLE_RENDERING_WITH_PROPERTIES(.NORMAL_SHADING.,#10407
  ,(#11635));
#11635 = SURFACE_STYLE_TRANSPARENT(0.);
#11636 = OVER_RIDING_STYLED_ITEM('overriding color',(#11637),#5522,
  #10400);
#11637 = PRESENTATION_STYLE_ASSIGNMENT((#11638));
#11638 = SURFACE_STYLE_USAGE(.BOTH.,#11639);
#11639 = SURFACE_SIDE_STYLE('',(#11640,#11643));
#11640 = SURFACE_STYLE_FILL_AREA(#11641);
#11641 = FILL_AREA_STYLE('',(#11642));
#11642 = FILL_AREA_STYLE_COLOUR('',#10407);
#11643 = SURFACE_STYLE_RENDERING_WITH_PROPERTIES(.NORMAL_SHADING.,#10407
  ,(#11644));
#11644 = SURFACE_STYLE_TRANSPARENT(0.);
#11645 = OVER_RIDING_STYLED_ITEM('overriding color',(#11646),#5557,
  #10400);
#11646 = PRESENTATION_STYLE_ASSIGNMENT((#11647));
#11647 = SURFACE_STYLE_USAGE(.BOTH.,#11648);
#11648 = SURFACE_SIDE_STYLE('',(#11649,#11652));
#11649 = SURFACE_STYLE_FILL_AREA(#11650);
#11650 = FILL_AREA_STYLE('',(#11651));
#11651 = FILL_AREA_STYLE_COLOUR('',#10407);
#11652 = SURFACE_STYLE_RENDERING_WITH_PROPERTIES(.NORMAL_SHADING.,#10407
  ,(#11653));
#11653 = SURFACE_STYLE_TRANSPARENT(0.);
#11654 = OVER_RIDING_STYLED_ITEM('overriding color',(#11655),#5579,
  #10400);
#11655 = PRESENTATION_STYLE_ASSIGNMENT((#11656));
#11656 = SURFACE_STYLE_USAGE(.BOTH.,#11657);
#11657 = SURFACE_SIDE_STYLE('',(#11658,#11661));
#11658 = SURFACE_STYLE_FILL_AREA(#11659);
#11659 = FILL_AREA_STYLE('',(#11660));
#11660 = FILL_AREA_STYLE_COLOUR('',#10407);
#11661 = SURFACE_STYLE_RENDERING_WITH_PROPERTIES(.NORMAL_SHADING.,#10407
  ,(#11662));
#11662 = SURFACE_STYLE_TRANSPARENT(0.);
#11663 = OVER_RIDING_STYLED_ITEM('overriding color',(#11664),#5601,
  #10400);
#11664 = PRESENTATION_STYLE_ASSIGNMENT((#11665));
#11665 = SURFACE_STYLE_USAGE(.BOTH.,#11666);
#11666 = SURFACE_SIDE_STYLE('',(#11667,#11670));
#11667 = SURFACE_STYLE_FILL_AREA(#11668);
#11668 = FILL_AREA_STYLE('',(#11669));
#11669 = FILL_AREA_STYLE_COLOUR('',#10407);
#11670 = SURFACE_STYLE_RENDERING_WITH_PROPERTIES(.NORMAL_SHADING.,#10407
  ,(#11671));
#11671 = SURFACE_STYLE_TRANSPARENT(0.);
#11672 = OVER_RIDING_STYLED_ITEM('overriding color',(#11673),#5613,
  #10400);
#11673 = PRESENTATION_STYLE_ASSIGNMENT((#11674));
#11674 = SURFACE_STYLE_USAGE(.BOTH.,#11675);
#11675 = SURFACE_SIDE_STYLE('',(#11676,#11679));
#11676 = SURFACE_STYLE_FILL_AREA(#11677);
#11677 = FILL_AREA_STYLE('',(#11678));
#11678 = FILL_AREA_STYLE_COLOUR('',#10407);
#11679 = SURFACE_STYLE_RENDERING_WITH_PROPERTIES(.NORMAL_SHADING.,#10407
  ,(#11680));
#11680 = SURFACE_STYLE_TRANSPARENT(0.);
#11681 = OVER_RIDING_STYLED_ITEM('overriding color',(#11682),#5625,
  #10400);
#11682 = PRESENTATION_STYLE_ASSIGNMENT((#11683));
#11683 = SURFACE_STYLE_USAGE(.BOTH.,#11684);
#11684 = SURFACE_SIDE_STYLE('',(#11685,#11688));
#11685 = SURFACE_STYLE_FILL_AREA(#11686);
#11686 = FILL_AREA_STYLE('',(#11687));
#11687 = FILL_AREA_STYLE_COLOUR('',#10407);
#11688 = SURFACE_STYLE_RENDERING_WITH_PROPERTIES(.NORMAL_SHADING.,#10407
  ,(#11689));
#11689 = SURFACE_STYLE_TRANSPARENT(0.);
#11690 = OVER_RIDING_STYLED_ITEM('overriding color',(#11691),#5666,
  #10400);
#11691 = PRESENTATION_STYLE_ASSIGNMENT((#11692));
#11692 = SURFACE_STYLE_USAGE(.BOTH.,#11693);
#11693 = SURFACE_SIDE_STYLE('',(#11694,#11697));
#11694 = SURFACE_STYLE_FILL_AREA(#11695);
#11695 = FILL_AREA_STYLE('',(#11696));
#11696 = FILL_AREA_STYLE_COLOUR('',#10407);
#11697 = SURFACE_STYLE_RENDERING_WITH_PROPERTIES(.NORMAL_SHADING.,#10407
  ,(#11698));
#11698 = SURFACE_STYLE_TRANSPARENT(0.);
#11699 = OVER_RIDING_STYLED_ITEM('overriding color',(#11700),#5706,
  #10400);
#11700 = PRESENTATION_STYLE_ASSIGNMENT((#11701));
#11701 = SURFACE_STYLE_USAGE(.BOTH.,#11702);
#11702 = SURFACE_SIDE_STYLE('',(#11703,#11706));
#11703 = SURFACE_STYLE_FILL_AREA(#11704);
#11704 = FILL_AREA_STYLE('',(#11705));
#11705 = FILL_AREA_STYLE_COLOUR('',#10407);
#11706 = SURFACE_STYLE_RENDERING_WITH_PROPERTIES(.NORMAL_SHADING.,#10407
  ,(#11707));
#11707 = SURFACE_STYLE_TRANSPARENT(0.);
#11708 = OVER_RIDING_STYLED_ITEM('overriding color',(#11709),#5740,
  #10400);
#11709 = PRESENTATION_STYLE_ASSIGNMENT((#11710));
#11710 = SURFACE_STYLE_USAGE(.BOTH.,#11711);
#11711 = SURFACE_SIDE_STYLE('',(#11712,#11715));
#11712 = SURFACE_STYLE_FILL_AREA(#11713);
#11713 = FILL_AREA_STYLE('',(#11714));
#11714 = FILL_AREA_STYLE_COLOUR('',#10697);
#11715 = SURFACE_STYLE_RENDERING_WITH_PROPERTIES(.NORMAL_SHADING.,#10697
  ,(#11716));
#11716 = SURFACE_STYLE_TRANSPARENT(0.);
#11717 = OVER_RIDING_STYLED_ITEM('overriding color',(#11718),#5811,
  #10400);
#11718 = PRESENTATION_STYLE_ASSIGNMENT((#11719));
#11719 = SURFACE_STYLE_USAGE(.BOTH.,#11720);
#11720 = SURFACE_SIDE_STYLE('',(#11721,#11724));
#11721 = SURFACE_STYLE_FILL_AREA(#11722);
#11722 = FILL_AREA_STYLE('',(#11723));
#11723 = FILL_AREA_STYLE_COLOUR('',#10407);
#11724 = SURFACE_STYLE_RENDERING_WITH_PROPERTIES(.NORMAL_SHADING.,#10407
  ,(#11725));
#11725 = SURFACE_STYLE_TRANSPARENT(0.);
#11726 = OVER_RIDING_STYLED_ITEM('overriding color',(#11727),#5851,
  #10400);
#11727 = PRESENTATION_STYLE_ASSIGNMENT((#11728));
#11728 = SURFACE_STYLE_USAGE(.BOTH.,#11729);
#11729 = SURFACE_SIDE_STYLE('',(#11730,#11733));
#11730 = SURFACE_STYLE_FILL_AREA(#11731);
#11731 = FILL_AREA_STYLE('',(#11732));
#11732 = FILL_AREA_STYLE_COLOUR('',#10407);
#11733 = SURFACE_STYLE_RENDERING_WITH_PROPERTIES(.NORMAL_SHADING.,#10407
  ,(#11734));
#11734 = SURFACE_STYLE_TRANSPARENT(0.);
#11735 = OVER_RIDING_STYLED_ITEM('overriding color',(#11736),#5892,
  #10400);
#11736 = PRESENTATION_STYLE_ASSIGNMENT((#11737));
#11737 = SURFACE_STYLE_USAGE(.BOTH.,#11738);
#11738 = SURFACE_SIDE_STYLE('',(#11739,#11742));
#11739 = SURFACE_STYLE_FILL_AREA(#11740);
#11740 = FILL_AREA_STYLE('',(#11741));
#11741 = FILL_AREA_STYLE_COLOUR('',#10407);
#11742 = SURFACE_STYLE_RENDERING_WITH_PROPERTIES(.NORMAL_SHADING.,#10407
  ,(#11743));
#11743 = SURFACE_STYLE_TRANSPARENT(0.);
#11744 = OVER_RIDING_STYLED_ITEM('overriding color',(#11745),#5932,
  #10400);
#11745 = PRESENTATION_STYLE_ASSIGNMENT((#11746));
#11746 = SURFACE_STYLE_USAGE(.BOTH.,#11747);
#11747 = SURFACE_SIDE_STYLE('',(#11748,#11751));
#11748 = SURFACE_STYLE_FILL_AREA(#11749);
#11749 = FILL_AREA_STYLE('',(#11750));
#11750 = FILL_AREA_STYLE_COLOUR('',#10407);
#11751 = SURFACE_STYLE_RENDERING_WITH_PROPERTIES(.NORMAL_SHADING.,#10407
  ,(#11752));
#11752 = SURFACE_STYLE_TRANSPARENT(0.);
#11753 = OVER_RIDING_STYLED_ITEM('overriding color',(#11754),#5973,
  #10400);
#11754 = PRESENTATION_STYLE_ASSIGNMENT((#11755));
#11755 = SURFACE_STYLE_USAGE(.BOTH.,#11756);
#11756 = SURFACE_SIDE_STYLE('',(#11757,#11760));
#11757 = SURFACE_STYLE_FILL_AREA(#11758);
#11758 = FILL_AREA_STYLE('',(#11759));
#11759 = FILL_AREA_STYLE_COLOUR('',#10407);
#11760 = SURFACE_STYLE_RENDERING_WITH_PROPERTIES(.NORMAL_SHADING.,#10407
  ,(#11761));
#11761 = SURFACE_STYLE_TRANSPARENT(0.);
#11762 = OVER_RIDING_STYLED_ITEM('overriding color',(#11763),#6006,
  #10400);
#11763 = PRESENTATION_STYLE_ASSIGNMENT((#11764));
#11764 = SURFACE_STYLE_USAGE(.BOTH.,#11765);
#11765 = SURFACE_SIDE_STYLE('',(#11766,#11769));
#11766 = SURFACE_STYLE_FILL_AREA(#11767);
#11767 = FILL_AREA_STYLE('',(#11768));
#11768 = FILL_AREA_STYLE_COLOUR('',#10697);
#11769 = SURFACE_STYLE_RENDERING_WITH_PROPERTIES(.NORMAL_SHADING.,#10697
  ,(#11770));
#11770 = SURFACE_STYLE_TRANSPARENT(0.);
#11771 = OVER_RIDING_STYLED_ITEM('overriding color',(#11772),#6057,
  #10400);
#11772 = PRESENTATION_STYLE_ASSIGNMENT((#11773));
#11773 = SURFACE_STYLE_USAGE(.BOTH.,#11774);
#11774 = SURFACE_SIDE_STYLE('',(#11775,#11778));
#11775 = SURFACE_STYLE_FILL_AREA(#11776);
#11776 = FILL_AREA_STYLE('',(#11777));
#11777 = FILL_AREA_STYLE_COLOUR('',#10407);
#11778 = SURFACE_STYLE_RENDERING_WITH_PROPERTIES(.NORMAL_SHADING.,#10407
  ,(#11779));
#11779 = SURFACE_STYLE_TRANSPARENT(0.);
#11780 = OVER_RIDING_STYLED_ITEM('overriding color',(#11781),#6074,
  #10400);
#11781 = PRESENTATION_STYLE_ASSIGNMENT((#11782));
#11782 = SURFACE_STYLE_USAGE(.BOTH.,#11783);
#11783 = SURFACE_SIDE_STYLE('',(#11784,#11787));
#11784 = SURFACE_STYLE_FILL_AREA(#11785);
#11785 = FILL_AREA_STYLE('',(#11786));
#11786 = FILL_AREA_STYLE_COLOUR('',#10697);
#11787 = SURFACE_STYLE_RENDERING_WITH_PROPERTIES(.NORMAL_SHADING.,#10697
  ,(#11788));
#11788 = SURFACE_STYLE_TRANSPARENT(0.);
#11789 = OVER_RIDING_STYLED_ITEM('overriding color',(#11790),#6086,
  #10400);
#11790 = PRESENTATION_STYLE_ASSIGNMENT((#11791));
#11791 = SURFACE_STYLE_USAGE(.BOTH.,#11792);
#11792 = SURFACE_SIDE_STYLE('',(#11793,#11796));
#11793 = SURFACE_STYLE_FILL_AREA(#11794);
#11794 = FILL_AREA_STYLE('',(#11795));
#11795 = FILL_AREA_STYLE_COLOUR('',#10697);
#11796 = SURFACE_STYLE_RENDERING_WITH_PROPERTIES(.NORMAL_SHADING.,#10697
  ,(#11797));
#11797 = SURFACE_STYLE_TRANSPARENT(0.);
#11798 = OVER_RIDING_STYLED_ITEM('overriding color',(#11799),#6098,
  #10400);
#11799 = PRESENTATION_STYLE_ASSIGNMENT((#11800));
#11800 = SURFACE_STYLE_USAGE(.BOTH.,#11801);
#11801 = SURFACE_SIDE_STYLE('',(#11802,#11805));
#11802 = SURFACE_STYLE_FILL_AREA(#11803);
#11803 = FILL_AREA_STYLE('',(#11804));
#11804 = FILL_AREA_STYLE_COLOUR('',#10697);
#11805 = SURFACE_STYLE_RENDERING_WITH_PROPERTIES(.NORMAL_SHADING.,#10697
  ,(#11806));
#11806 = SURFACE_STYLE_TRANSPARENT(0.);
#11807 = OVER_RIDING_STYLED_ITEM('overriding color',(#11808),#6110,
  #10400);
#11808 = PRESENTATION_STYLE_ASSIGNMENT((#11809));
#11809 = SURFACE_STYLE_USAGE(.BOTH.,#11810);
#11810 = SURFACE_SIDE_STYLE('',(#11811,#11814));
#11811 = SURFACE_STYLE_FILL_AREA(#11812);
#11812 = FILL_AREA_STYLE('',(#11813));
#11813 = FILL_AREA_STYLE_COLOUR('',#10697);
#11814 = SURFACE_STYLE_RENDERING_WITH_PROPERTIES(.NORMAL_SHADING.,#10697
  ,(#11815));
#11815 = SURFACE_STYLE_TRANSPARENT(0.);
#11816 = OVER_RIDING_STYLED_ITEM('overriding color',(#11817),#6141,
  #10400);
#11817 = PRESENTATION_STYLE_ASSIGNMENT((#11818));
#11818 = SURFACE_STYLE_USAGE(.BOTH.,#11819);
#11819 = SURFACE_SIDE_STYLE('',(#11820,#11823));
#11820 = SURFACE_STYLE_FILL_AREA(#11821);
#11821 = FILL_AREA_STYLE('',(#11822));
#11822 = FILL_AREA_STYLE_COLOUR('',#10697);
#11823 = SURFACE_STYLE_RENDERING_WITH_PROPERTIES(.NORMAL_SHADING.,#10697
  ,(#11824));
#11824 = SURFACE_STYLE_TRANSPARENT(0.);
#11825 = OVER_RIDING_STYLED_ITEM('overriding color',(#11826),#6165,
  #10400);
#11826 = PRESENTATION_STYLE_ASSIGNMENT((#11827));
#11827 = SURFACE_STYLE_USAGE(.BOTH.,#11828);
#11828 = SURFACE_SIDE_STYLE('',(#11829,#11832));
#11829 = SURFACE_STYLE_FILL_AREA(#11830);
#11830 = FILL_AREA_STYLE('',(#11831));
#11831 = FILL_AREA_STYLE_COLOUR('',#10697);
#11832 = SURFACE_STYLE_RENDERING_WITH_PROPERTIES(.NORMAL_SHADING.,#10697
  ,(#11833));
#11833 = SURFACE_STYLE_TRANSPARENT(0.);
#11834 = OVER_RIDING_STYLED_ITEM('overriding color',(#11835),#6189,
  #10400);
#11835 = PRESENTATION_STYLE_ASSIGNMENT((#11836));
#11836 = SURFACE_STYLE_USAGE(.BOTH.,#11837);
#11837 = SURFACE_SIDE_STYLE('',(#11838,#11841));
#11838 = SURFACE_STYLE_FILL_AREA(#11839);
#11839 = FILL_AREA_STYLE('',(#11840));
#11840 = FILL_AREA_STYLE_COLOUR('',#10697);
#11841 = SURFACE_STYLE_RENDERING_WITH_PROPERTIES(.NORMAL_SHADING.,#10697
  ,(#11842));
#11842 = SURFACE_STYLE_TRANSPARENT(0.);
#11843 = OVER_RIDING_STYLED_ITEM('overriding color',(#11844),#6206,
  #10400);
#11844 = PRESENTATION_STYLE_ASSIGNMENT((#11845));
#11845 = SURFACE_STYLE_USAGE(.BOTH.,#11846);
#11846 = SURFACE_SIDE_STYLE('',(#11847,#11850));
#11847 = SURFACE_STYLE_FILL_AREA(#11848);
#11848 = FILL_AREA_STYLE('',(#11849));
#11849 = FILL_AREA_STYLE_COLOUR('',#10697);
#11850 = SURFACE_STYLE_RENDERING_WITH_PROPERTIES(.NORMAL_SHADING.,#10697
  ,(#11851));
#11851 = SURFACE_STYLE_TRANSPARENT(0.);
#11852 = OVER_RIDING_STYLED_ITEM('overriding color',(#11853),#6237,
  #10400);
#11853 = PRESENTATION_STYLE_ASSIGNMENT((#11854));
#11854 = SURFACE_STYLE_USAGE(.BOTH.,#11855);
#11855 = SURFACE_SIDE_STYLE('',(#11856,#11859));
#11856 = SURFACE_STYLE_FILL_AREA(#11857);
#11857 = FILL_AREA_STYLE('',(#11858));
#11858 = FILL_AREA_STYLE_COLOUR('',#10697);
#11859 = SURFACE_STYLE_RENDERING_WITH_PROPERTIES(.NORMAL_SHADING.,#10697
  ,(#11860));
#11860 = SURFACE_STYLE_TRANSPARENT(0.);
#11861 = OVER_RIDING_STYLED_ITEM('overriding color',(#11862),#6261,
  #10400);
#11862 = PRESENTATION_STYLE_ASSIGNMENT((#11863));
#11863 = SURFACE_STYLE_USAGE(.BOTH.,#11864);
#11864 = SURFACE_SIDE_STYLE('',(#11865,#11868));
#11865 = SURFACE_STYLE_FILL_AREA(#11866);
#11866 = FILL_AREA_STYLE('',(#11867));
#11867 = FILL_AREA_STYLE_COLOUR('',#10697);
#11868 = SURFACE_STYLE_RENDERING_WITH_PROPERTIES(.NORMAL_SHADING.,#10697
  ,(#11869));
#11869 = SURFACE_STYLE_TRANSPARENT(0.);
#11870 = OVER_RIDING_STYLED_ITEM('overriding color',(#11871),#6285,
  #10400);
#11871 = PRESENTATION_STYLE_ASSIGNMENT((#11872));
#11872 = SURFACE_STYLE_USAGE(.BOTH.,#11873);
#11873 = SURFACE_SIDE_STYLE('',(#11874,#11877));
#11874 = SURFACE_STYLE_FILL_AREA(#11875);
#11875 = FILL_AREA_STYLE('',(#11876));
#11876 = FILL_AREA_STYLE_COLOUR('',#10697);
#11877 = SURFACE_STYLE_RENDERING_WITH_PROPERTIES(.NORMAL_SHADING.,#10697
  ,(#11878));
#11878 = SURFACE_STYLE_TRANSPARENT(0.);
#11879 = OVER_RIDING_STYLED_ITEM('overriding color',(#11880),#6302,
  #10400);
#11880 = PRESENTATION_STYLE_ASSIGNMENT((#11881));
#11881 = SURFACE_STYLE_USAGE(.BOTH.,#11882);
#11882 = SURFACE_SIDE_STYLE('',(#11883,#11886));
#11883 = SURFACE_STYLE_FILL_AREA(#11884);
#11884 = FILL_AREA_STYLE('',(#11885));
#11885 = FILL_AREA_STYLE_COLOUR('',#10697);
#11886 = SURFACE_STYLE_RENDERING_WITH_PROPERTIES(.NORMAL_SHADING.,#10697
  ,(#11887));
#11887 = SURFACE_STYLE_TRANSPARENT(0.);
#11888 = OVER_RIDING_STYLED_ITEM('overriding color',(#11889),#6324,
  #10400);
#11889 = PRESENTATION_STYLE_ASSIGNMENT((#11890));
#11890 = SURFACE_STYLE_USAGE(.BOTH.,#11891);
#11891 = SURFACE_SIDE_STYLE('',(#11892,#11895));
#11892 = SURFACE_STYLE_FILL_AREA(#11893);
#11893 = FILL_AREA_STYLE('',(#11894));
#11894 = FILL_AREA_STYLE_COLOUR('',#10697);
#11895 = SURFACE_STYLE_RENDERING_WITH_PROPERTIES(.NORMAL_SHADING.,#10697
  ,(#11896));
#11896 = SURFACE_STYLE_TRANSPARENT(0.);
#11897 = OVER_RIDING_STYLED_ITEM('overriding color',(#11898),#6346,
  #10400);
#11898 = PRESENTATION_STYLE_ASSIGNMENT((#11899));
#11899 = SURFACE_STYLE_USAGE(.BOTH.,#11900);
#11900 = SURFACE_SIDE_STYLE('',(#11901,#11904));
#11901 = SURFACE_STYLE_FILL_AREA(#11902);
#11902 = FILL_AREA_STYLE('',(#11903));
#11903 = FILL_AREA_STYLE_COLOUR('',#10697);
#11904 = SURFACE_STYLE_RENDERING_WITH_PROPERTIES(.NORMAL_SHADING.,#10697
  ,(#11905));
#11905 = SURFACE_STYLE_TRANSPARENT(0.);
#11906 = OVER_RIDING_STYLED_ITEM('overriding color',(#11907),#6358,
  #10400);
#11907 = PRESENTATION_STYLE_ASSIGNMENT((#11908));
#11908 = SURFACE_STYLE_USAGE(.BOTH.,#11909);
#11909 = SURFACE_SIDE_STYLE('',(#11910,#11913));
#11910 = SURFACE_STYLE_FILL_AREA(#11911);
#11911 = FILL_AREA_STYLE('',(#11912));
#11912 = FILL_AREA_STYLE_COLOUR('',#10697);
#11913 = SURFACE_STYLE_RENDERING_WITH_PROPERTIES(.NORMAL_SHADING.,#10697
  ,(#11914));
#11914 = SURFACE_STYLE_TRANSPARENT(0.);
#11915 = OVER_RIDING_STYLED_ITEM('overriding color',(#11916),#6380,
  #10400);
#11916 = PRESENTATION_STYLE_ASSIGNMENT((#11917));
#11917 = SURFACE_STYLE_USAGE(.BOTH.,#11918);
#11918 = SURFACE_SIDE_STYLE('',(#11919,#11922));
#11919 = SURFACE_STYLE_FILL_AREA(#11920);
#11920 = FILL_AREA_STYLE('',(#11921));
#11921 = FILL_AREA_STYLE_COLOUR('',#10697);
#11922 = SURFACE_STYLE_RENDERING_WITH_PROPERTIES(.NORMAL_SHADING.,#10697
  ,(#11923));
#11923 = SURFACE_STYLE_TRANSPARENT(0.);
#11924 = OVER_RIDING_STYLED_ITEM('overriding color',(#11925),#6402,
  #10400);
#11925 = PRESENTATION_STYLE_ASSIGNMENT((#11926));
#11926 = SURFACE_STYLE_USAGE(.BOTH.,#11927);
#11927 = SURFACE_SIDE_STYLE('',(#11928,#11931));
#11928 = SURFACE_STYLE_FILL_AREA(#11929);
#11929 = FILL_AREA_STYLE('',(#11930));
#11930 = FILL_AREA_STYLE_COLOUR('',#10697);
#11931 = SURFACE_STYLE_RENDERING_WITH_PROPERTIES(.NORMAL_SHADING.,#10697
  ,(#11932));
#11932 = SURFACE_STYLE_TRANSPARENT(0.);
#11933 = OVER_RIDING_STYLED_ITEM('overriding color',(#11934),#6414,
  #10400);
#11934 = PRESENTATION_STYLE_ASSIGNMENT((#11935));
#11935 = SURFACE_STYLE_USAGE(.BOTH.,#11936);
#11936 = SURFACE_SIDE_STYLE('',(#11937,#11940));
#11937 = SURFACE_STYLE_FILL_AREA(#11938);
#11938 = FILL_AREA_STYLE('',(#11939));
#11939 = FILL_AREA_STYLE_COLOUR('',#10697);
#11940 = SURFACE_STYLE_RENDERING_WITH_PROPERTIES(.NORMAL_SHADING.,#10697
  ,(#11941));
#11941 = SURFACE_STYLE_TRANSPARENT(0.);
#11942 = OVER_RIDING_STYLED_ITEM('overriding color',(#11943),#6445,
  #10400);
#11943 = PRESENTATION_STYLE_ASSIGNMENT((#11944));
#11944 = SURFACE_STYLE_USAGE(.BOTH.,#11945);
#11945 = SURFACE_SIDE_STYLE('',(#11946,#11949));
#11946 = SURFACE_STYLE_FILL_AREA(#11947);
#11947 = FILL_AREA_STYLE('',(#11948));
#11948 = FILL_AREA_STYLE_COLOUR('',#10697);
#11949 = SURFACE_STYLE_RENDERING_WITH_PROPERTIES(.NORMAL_SHADING.,#10697
  ,(#11950));
#11950 = SURFACE_STYLE_TRANSPARENT(0.);
#11951 = OVER_RIDING_STYLED_ITEM('overriding color',(#11952),#6470,
  #10400);
#11952 = PRESENTATION_STYLE_ASSIGNMENT((#11953));
#11953 = SURFACE_STYLE_USAGE(.BOTH.,#11954);
#11954 = SURFACE_SIDE_STYLE('',(#11955,#11958));
#11955 = SURFACE_STYLE_FILL_AREA(#11956);
#11956 = FILL_AREA_STYLE('',(#11957));
#11957 = FILL_AREA_STYLE_COLOUR('',#10697);
#11958 = SURFACE_STYLE_RENDERING_WITH_PROPERTIES(.NORMAL_SHADING.,#10697
  ,(#11959));
#11959 = SURFACE_STYLE_TRANSPARENT(0.);
#11960 = OVER_RIDING_STYLED_ITEM('overriding color',(#11961),#6494,
  #10400);
#11961 = PRESENTATION_STYLE_ASSIGNMENT((#11962));
#11962 = SURFACE_STYLE_USAGE(.BOTH.,#11963);
#11963 = SURFACE_SIDE_STYLE('',(#11964,#11967));
#11964 = SURFACE_STYLE_FILL_AREA(#11965);
#11965 = FILL_AREA_STYLE('',(#11966));
#11966 = FILL_AREA_STYLE_COLOUR('',#10697);
#11967 = SURFACE_STYLE_RENDERING_WITH_PROPERTIES(.NORMAL_SHADING.,#10697
  ,(#11968));
#11968 = SURFACE_STYLE_TRANSPARENT(0.);
#11969 = OVER_RIDING_STYLED_ITEM('overriding color',(#11970),#6511,
  #10400);
#11970 = PRESENTATION_STYLE_ASSIGNMENT((#11971));
#11971 = SURFACE_STYLE_USAGE(.BOTH.,#11972);
#11972 = SURFACE_SIDE_STYLE('',(#11973,#11976));
#11973 = SURFACE_STYLE_FILL_AREA(#11974);
#11974 = FILL_AREA_STYLE('',(#11975));
#11975 = FILL_AREA_STYLE_COLOUR('',#10697);
#11976 = SURFACE_STYLE_RENDERING_WITH_PROPERTIES(.NORMAL_SHADING.,#10697
  ,(#11977));
#11977 = SURFACE_STYLE_TRANSPARENT(0.);
#11978 = OVER_RIDING_STYLED_ITEM('overriding color',(#11979),#6542,
  #10400);
#11979 = PRESENTATION_STYLE_ASSIGNMENT((#11980));
#11980 = SURFACE_STYLE_USAGE(.BOTH.,#11981);
#11981 = SURFACE_SIDE_STYLE('',(#11982,#11985));
#11982 = SURFACE_STYLE_FILL_AREA(#11983);
#11983 = FILL_AREA_STYLE('',(#11984));
#11984 = FILL_AREA_STYLE_COLOUR('',#10697);
#11985 = SURFACE_STYLE_RENDERING_WITH_PROPERTIES(.NORMAL_SHADING.,#10697
  ,(#11986));
#11986 = SURFACE_STYLE_TRANSPARENT(0.);
#11987 = OVER_RIDING_STYLED_ITEM('overriding color',(#11988),#6567,
  #10400);
#11988 = PRESENTATION_STYLE_ASSIGNMENT((#11989));
#11989 = SURFACE_STYLE_USAGE(.BOTH.,#11990);
#11990 = SURFACE_SIDE_STYLE('',(#11991,#11994));
#11991 = SURFACE_STYLE_FILL_AREA(#11992);
#11992 = FILL_AREA_STYLE('',(#11993));
#11993 = FILL_AREA_STYLE_COLOUR('',#10697);
#11994 = SURFACE_STYLE_RENDERING_WITH_PROPERTIES(.NORMAL_SHADING.,#10697
  ,(#11995));
#11995 = SURFACE_STYLE_TRANSPARENT(0.);
#11996 = OVER_RIDING_STYLED_ITEM('overriding color',(#11997),#6591,
  #10400);
#11997 = PRESENTATION_STYLE_ASSIGNMENT((#11998));
#11998 = SURFACE_STYLE_USAGE(.BOTH.,#11999);
#11999 = SURFACE_SIDE_STYLE('',(#12000,#12003));
#12000 = SURFACE_STYLE_FILL_AREA(#12001);
#12001 = FILL_AREA_STYLE('',(#12002));
#12002 = FILL_AREA_STYLE_COLOUR('',#10697);
#12003 = SURFACE_STYLE_RENDERING_WITH_PROPERTIES(.NORMAL_SHADING.,#10697
  ,(#12004));
#12004 = SURFACE_STYLE_TRANSPARENT(0.);
#12005 = OVER_RIDING_STYLED_ITEM('overriding color',(#12006),#6608,
  #10400);
#12006 = PRESENTATION_STYLE_ASSIGNMENT((#12007));
#12007 = SURFACE_STYLE_USAGE(.BOTH.,#12008);
#12008 = SURFACE_SIDE_STYLE('',(#12009,#12012));
#12009 = SURFACE_STYLE_FILL_AREA(#12010);
#12010 = FILL_AREA_STYLE('',(#12011));
#12011 = FILL_AREA_STYLE_COLOUR('',#10407);
#12012 = SURFACE_STYLE_RENDERING_WITH_PROPERTIES(.NORMAL_SHADING.,#10407
  ,(#12013));
#12013 = SURFACE_STYLE_TRANSPARENT(0.);
#12014 = OVER_RIDING_STYLED_ITEM('overriding color',(#12015),#6625,
  #10400);
#12015 = PRESENTATION_STYLE_ASSIGNMENT((#12016));
#12016 = SURFACE_STYLE_USAGE(.BOTH.,#12017);
#12017 = SURFACE_SIDE_STYLE('',(#12018,#12021));
#12018 = SURFACE_STYLE_FILL_AREA(#12019);
#12019 = FILL_AREA_STYLE('',(#12020));
#12020 = FILL_AREA_STYLE_COLOUR('',#10407);
#12021 = SURFACE_STYLE_RENDERING_WITH_PROPERTIES(.NORMAL_SHADING.,#10407
  ,(#12022));
#12022 = SURFACE_STYLE_TRANSPARENT(0.);
#12023 = OVER_RIDING_STYLED_ITEM('overriding color',(#12024),#6642,
  #10400);
#12024 = PRESENTATION_STYLE_ASSIGNMENT((#12025));
#12025 = SURFACE_STYLE_USAGE(.BOTH.,#12026);
#12026 = SURFACE_SIDE_STYLE('',(#12027,#12030));
#12027 = SURFACE_STYLE_FILL_AREA(#12028);
#12028 = FILL_AREA_STYLE('',(#12029));
#12029 = FILL_AREA_STYLE_COLOUR('',#10407);
#12030 = SURFACE_STYLE_RENDERING_WITH_PROPERTIES(.NORMAL_SHADING.,#10407
  ,(#12031));
#12031 = SURFACE_STYLE_TRANSPARENT(0.);
#12032 = OVER_RIDING_STYLED_ITEM('overriding color',(#12033),#6659,
  #10400);
#12033 = PRESENTATION_STYLE_ASSIGNMENT((#12034));
#12034 = SURFACE_STYLE_USAGE(.BOTH.,#12035);
#12035 = SURFACE_SIDE_STYLE('',(#12036,#12039));
#12036 = SURFACE_STYLE_FILL_AREA(#12037);
#12037 = FILL_AREA_STYLE('',(#12038));
#12038 = FILL_AREA_STYLE_COLOUR('',#10407);
#12039 = SURFACE_STYLE_RENDERING_WITH_PROPERTIES(.NORMAL_SHADING.,#10407
  ,(#12040));
#12040 = SURFACE_STYLE_TRANSPARENT(0.);
#12041 = OVER_RIDING_STYLED_ITEM('overriding color',(#12042),#6676,
  #10400);
#12042 = PRESENTATION_STYLE_ASSIGNMENT((#12043));
#12043 = SURFACE_STYLE_USAGE(.BOTH.,#12044);
#12044 = SURFACE_SIDE_STYLE('',(#12045,#12048));
#12045 = SURFACE_STYLE_FILL_AREA(#12046);
#12046 = FILL_AREA_STYLE('',(#12047));
#12047 = FILL_AREA_STYLE_COLOUR('',#10407);
#12048 = SURFACE_STYLE_RENDERING_WITH_PROPERTIES(.NORMAL_SHADING.,#10407
  ,(#12049));
#12049 = SURFACE_STYLE_TRANSPARENT(0.);
#12050 = OVER_RIDING_STYLED_ITEM('overriding color',(#12051),#6688,
  #10400);
#12051 = PRESENTATION_STYLE_ASSIGNMENT((#12052));
#12052 = SURFACE_STYLE_USAGE(.BOTH.,#12053);
#12053 = SURFACE_SIDE_STYLE('',(#12054,#12057));
#12054 = SURFACE_STYLE_FILL_AREA(#12055);
#12055 = FILL_AREA_STYLE('',(#12056));
#12056 = FILL_AREA_STYLE_COLOUR('',#10407);
#12057 = SURFACE_STYLE_RENDERING_WITH_PROPERTIES(.NORMAL_SHADING.,#10407
  ,(#12058));
#12058 = SURFACE_STYLE_TRANSPARENT(0.);
#12059 = OVER_RIDING_STYLED_ITEM('overriding color',(#12060),#6705,
  #10400);
#12060 = PRESENTATION_STYLE_ASSIGNMENT((#12061));
#12061 = SURFACE_STYLE_USAGE(.BOTH.,#12062);
#12062 = SURFACE_SIDE_STYLE('',(#12063,#12066));
#12063 = SURFACE_STYLE_FILL_AREA(#12064);
#12064 = FILL_AREA_STYLE('',(#12065));
#12065 = FILL_AREA_STYLE_COLOUR('',#10407);
#12066 = SURFACE_STYLE_RENDERING_WITH_PROPERTIES(.NORMAL_SHADING.,#10407
  ,(#12067));
#12067 = SURFACE_STYLE_TRANSPARENT(0.);
#12068 = OVER_RIDING_STYLED_ITEM('overriding color',(#12069),#6722,
  #10400);
#12069 = PRESENTATION_STYLE_ASSIGNMENT((#12070));
#12070 = SURFACE_STYLE_USAGE(.BOTH.,#12071);
#12071 = SURFACE_SIDE_STYLE('',(#12072,#12075));
#12072 = SURFACE_STYLE_FILL_AREA(#12073);
#12073 = FILL_AREA_STYLE('',(#12074));
#12074 = FILL_AREA_STYLE_COLOUR('',#10407);
#12075 = SURFACE_STYLE_RENDERING_WITH_PROPERTIES(.NORMAL_SHADING.,#10407
  ,(#12076));
#12076 = SURFACE_STYLE_TRANSPARENT(0.);
#12077 = OVER_RIDING_STYLED_ITEM('overriding color',(#12078),#6739,
  #10400);
#12078 = PRESENTATION_STYLE_ASSIGNMENT((#12079));
#12079 = SURFACE_STYLE_USAGE(.BOTH.,#12080);
#12080 = SURFACE_SIDE_STYLE('',(#12081,#12084));
#12081 = SURFACE_STYLE_FILL_AREA(#12082);
#12082 = FILL_AREA_STYLE('',(#12083));
#12083 = FILL_AREA_STYLE_COLOUR('',#10407);
#12084 = SURFACE_STYLE_RENDERING_WITH_PROPERTIES(.NORMAL_SHADING.,#10407
  ,(#12085));
#12085 = SURFACE_STYLE_TRANSPARENT(0.);
#12086 = OVER_RIDING_STYLED_ITEM('overriding color',(#12087),#6756,
  #10400);
#12087 = PRESENTATION_STYLE_ASSIGNMENT((#12088));
#12088 = SURFACE_STYLE_USAGE(.BOTH.,#12089);
#12089 = SURFACE_SIDE_STYLE('',(#12090,#12093));
#12090 = SURFACE_STYLE_FILL_AREA(#12091);
#12091 = FILL_AREA_STYLE('',(#12092));
#12092 = FILL_AREA_STYLE_COLOUR('',#10407);
#12093 = SURFACE_STYLE_RENDERING_WITH_PROPERTIES(.NORMAL_SHADING.,#10407
  ,(#12094));
#12094 = SURFACE_STYLE_TRANSPARENT(0.);
#12095 = OVER_RIDING_STYLED_ITEM('overriding color',(#12096),#6768,
  #10400);
#12096 = PRESENTATION_STYLE_ASSIGNMENT((#12097));
#12097 = SURFACE_STYLE_USAGE(.BOTH.,#12098);
#12098 = SURFACE_SIDE_STYLE('',(#12099,#12102));
#12099 = SURFACE_STYLE_FILL_AREA(#12100);
#12100 = FILL_AREA_STYLE('',(#12101));
#12101 = FILL_AREA_STYLE_COLOUR('',#10407);
#12102 = SURFACE_STYLE_RENDERING_WITH_PROPERTIES(.NORMAL_SHADING.,#10407
  ,(#12103));
#12103 = SURFACE_STYLE_TRANSPARENT(0.);
#12104 = OVER_RIDING_STYLED_ITEM('overriding color',(#12105),#6785,
  #10400);
#12105 = PRESENTATION_STYLE_ASSIGNMENT((#12106));
#12106 = SURFACE_STYLE_USAGE(.BOTH.,#12107);
#12107 = SURFACE_SIDE_STYLE('',(#12108,#12111));
#12108 = SURFACE_STYLE_FILL_AREA(#12109);
#12109 = FILL_AREA_STYLE('',(#12110));
#12110 = FILL_AREA_STYLE_COLOUR('',#10407);
#12111 = SURFACE_STYLE_RENDERING_WITH_PROPERTIES(.NORMAL_SHADING.,#10407
  ,(#12112));
#12112 = SURFACE_STYLE_TRANSPARENT(0.);
#12113 = OVER_RIDING_STYLED_ITEM('overriding color',(#12114),#6796,
  #10400);
#12114 = PRESENTATION_STYLE_ASSIGNMENT((#12115));
#12115 = SURFACE_STYLE_USAGE(.BOTH.,#12116);
#12116 = SURFACE_SIDE_STYLE('',(#12117,#12120));
#12117 = SURFACE_STYLE_FILL_AREA(#12118);
#12118 = FILL_AREA_STYLE('',(#12119));
#12119 = FILL_AREA_STYLE_COLOUR('',#10407);
#12120 = SURFACE_STYLE_RENDERING_WITH_PROPERTIES(.NORMAL_SHADING.,#10407
  ,(#12121));
#12121 = SURFACE_STYLE_TRANSPARENT(0.);
#12122 = OVER_RIDING_STYLED_ITEM('overriding color',(#12123),#6807,
  #10400);
#12123 = PRESENTATION_STYLE_ASSIGNMENT((#12124));
#12124 = SURFACE_STYLE_USAGE(.BOTH.,#12125);
#12125 = SURFACE_SIDE_STYLE('',(#12126,#12129));
#12126 = SURFACE_STYLE_FILL_AREA(#12127);
#12127 = FILL_AREA_STYLE('',(#12128));
#12128 = FILL_AREA_STYLE_COLOUR('',#10697);
#12129 = SURFACE_STYLE_RENDERING_WITH_PROPERTIES(.NORMAL_SHADING.,#10697
  ,(#12130));
#12130 = SURFACE_STYLE_TRANSPARENT(0.);
#12131 = OVER_RIDING_STYLED_ITEM('overriding color',(#12132),#6832,
  #10400);
#12132 = PRESENTATION_STYLE_ASSIGNMENT((#12133));
#12133 = SURFACE_STYLE_USAGE(.BOTH.,#12134);
#12134 = SURFACE_SIDE_STYLE('',(#12135,#12138));
#12135 = SURFACE_STYLE_FILL_AREA(#12136);
#12136 = FILL_AREA_STYLE('',(#12137));
#12137 = FILL_AREA_STYLE_COLOUR('',#10697);
#12138 = SURFACE_STYLE_RENDERING_WITH_PROPERTIES(.NORMAL_SHADING.,#10697
  ,(#12139));
#12139 = SURFACE_STYLE_TRANSPARENT(0.);
#12140 = OVER_RIDING_STYLED_ITEM('overriding color',(#12141),#6856,
  #10400);
#12141 = PRESENTATION_STYLE_ASSIGNMENT((#12142));
#12142 = SURFACE_STYLE_USAGE(.BOTH.,#12143);
#12143 = SURFACE_SIDE_STYLE('',(#12144,#12147));
#12144 = SURFACE_STYLE_FILL_AREA(#12145);
#12145 = FILL_AREA_STYLE('',(#12146));
#12146 = FILL_AREA_STYLE_COLOUR('',#10697);
#12147 = SURFACE_STYLE_RENDERING_WITH_PROPERTIES(.NORMAL_SHADING.,#10697
  ,(#12148));
#12148 = SURFACE_STYLE_TRANSPARENT(0.);
#12149 = OVER_RIDING_STYLED_ITEM('overriding color',(#12150),#6874,
  #10400);
#12150 = PRESENTATION_STYLE_ASSIGNMENT((#12151));
#12151 = SURFACE_STYLE_USAGE(.BOTH.,#12152);
#12152 = SURFACE_SIDE_STYLE('',(#12153,#12156));
#12153 = SURFACE_STYLE_FILL_AREA(#12154);
#12154 = FILL_AREA_STYLE('',(#12155));
#12155 = FILL_AREA_STYLE_COLOUR('',#10697);
#12156 = SURFACE_STYLE_RENDERING_WITH_PROPERTIES(.NORMAL_SHADING.,#10697
  ,(#12157));
#12157 = SURFACE_STYLE_TRANSPARENT(0.);
#12158 = OVER_RIDING_STYLED_ITEM('overriding color',(#12159),#6905,
  #10400);
#12159 = PRESENTATION_STYLE_ASSIGNMENT((#12160));
#12160 = SURFACE_STYLE_USAGE(.BOTH.,#12161);
#12161 = SURFACE_SIDE_STYLE('',(#12162,#12165));
#12162 = SURFACE_STYLE_FILL_AREA(#12163);
#12163 = FILL_AREA_STYLE('',(#12164));
#12164 = FILL_AREA_STYLE_COLOUR('',#10697);
#12165 = SURFACE_STYLE_RENDERING_WITH_PROPERTIES(.NORMAL_SHADING.,#10697
  ,(#12166));
#12166 = SURFACE_STYLE_TRANSPARENT(0.);
#12167 = OVER_RIDING_STYLED_ITEM('overriding color',(#12168),#6923,
  #10400);
#12168 = PRESENTATION_STYLE_ASSIGNMENT((#12169));
#12169 = SURFACE_STYLE_USAGE(.BOTH.,#12170);
#12170 = SURFACE_SIDE_STYLE('',(#12171,#12174));
#12171 = SURFACE_STYLE_FILL_AREA(#12172);
#12172 = FILL_AREA_STYLE('',(#12173));
#12173 = FILL_AREA_STYLE_COLOUR('',#10697);
#12174 = SURFACE_STYLE_RENDERING_WITH_PROPERTIES(.NORMAL_SHADING.,#10697
  ,(#12175));
#12175 = SURFACE_STYLE_TRANSPARENT(0.);
#12176 = OVER_RIDING_STYLED_ITEM('overriding color',(#12177),#6941,
  #10400);
#12177 = PRESENTATION_STYLE_ASSIGNMENT((#12178));
#12178 = SURFACE_STYLE_USAGE(.BOTH.,#12179);
#12179 = SURFACE_SIDE_STYLE('',(#12180,#12183));
#12180 = SURFACE_STYLE_FILL_AREA(#12181);
#12181 = FILL_AREA_STYLE('',(#12182));
#12182 = FILL_AREA_STYLE_COLOUR('',#10697);
#12183 = SURFACE_STYLE_RENDERING_WITH_PROPERTIES(.NORMAL_SHADING.,#10697
  ,(#12184));
#12184 = SURFACE_STYLE_TRANSPARENT(0.);
#12185 = OVER_RIDING_STYLED_ITEM('overriding color',(#12186),#6966,
  #10400);
#12186 = PRESENTATION_STYLE_ASSIGNMENT((#12187));
#12187 = SURFACE_STYLE_USAGE(.BOTH.,#12188);
#12188 = SURFACE_SIDE_STYLE('',(#12189,#12192));
#12189 = SURFACE_STYLE_FILL_AREA(#12190);
#12190 = FILL_AREA_STYLE('',(#12191));
#12191 = FILL_AREA_STYLE_COLOUR('',#10697);
#12192 = SURFACE_STYLE_RENDERING_WITH_PROPERTIES(.NORMAL_SHADING.,#10697
  ,(#12193));
#12193 = SURFACE_STYLE_TRANSPARENT(0.);
#12194 = OVER_RIDING_STYLED_ITEM('overriding color',(#12195),#6990,
  #10400);
#12195 = PRESENTATION_STYLE_ASSIGNMENT((#12196));
#12196 = SURFACE_STYLE_USAGE(.BOTH.,#12197);
#12197 = SURFACE_SIDE_STYLE('',(#12198,#12201));
#12198 = SURFACE_STYLE_FILL_AREA(#12199);
#12199 = FILL_AREA_STYLE('',(#12200));
#12200 = FILL_AREA_STYLE_COLOUR('',#10697);
#12201 = SURFACE_STYLE_RENDERING_WITH_PROPERTIES(.NORMAL_SHADING.,#10697
  ,(#12202));
#12202 = SURFACE_STYLE_TRANSPARENT(0.);
#12203 = OVER_RIDING_STYLED_ITEM('overriding color',(#12204),#7008,
  #10400);
#12204 = PRESENTATION_STYLE_ASSIGNMENT((#12205));
#12205 = SURFACE_STYLE_USAGE(.BOTH.,#12206);
#12206 = SURFACE_SIDE_STYLE('',(#12207,#12210));
#12207 = SURFACE_STYLE_FILL_AREA(#12208);
#12208 = FILL_AREA_STYLE('',(#12209));
#12209 = FILL_AREA_STYLE_COLOUR('',#10697);
#12210 = SURFACE_STYLE_RENDERING_WITH_PROPERTIES(.NORMAL_SHADING.,#10697
  ,(#12211));
#12211 = SURFACE_STYLE_TRANSPARENT(0.);
#12212 = OVER_RIDING_STYLED_ITEM('overriding color',(#12213),#7020,
  #10400);
#12213 = PRESENTATION_STYLE_ASSIGNMENT((#12214));
#12214 = SURFACE_STYLE_USAGE(.BOTH.,#12215);
#12215 = SURFACE_SIDE_STYLE('',(#12216,#12219));
#12216 = SURFACE_STYLE_FILL_AREA(#12217);
#12217 = FILL_AREA_STYLE('',(#12218));
#12218 = FILL_AREA_STYLE_COLOUR('',#10407);
#12219 = SURFACE_STYLE_RENDERING_WITH_PROPERTIES(.NORMAL_SHADING.,#10407
  ,(#12220));
#12220 = SURFACE_STYLE_TRANSPARENT(0.);
#12221 = OVER_RIDING_STYLED_ITEM('overriding color',(#12222),#7071,
  #10400);
#12222 = PRESENTATION_STYLE_ASSIGNMENT((#12223));
#12223 = SURFACE_STYLE_USAGE(.BOTH.,#12224);
#12224 = SURFACE_SIDE_STYLE('',(#12225,#12228));
#12225 = SURFACE_STYLE_FILL_AREA(#12226);
#12226 = FILL_AREA_STYLE('',(#12227));
#12227 = FILL_AREA_STYLE_COLOUR('',#10407);
#12228 = SURFACE_STYLE_RENDERING_WITH_PROPERTIES(.NORMAL_SHADING.,#10407
  ,(#12229));
#12229 = SURFACE_STYLE_TRANSPARENT(0.);
#12230 = OVER_RIDING_STYLED_ITEM('overriding color',(#12231),#7122,
  #10400);
#12231 = PRESENTATION_STYLE_ASSIGNMENT((#12232));
#12232 = SURFACE_STYLE_USAGE(.BOTH.,#12233);
#12233 = SURFACE_SIDE_STYLE('',(#12234,#12237));
#12234 = SURFACE_STYLE_FILL_AREA(#12235);
#12235 = FILL_AREA_STYLE('',(#12236));
#12236 = FILL_AREA_STYLE_COLOUR('',#10407);
#12237 = SURFACE_STYLE_RENDERING_WITH_PROPERTIES(.NORMAL_SHADING.,#10407
  ,(#12238));
#12238 = SURFACE_STYLE_TRANSPARENT(0.);
#12239 = OVER_RIDING_STYLED_ITEM('overriding color',(#12240),#7139,
  #10400);
#12240 = PRESENTATION_STYLE_ASSIGNMENT((#12241));
#12241 = SURFACE_STYLE_USAGE(.BOTH.,#12242);
#12242 = SURFACE_SIDE_STYLE('',(#12243,#12246));
#12243 = SURFACE_STYLE_FILL_AREA(#12244);
#12244 = FILL_AREA_STYLE('',(#12245));
#12245 = FILL_AREA_STYLE_COLOUR('',#10697);
#12246 = SURFACE_STYLE_RENDERING_WITH_PROPERTIES(.NORMAL_SHADING.,#10697
  ,(#12247));
#12247 = SURFACE_STYLE_TRANSPARENT(0.);
#12248 = OVER_RIDING_STYLED_ITEM('overriding color',(#12249),#7151,
  #10400);
#12249 = PRESENTATION_STYLE_ASSIGNMENT((#12250));
#12250 = SURFACE_STYLE_USAGE(.BOTH.,#12251);
#12251 = SURFACE_SIDE_STYLE('',(#12252,#12255));
#12252 = SURFACE_STYLE_FILL_AREA(#12253);
#12253 = FILL_AREA_STYLE('',(#12254));
#12254 = FILL_AREA_STYLE_COLOUR('',#10697);
#12255 = SURFACE_STYLE_RENDERING_WITH_PROPERTIES(.NORMAL_SHADING.,#10697
  ,(#12256));
#12256 = SURFACE_STYLE_TRANSPARENT(0.);
#12257 = OVER_RIDING_STYLED_ITEM('overriding color',(#12258),#7163,
  #10400);
#12258 = PRESENTATION_STYLE_ASSIGNMENT((#12259));
#12259 = SURFACE_STYLE_USAGE(.BOTH.,#12260);
#12260 = SURFACE_SIDE_STYLE('',(#12261,#12264));
#12261 = SURFACE_STYLE_FILL_AREA(#12262);
#12262 = FILL_AREA_STYLE('',(#12263));
#12263 = FILL_AREA_STYLE_COLOUR('',#10407);
#12264 = SURFACE_STYLE_RENDERING_WITH_PROPERTIES(.NORMAL_SHADING.,#10407
  ,(#12265));
#12265 = SURFACE_STYLE_TRANSPARENT(0.);
#12266 = OVER_RIDING_STYLED_ITEM('overriding color',(#12267),#7180,
  #10400);
#12267 = PRESENTATION_STYLE_ASSIGNMENT((#12268));
#12268 = SURFACE_STYLE_USAGE(.BOTH.,#12269);
#12269 = SURFACE_SIDE_STYLE('',(#12270,#12273));
#12270 = SURFACE_STYLE_FILL_AREA(#12271);
#12271 = FILL_AREA_STYLE('',(#12272));
#12272 = FILL_AREA_STYLE_COLOUR('',#10407);
#12273 = SURFACE_STYLE_RENDERING_WITH_PROPERTIES(.NORMAL_SHADING.,#10407
  ,(#12274));
#12274 = SURFACE_STYLE_TRANSPARENT(0.);
#12275 = OVER_RIDING_STYLED_ITEM('overriding color',(#12276),#7212,
  #10400);
#12276 = PRESENTATION_STYLE_ASSIGNMENT((#12277));
#12277 = SURFACE_STYLE_USAGE(.BOTH.,#12278);
#12278 = SURFACE_SIDE_STYLE('',(#12279,#12282));
#12279 = SURFACE_STYLE_FILL_AREA(#12280);
#12280 = FILL_AREA_STYLE('',(#12281));
#12281 = FILL_AREA_STYLE_COLOUR('',#10407);
#12282 = SURFACE_STYLE_RENDERING_WITH_PROPERTIES(.NORMAL_SHADING.,#10407
  ,(#12283));
#12283 = SURFACE_STYLE_TRANSPARENT(0.);
#12284 = OVER_RIDING_STYLED_ITEM('overriding color',(#12285),#7229,
  #10400);
#12285 = PRESENTATION_STYLE_ASSIGNMENT((#12286));
#12286 = SURFACE_STYLE_USAGE(.BOTH.,#12287);
#12287 = SURFACE_SIDE_STYLE('',(#12288,#12291));
#12288 = SURFACE_STYLE_FILL_AREA(#12289);
#12289 = FILL_AREA_STYLE('',(#12290));
#12290 = FILL_AREA_STYLE_COLOUR('',#10407);
#12291 = SURFACE_STYLE_RENDERING_WITH_PROPERTIES(.NORMAL_SHADING.,#10407
  ,(#12292));
#12292 = SURFACE_STYLE_TRANSPARENT(0.);
#12293 = OVER_RIDING_STYLED_ITEM('overriding color',(#12294),#7255,
  #10400);
#12294 = PRESENTATION_STYLE_ASSIGNMENT((#12295));
#12295 = SURFACE_STYLE_USAGE(.BOTH.,#12296);
#12296 = SURFACE_SIDE_STYLE('',(#12297,#12300));
#12297 = SURFACE_STYLE_FILL_AREA(#12298);
#12298 = FILL_AREA_STYLE('',(#12299));
#12299 = FILL_AREA_STYLE_COLOUR('',#10407);
#12300 = SURFACE_STYLE_RENDERING_WITH_PROPERTIES(.NORMAL_SHADING.,#10407
  ,(#12301));
#12301 = SURFACE_STYLE_TRANSPARENT(0.);
#12302 = OVER_RIDING_STYLED_ITEM('overriding color',(#12303),#7280,
  #10400);
#12303 = PRESENTATION_STYLE_ASSIGNMENT((#12304));
#12304 = SURFACE_STYLE_USAGE(.BOTH.,#12305);
#12305 = SURFACE_SIDE_STYLE('',(#12306,#12309));
#12306 = SURFACE_STYLE_FILL_AREA(#12307);
#12307 = FILL_AREA_STYLE('',(#12308));
#12308 = FILL_AREA_STYLE_COLOUR('',#10407);
#12309 = SURFACE_STYLE_RENDERING_WITH_PROPERTIES(.NORMAL_SHADING.,#10407
  ,(#12310));
#12310 = SURFACE_STYLE_TRANSPARENT(0.);
#12311 = OVER_RIDING_STYLED_ITEM('overriding color',(#12312),#7297,
  #10400);
#12312 = PRESENTATION_STYLE_ASSIGNMENT((#12313));
#12313 = SURFACE_STYLE_USAGE(.BOTH.,#12314);
#12314 = SURFACE_SIDE_STYLE('',(#12315,#12318));
#12315 = SURFACE_STYLE_FILL_AREA(#12316);
#12316 = FILL_AREA_STYLE('',(#12317));
#12317 = FILL_AREA_STYLE_COLOUR('',#10697);
#12318 = SURFACE_STYLE_RENDERING_WITH_PROPERTIES(.NORMAL_SHADING.,#10697
  ,(#12319));
#12319 = SURFACE_STYLE_TRANSPARENT(0.);
#12320 = OVER_RIDING_STYLED_ITEM('overriding color',(#12321),#7329,
  #10400);
#12321 = PRESENTATION_STYLE_ASSIGNMENT((#12322));
#12322 = SURFACE_STYLE_USAGE(.BOTH.,#12323);
#12323 = SURFACE_SIDE_STYLE('',(#12324,#12327));
#12324 = SURFACE_STYLE_FILL_AREA(#12325);
#12325 = FILL_AREA_STYLE('',(#12326));
#12326 = FILL_AREA_STYLE_COLOUR('',#10697);
#12327 = SURFACE_STYLE_RENDERING_WITH_PROPERTIES(.NORMAL_SHADING.,#10697
  ,(#12328));
#12328 = SURFACE_STYLE_TRANSPARENT(0.);
#12329 = OVER_RIDING_STYLED_ITEM('overriding color',(#12330),#7353,
  #10400);
#12330 = PRESENTATION_STYLE_ASSIGNMENT((#12331));
#12331 = SURFACE_STYLE_USAGE(.BOTH.,#12332);
#12332 = SURFACE_SIDE_STYLE('',(#12333,#12336));
#12333 = SURFACE_STYLE_FILL_AREA(#12334);
#12334 = FILL_AREA_STYLE('',(#12335));
#12335 = FILL_AREA_STYLE_COLOUR('',#10697);
#12336 = SURFACE_STYLE_RENDERING_WITH_PROPERTIES(.NORMAL_SHADING.,#10697
  ,(#12337));
#12337 = SURFACE_STYLE_TRANSPARENT(0.);
#12338 = OVER_RIDING_STYLED_ITEM('overriding color',(#12339),#7377,
  #10400);
#12339 = PRESENTATION_STYLE_ASSIGNMENT((#12340));
#12340 = SURFACE_STYLE_USAGE(.BOTH.,#12341);
#12341 = SURFACE_SIDE_STYLE('',(#12342,#12345));
#12342 = SURFACE_STYLE_FILL_AREA(#12343);
#12343 = FILL_AREA_STYLE('',(#12344));
#12344 = FILL_AREA_STYLE_COLOUR('',#10697);
#12345 = SURFACE_STYLE_RENDERING_WITH_PROPERTIES(.NORMAL_SHADING.,#10697
  ,(#12346));
#12346 = SURFACE_STYLE_TRANSPARENT(0.);
#12347 = OVER_RIDING_STYLED_ITEM('overriding color',(#12348),#7401,
  #10400);
#12348 = PRESENTATION_STYLE_ASSIGNMENT((#12349));
#12349 = SURFACE_STYLE_USAGE(.BOTH.,#12350);
#12350 = SURFACE_SIDE_STYLE('',(#12351,#12354));
#12351 = SURFACE_STYLE_FILL_AREA(#12352);
#12352 = FILL_AREA_STYLE('',(#12353));
#12353 = FILL_AREA_STYLE_COLOUR('',#10697);
#12354 = SURFACE_STYLE_RENDERING_WITH_PROPERTIES(.NORMAL_SHADING.,#10697
  ,(#12355));
#12355 = SURFACE_STYLE_TRANSPARENT(0.);
#12356 = OVER_RIDING_STYLED_ITEM('overriding color',(#12357),#7425,
  #10400);
#12357 = PRESENTATION_STYLE_ASSIGNMENT((#12358));
#12358 = SURFACE_STYLE_USAGE(.BOTH.,#12359);
#12359 = SURFACE_SIDE_STYLE('',(#12360,#12363));
#12360 = SURFACE_STYLE_FILL_AREA(#12361);
#12361 = FILL_AREA_STYLE('',(#12362));
#12362 = FILL_AREA_STYLE_COLOUR('',#10697);
#12363 = SURFACE_STYLE_RENDERING_WITH_PROPERTIES(.NORMAL_SHADING.,#10697
  ,(#12364));
#12364 = SURFACE_STYLE_TRANSPARENT(0.);
#12365 = OVER_RIDING_STYLED_ITEM('overriding color',(#12366),#7449,
  #10400);
#12366 = PRESENTATION_STYLE_ASSIGNMENT((#12367));
#12367 = SURFACE_STYLE_USAGE(.BOTH.,#12368);
#12368 = SURFACE_SIDE_STYLE('',(#12369,#12372));
#12369 = SURFACE_STYLE_FILL_AREA(#12370);
#12370 = FILL_AREA_STYLE('',(#12371));
#12371 = FILL_AREA_STYLE_COLOUR('',#10697);
#12372 = SURFACE_STYLE_RENDERING_WITH_PROPERTIES(.NORMAL_SHADING.,#10697
  ,(#12373));
#12373 = SURFACE_STYLE_TRANSPARENT(0.);
#12374 = OVER_RIDING_STYLED_ITEM('overriding color',(#12375),#7474,
  #10400);
#12375 = PRESENTATION_STYLE_ASSIGNMENT((#12376));
#12376 = SURFACE_STYLE_USAGE(.BOTH.,#12377);
#12377 = SURFACE_SIDE_STYLE('',(#12378,#12381));
#12378 = SURFACE_STYLE_FILL_AREA(#12379);
#12379 = FILL_AREA_STYLE('',(#12380));
#12380 = FILL_AREA_STYLE_COLOUR('',#10697);
#12381 = SURFACE_STYLE_RENDERING_WITH_PROPERTIES(.NORMAL_SHADING.,#10697
  ,(#12382));
#12382 = SURFACE_STYLE_TRANSPARENT(0.);
#12383 = OVER_RIDING_STYLED_ITEM('overriding color',(#12384),#7506,
  #10400);
#12384 = PRESENTATION_STYLE_ASSIGNMENT((#12385));
#12385 = SURFACE_STYLE_USAGE(.BOTH.,#12386);
#12386 = SURFACE_SIDE_STYLE('',(#12387,#12390));
#12387 = SURFACE_STYLE_FILL_AREA(#12388);
#12388 = FILL_AREA_STYLE('',(#12389));
#12389 = FILL_AREA_STYLE_COLOUR('',#10697);
#12390 = SURFACE_STYLE_RENDERING_WITH_PROPERTIES(.NORMAL_SHADING.,#10697
  ,(#12391));
#12391 = SURFACE_STYLE_TRANSPARENT(0.);
#12392 = OVER_RIDING_STYLED_ITEM('overriding color',(#12393),#7523,
  #10400);
#12393 = PRESENTATION_STYLE_ASSIGNMENT((#12394));
#12394 = SURFACE_STYLE_USAGE(.BOTH.,#12395);
#12395 = SURFACE_SIDE_STYLE('',(#12396,#12399));
#12396 = SURFACE_STYLE_FILL_AREA(#12397);
#12397 = FILL_AREA_STYLE('',(#12398));
#12398 = FILL_AREA_STYLE_COLOUR('',#10407);
#12399 = SURFACE_STYLE_RENDERING_WITH_PROPERTIES(.NORMAL_SHADING.,#10407
  ,(#12400));
#12400 = SURFACE_STYLE_TRANSPARENT(0.);
#12401 = OVER_RIDING_STYLED_ITEM('overriding color',(#12402),#7561,
  #10400);
#12402 = PRESENTATION_STYLE_ASSIGNMENT((#12403));
#12403 = SURFACE_STYLE_USAGE(.BOTH.,#12404);
#12404 = SURFACE_SIDE_STYLE('',(#12405,#12408));
#12405 = SURFACE_STYLE_FILL_AREA(#12406);
#12406 = FILL_AREA_STYLE('',(#12407));
#12407 = FILL_AREA_STYLE_COLOUR('',#10407);
#12408 = SURFACE_STYLE_RENDERING_WITH_PROPERTIES(.NORMAL_SHADING.,#10407
  ,(#12409));
#12409 = SURFACE_STYLE_TRANSPARENT(0.);
#12410 = OVER_RIDING_STYLED_ITEM('overriding color',(#12411),#7586,
  #10400);
#12411 = PRESENTATION_STYLE_ASSIGNMENT((#12412));
#12412 = SURFACE_STYLE_USAGE(.BOTH.,#12413);
#12413 = SURFACE_SIDE_STYLE('',(#12414,#12417));
#12414 = SURFACE_STYLE_FILL_AREA(#12415);
#12415 = FILL_AREA_STYLE('',(#12416));
#12416 = FILL_AREA_STYLE_COLOUR('',#10407);
#12417 = SURFACE_STYLE_RENDERING_WITH_PROPERTIES(.NORMAL_SHADING.,#10407
  ,(#12418));
#12418 = SURFACE_STYLE_TRANSPARENT(0.);
#12419 = OVER_RIDING_STYLED_ITEM('overriding color',(#12420),#7598,
  #10400);
#12420 = PRESENTATION_STYLE_ASSIGNMENT((#12421));
#12421 = SURFACE_STYLE_USAGE(.BOTH.,#12422);
#12422 = SURFACE_SIDE_STYLE('',(#12423,#12426));
#12423 = SURFACE_STYLE_FILL_AREA(#12424);
#12424 = FILL_AREA_STYLE('',(#12425));
#12425 = FILL_AREA_STYLE_COLOUR('',#10697);
#12426 = SURFACE_STYLE_RENDERING_WITH_PROPERTIES(.NORMAL_SHADING.,#10697
  ,(#12427));
#12427 = SURFACE_STYLE_TRANSPARENT(0.);
#12428 = OVER_RIDING_STYLED_ITEM('overriding color',(#12429),#7622,
  #10400);
#12429 = PRESENTATION_STYLE_ASSIGNMENT((#12430));
#12430 = SURFACE_STYLE_USAGE(.BOTH.,#12431);
#12431 = SURFACE_SIDE_STYLE('',(#12432,#12435));
#12432 = SURFACE_STYLE_FILL_AREA(#12433);
#12433 = FILL_AREA_STYLE('',(#12434));
#12434 = FILL_AREA_STYLE_COLOUR('',#10697);
#12435 = SURFACE_STYLE_RENDERING_WITH_PROPERTIES(.NORMAL_SHADING.,#10697
  ,(#12436));
#12436 = SURFACE_STYLE_TRANSPARENT(0.);
#12437 = OVER_RIDING_STYLED_ITEM('overriding color',(#12438),#7647,
  #10400);
#12438 = PRESENTATION_STYLE_ASSIGNMENT((#12439));
#12439 = SURFACE_STYLE_USAGE(.BOTH.,#12440);
#12440 = SURFACE_SIDE_STYLE('',(#12441,#12444));
#12441 = SURFACE_STYLE_FILL_AREA(#12442);
#12442 = FILL_AREA_STYLE('',(#12443));
#12443 = FILL_AREA_STYLE_COLOUR('',#10407);
#12444 = SURFACE_STYLE_RENDERING_WITH_PROPERTIES(.NORMAL_SHADING.,#10407
  ,(#12445));
#12445 = SURFACE_STYLE_TRANSPARENT(0.);
#12446 = OVER_RIDING_STYLED_ITEM('overriding color',(#12447),#7672,
  #10400);
#12447 = PRESENTATION_STYLE_ASSIGNMENT((#12448));
#12448 = SURFACE_STYLE_USAGE(.BOTH.,#12449);
#12449 = SURFACE_SIDE_STYLE('',(#12450,#12453));
#12450 = SURFACE_STYLE_FILL_AREA(#12451);
#12451 = FILL_AREA_STYLE('',(#12452));
#12452 = FILL_AREA_STYLE_COLOUR('',#10407);
#12453 = SURFACE_STYLE_RENDERING_WITH_PROPERTIES(.NORMAL_SHADING.,#10407
  ,(#12454));
#12454 = SURFACE_STYLE_TRANSPARENT(0.);
#12455 = OVER_RIDING_STYLED_ITEM('overriding color',(#12456),#7689,
  #10400);
#12456 = PRESENTATION_STYLE_ASSIGNMENT((#12457));
#12457 = SURFACE_STYLE_USAGE(.BOTH.,#12458);
#12458 = SURFACE_SIDE_STYLE('',(#12459,#12462));
#12459 = SURFACE_STYLE_FILL_AREA(#12460);
#12460 = FILL_AREA_STYLE('',(#12461));
#12461 = FILL_AREA_STYLE_COLOUR('',#10697);
#12462 = SURFACE_STYLE_RENDERING_WITH_PROPERTIES(.NORMAL_SHADING.,#10697
  ,(#12463));
#12463 = SURFACE_STYLE_TRANSPARENT(0.);
#12464 = OVER_RIDING_STYLED_ITEM('overriding color',(#12465),#7713,
  #10400);
#12465 = PRESENTATION_STYLE_ASSIGNMENT((#12466));
#12466 = SURFACE_STYLE_USAGE(.BOTH.,#12467);
#12467 = SURFACE_SIDE_STYLE('',(#12468,#12471));
#12468 = SURFACE_STYLE_FILL_AREA(#12469);
#12469 = FILL_AREA_STYLE('',(#12470));
#12470 = FILL_AREA_STYLE_COLOUR('',#10697);
#12471 = SURFACE_STYLE_RENDERING_WITH_PROPERTIES(.NORMAL_SHADING.,#10697
  ,(#12472));
#12472 = SURFACE_STYLE_TRANSPARENT(0.);
#12473 = OVER_RIDING_STYLED_ITEM('overriding color',(#12474),#7737,
  #10400);
#12474 = PRESENTATION_STYLE_ASSIGNMENT((#12475));
#12475 = SURFACE_STYLE_USAGE(.BOTH.,#12476);
#12476 = SURFACE_SIDE_STYLE('',(#12477,#12480));
#12477 = SURFACE_STYLE_FILL_AREA(#12478);
#12478 = FILL_AREA_STYLE('',(#12479));
#12479 = FILL_AREA_STYLE_COLOUR('',#10697);
#12480 = SURFACE_STYLE_RENDERING_WITH_PROPERTIES(.NORMAL_SHADING.,#10697
  ,(#12481));
#12481 = SURFACE_STYLE_TRANSPARENT(0.);
#12482 = OVER_RIDING_STYLED_ITEM('overriding color',(#12483),#7754,
  #10400);
#12483 = PRESENTATION_STYLE_ASSIGNMENT((#12484));
#12484 = SURFACE_STYLE_USAGE(.BOTH.,#12485);
#12485 = SURFACE_SIDE_STYLE('',(#12486,#12489));
#12486 = SURFACE_STYLE_FILL_AREA(#12487);
#12487 = FILL_AREA_STYLE('',(#12488));
#12488 = FILL_AREA_STYLE_COLOUR('',#10697);
#12489 = SURFACE_STYLE_RENDERING_WITH_PROPERTIES(.NORMAL_SHADING.,#10697
  ,(#12490));
#12490 = SURFACE_STYLE_TRANSPARENT(0.);
#12491 = OVER_RIDING_STYLED_ITEM('overriding color',(#12492),#7766,
  #10400);
#12492 = PRESENTATION_STYLE_ASSIGNMENT((#12493));
#12493 = SURFACE_STYLE_USAGE(.BOTH.,#12494);
#12494 = SURFACE_SIDE_STYLE('',(#12495,#12498));
#12495 = SURFACE_STYLE_FILL_AREA(#12496);
#12496 = FILL_AREA_STYLE('',(#12497));
#12497 = FILL_AREA_STYLE_COLOUR('',#10697);
#12498 = SURFACE_STYLE_RENDERING_WITH_PROPERTIES(.NORMAL_SHADING.,#10697
  ,(#12499));
#12499 = SURFACE_STYLE_TRANSPARENT(0.);
#12500 = OVER_RIDING_STYLED_ITEM('overriding color',(#12501),#7778,
  #10400);
#12501 = PRESENTATION_STYLE_ASSIGNMENT((#12502));
#12502 = SURFACE_STYLE_USAGE(.BOTH.,#12503);
#12503 = SURFACE_SIDE_STYLE('',(#12504,#12507));
#12504 = SURFACE_STYLE_FILL_AREA(#12505);
#12505 = FILL_AREA_STYLE('',(#12506));
#12506 = FILL_AREA_STYLE_COLOUR('',#10697);
#12507 = SURFACE_STYLE_RENDERING_WITH_PROPERTIES(.NORMAL_SHADING.,#10697
  ,(#12508));
#12508 = SURFACE_STYLE_TRANSPARENT(0.);
#12509 = OVER_RIDING_STYLED_ITEM('overriding color',(#12510),#7790,
  #10400);
#12510 = PRESENTATION_STYLE_ASSIGNMENT((#12511));
#12511 = SURFACE_STYLE_USAGE(.BOTH.,#12512);
#12512 = SURFACE_SIDE_STYLE('',(#12513,#12516));
#12513 = SURFACE_STYLE_FILL_AREA(#12514);
#12514 = FILL_AREA_STYLE('',(#12515));
#12515 = FILL_AREA_STYLE_COLOUR('',#10697);
#12516 = SURFACE_STYLE_RENDERING_WITH_PROPERTIES(.NORMAL_SHADING.,#10697
  ,(#12517));
#12517 = SURFACE_STYLE_TRANSPARENT(0.);
#12518 = OVER_RIDING_STYLED_ITEM('overriding color',(#12519),#7802,
  #10400);
#12519 = PRESENTATION_STYLE_ASSIGNMENT((#12520));
#12520 = SURFACE_STYLE_USAGE(.BOTH.,#12521);
#12521 = SURFACE_SIDE_STYLE('',(#12522,#12525));
#12522 = SURFACE_STYLE_FILL_AREA(#12523);
#12523 = FILL_AREA_STYLE('',(#12524));
#12524 = FILL_AREA_STYLE_COLOUR('',#10407);
#12525 = SURFACE_STYLE_RENDERING_WITH_PROPERTIES(.NORMAL_SHADING.,#10407
  ,(#12526));
#12526 = SURFACE_STYLE_TRANSPARENT(0.);
#12527 = OVER_RIDING_STYLED_ITEM('overriding color',(#12528),#7854,
  #10400);
#12528 = PRESENTATION_STYLE_ASSIGNMENT((#12529));
#12529 = SURFACE_STYLE_USAGE(.BOTH.,#12530);
#12530 = SURFACE_SIDE_STYLE('',(#12531,#12534));
#12531 = SURFACE_STYLE_FILL_AREA(#12532);
#12532 = FILL_AREA_STYLE('',(#12533));
#12533 = FILL_AREA_STYLE_COLOUR('',#10407);
#12534 = SURFACE_STYLE_RENDERING_WITH_PROPERTIES(.NORMAL_SHADING.,#10407
  ,(#12535));
#12535 = SURFACE_STYLE_TRANSPARENT(0.);
#12536 = OVER_RIDING_STYLED_ITEM('overriding color',(#12537),#7881,
  #10400);
#12537 = PRESENTATION_STYLE_ASSIGNMENT((#12538));
#12538 = SURFACE_STYLE_USAGE(.BOTH.,#12539);
#12539 = SURFACE_SIDE_STYLE('',(#12540,#12543));
#12540 = SURFACE_STYLE_FILL_AREA(#12541);
#12541 = FILL_AREA_STYLE('',(#12542));
#12542 = FILL_AREA_STYLE_COLOUR('',#10407);
#12543 = SURFACE_STYLE_RENDERING_WITH_PROPERTIES(.NORMAL_SHADING.,#10407
  ,(#12544));
#12544 = SURFACE_STYLE_TRANSPARENT(0.);
#12545 = OVER_RIDING_STYLED_ITEM('overriding color',(#12546),#7908,
  #10400);
#12546 = PRESENTATION_STYLE_ASSIGNMENT((#12547));
#12547 = SURFACE_STYLE_USAGE(.BOTH.,#12548);
#12548 = SURFACE_SIDE_STYLE('',(#12549,#12552));
#12549 = SURFACE_STYLE_FILL_AREA(#12550);
#12550 = FILL_AREA_STYLE('',(#12551));
#12551 = FILL_AREA_STYLE_COLOUR('',#10407);
#12552 = SURFACE_STYLE_RENDERING_WITH_PROPERTIES(.NORMAL_SHADING.,#10407
  ,(#12553));
#12553 = SURFACE_STYLE_TRANSPARENT(0.);
#12554 = OVER_RIDING_STYLED_ITEM('overriding color',(#12555),#7942,
  #10400);
#12555 = PRESENTATION_STYLE_ASSIGNMENT((#12556));
#12556 = SURFACE_STYLE_USAGE(.BOTH.,#12557);
#12557 = SURFACE_SIDE_STYLE('',(#12558,#12561));
#12558 = SURFACE_STYLE_FILL_AREA(#12559);
#12559 = FILL_AREA_STYLE('',(#12560));
#12560 = FILL_AREA_STYLE_COLOUR('',#10407);
#12561 = SURFACE_STYLE_RENDERING_WITH_PROPERTIES(.NORMAL_SHADING.,#10407
  ,(#12562));
#12562 = SURFACE_STYLE_TRANSPARENT(0.);
#12563 = OVER_RIDING_STYLED_ITEM('overriding color',(#12564),#7954,
  #10400);
#12564 = PRESENTATION_STYLE_ASSIGNMENT((#12565));
#12565 = SURFACE_STYLE_USAGE(.BOTH.,#12566);
#12566 = SURFACE_SIDE_STYLE('',(#12567,#12570));
#12567 = SURFACE_STYLE_FILL_AREA(#12568);
#12568 = FILL_AREA_STYLE('',(#12569));
#12569 = FILL_AREA_STYLE_COLOUR('',#10697);
#12570 = SURFACE_STYLE_RENDERING_WITH_PROPERTIES(.NORMAL_SHADING.,#10697
  ,(#12571));
#12571 = SURFACE_STYLE_TRANSPARENT(0.);
#12572 = OVER_RIDING_STYLED_ITEM('overriding color',(#12573),#8010,
  #10400);
#12573 = PRESENTATION_STYLE_ASSIGNMENT((#12574));
#12574 = SURFACE_STYLE_USAGE(.BOTH.,#12575);
#12575 = SURFACE_SIDE_STYLE('',(#12576,#12579));
#12576 = SURFACE_STYLE_FILL_AREA(#12577);
#12577 = FILL_AREA_STYLE('',(#12578));
#12578 = FILL_AREA_STYLE_COLOUR('',#10407);
#12579 = SURFACE_STYLE_RENDERING_WITH_PROPERTIES(.NORMAL_SHADING.,#10407
  ,(#12580));
#12580 = SURFACE_STYLE_TRANSPARENT(0.);
#12581 = OVER_RIDING_STYLED_ITEM('overriding color',(#12582),#8022,
  #10400);
#12582 = PRESENTATION_STYLE_ASSIGNMENT((#12583));
#12583 = SURFACE_STYLE_USAGE(.BOTH.,#12584);
#12584 = SURFACE_SIDE_STYLE('',(#12585,#12588));
#12585 = SURFACE_STYLE_FILL_AREA(#12586);
#12586 = FILL_AREA_STYLE('',(#12587));
#12587 = FILL_AREA_STYLE_COLOUR('',#10407);
#12588 = SURFACE_STYLE_RENDERING_WITH_PROPERTIES(.NORMAL_SHADING.,#10407
  ,(#12589));
#12589 = SURFACE_STYLE_TRANSPARENT(0.);
#12590 = OVER_RIDING_STYLED_ITEM('overriding color',(#12591),#8039,
  #10400);
#12591 = PRESENTATION_STYLE_ASSIGNMENT((#12592));
#12592 = SURFACE_STYLE_USAGE(.BOTH.,#12593);
#12593 = SURFACE_SIDE_STYLE('',(#12594,#12597));
#12594 = SURFACE_STYLE_FILL_AREA(#12595);
#12595 = FILL_AREA_STYLE('',(#12596));
#12596 = FILL_AREA_STYLE_COLOUR('',#10407);
#12597 = SURFACE_STYLE_RENDERING_WITH_PROPERTIES(.NORMAL_SHADING.,#10407
  ,(#12598));
#12598 = SURFACE_STYLE_TRANSPARENT(0.);
#12599 = OVER_RIDING_STYLED_ITEM('overriding color',(#12600),#8050,
  #10400);
#12600 = PRESENTATION_STYLE_ASSIGNMENT((#12601));
#12601 = SURFACE_STYLE_USAGE(.BOTH.,#12602);
#12602 = SURFACE_SIDE_STYLE('',(#12603,#12606));
#12603 = SURFACE_STYLE_FILL_AREA(#12604);
#12604 = FILL_AREA_STYLE('',(#12605));
#12605 = FILL_AREA_STYLE_COLOUR('',#10407);
#12606 = SURFACE_STYLE_RENDERING_WITH_PROPERTIES(.NORMAL_SHADING.,#10407
  ,(#12607));
#12607 = SURFACE_STYLE_TRANSPARENT(0.);
#12608 = OVER_RIDING_STYLED_ITEM('overriding color',(#12609),#8061,
  #10400);
#12609 = PRESENTATION_STYLE_ASSIGNMENT((#12610));
#12610 = SURFACE_STYLE_USAGE(.BOTH.,#12611);
#12611 = SURFACE_SIDE_STYLE('',(#12612,#12615));
#12612 = SURFACE_STYLE_FILL_AREA(#12613);
#12613 = FILL_AREA_STYLE('',(#12614));
#12614 = FILL_AREA_STYLE_COLOUR('',#10697);
#12615 = SURFACE_STYLE_RENDERING_WITH_PROPERTIES(.NORMAL_SHADING.,#10697
  ,(#12616));
#12616 = SURFACE_STYLE_TRANSPARENT(0.);
#12617 = OVER_RIDING_STYLED_ITEM('overriding color',(#12618),#8228,
  #10400);
#12618 = PRESENTATION_STYLE_ASSIGNMENT((#12619));
#12619 = SURFACE_STYLE_USAGE(.BOTH.,#12620);
#12620 = SURFACE_SIDE_STYLE('',(#12621,#12624));
#12621 = SURFACE_STYLE_FILL_AREA(#12622);
#12622 = FILL_AREA_STYLE('',(#12623));
#12623 = FILL_AREA_STYLE_COLOUR('',#10697);
#12624 = SURFACE_STYLE_RENDERING_WITH_PROPERTIES(.NORMAL_SHADING.,#10697
  ,(#12625));
#12625 = SURFACE_STYLE_TRANSPARENT(0.);
#12626 = OVER_RIDING_STYLED_ITEM('overriding color',(#12627),#8252,
  #10400);
#12627 = PRESENTATION_STYLE_ASSIGNMENT((#12628));
#12628 = SURFACE_STYLE_USAGE(.BOTH.,#12629);
#12629 = SURFACE_SIDE_STYLE('',(#12630,#12633));
#12630 = SURFACE_STYLE_FILL_AREA(#12631);
#12631 = FILL_AREA_STYLE('',(#12632));
#12632 = FILL_AREA_STYLE_COLOUR('',#10697);
#12633 = SURFACE_STYLE_RENDERING_WITH_PROPERTIES(.NORMAL_SHADING.,#10697
  ,(#12634));
#12634 = SURFACE_STYLE_TRANSPARENT(0.);
#12635 = OVER_RIDING_STYLED_ITEM('overriding color',(#12636),#8412,
  #10400);
#12636 = PRESENTATION_STYLE_ASSIGNMENT((#12637));
#12637 = SURFACE_STYLE_USAGE(.BOTH.,#12638);
#12638 = SURFACE_SIDE_STYLE('',(#12639,#12642));
#12639 = SURFACE_STYLE_FILL_AREA(#12640);
#12640 = FILL_AREA_STYLE('',(#12641));
#12641 = FILL_AREA_STYLE_COLOUR('',#10697);
#12642 = SURFACE_STYLE_RENDERING_WITH_PROPERTIES(.NORMAL_SHADING.,#10697
  ,(#12643));
#12643 = SURFACE_STYLE_TRANSPARENT(0.);
#12644 = OVER_RIDING_STYLED_ITEM('overriding color',(#12645),#8429,
  #10400);
#12645 = PRESENTATION_STYLE_ASSIGNMENT((#12646));
#12646 = SURFACE_STYLE_USAGE(.BOTH.,#12647);
#12647 = SURFACE_SIDE_STYLE('',(#12648,#12651));
#12648 = SURFACE_STYLE_FILL_AREA(#12649);
#12649 = FILL_AREA_STYLE('',(#12650));
#12650 = FILL_AREA_STYLE_COLOUR('',#10697);
#12651 = SURFACE_STYLE_RENDERING_WITH_PROPERTIES(.NORMAL_SHADING.,#10697
  ,(#12652));
#12652 = SURFACE_STYLE_TRANSPARENT(0.);
#12653 = OVER_RIDING_STYLED_ITEM('overriding color',(#12654),#8441,
  #10400);
#12654 = PRESENTATION_STYLE_ASSIGNMENT((#12655));
#12655 = SURFACE_STYLE_USAGE(.BOTH.,#12656);
#12656 = SURFACE_SIDE_STYLE('',(#12657,#12661));
#12657 = SURFACE_STYLE_FILL_AREA(#12658);
#12658 = FILL_AREA_STYLE('',(#12659));
#12659 = FILL_AREA_STYLE_COLOUR('',#12660);
#12660 = COLOUR_RGB('',0.859000020776,0.737999965183,0.495999988746);
#12661 = SURFACE_STYLE_RENDERING_WITH_PROPERTIES(.NORMAL_SHADING.,#12660
  ,(#12662));
#12662 = SURFACE_STYLE_TRANSPARENT(0.);
#12663 = OVER_RIDING_STYLED_ITEM('overriding color',(#12664),#8497,
  #10400);
#12664 = PRESENTATION_STYLE_ASSIGNMENT((#12665));
#12665 = SURFACE_STYLE_USAGE(.BOTH.,#12666);
#12666 = SURFACE_SIDE_STYLE('',(#12667,#12670));
#12667 = SURFACE_STYLE_FILL_AREA(#12668);
#12668 = FILL_AREA_STYLE('',(#12669));
#12669 = FILL_AREA_STYLE_COLOUR('',#12660);
#12670 = SURFACE_STYLE_RENDERING_WITH_PROPERTIES(.NORMAL_SHADING.,#12660
  ,(#12671));
#12671 = SURFACE_STYLE_TRANSPARENT(0.);
#12672 = OVER_RIDING_STYLED_ITEM('overriding color',(#12673),#8521,
  #10400);
#12673 = PRESENTATION_STYLE_ASSIGNMENT((#12674));
#12674 = SURFACE_STYLE_USAGE(.BOTH.,#12675);
#12675 = SURFACE_SIDE_STYLE('',(#12676,#12679));
#12676 = SURFACE_STYLE_FILL_AREA(#12677);
#12677 = FILL_AREA_STYLE('',(#12678));
#12678 = FILL_AREA_STYLE_COLOUR('',#12660);
#12679 = SURFACE_STYLE_RENDERING_WITH_PROPERTIES(.NORMAL_SHADING.,#12660
  ,(#12680));
#12680 = SURFACE_STYLE_TRANSPARENT(0.);
#12681 = OVER_RIDING_STYLED_ITEM('overriding color',(#12682),#8570,
  #10400);
#12682 = PRESENTATION_STYLE_ASSIGNMENT((#12683));
#12683 = SURFACE_STYLE_USAGE(.BOTH.,#12684);
#12684 = SURFACE_SIDE_STYLE('',(#12685,#12688));
#12685 = SURFACE_STYLE_FILL_AREA(#12686);
#12686 = FILL_AREA_STYLE('',(#12687));
#12687 = FILL_AREA_STYLE_COLOUR('',#12660);
#12688 = SURFACE_STYLE_RENDERING_WITH_PROPERTIES(.NORMAL_SHADING.,#12660
  ,(#12689));
#12689 = SURFACE_STYLE_TRANSPARENT(0.);
#12690 = OVER_RIDING_STYLED_ITEM('overriding color',(#12691),#8587,
  #10400);
#12691 = PRESENTATION_STYLE_ASSIGNMENT((#12692));
#12692 = SURFACE_STYLE_USAGE(.BOTH.,#12693);
#12693 = SURFACE_SIDE_STYLE('',(#12694,#12697));
#12694 = SURFACE_STYLE_FILL_AREA(#12695);
#12695 = FILL_AREA_STYLE('',(#12696));
#12696 = FILL_AREA_STYLE_COLOUR('',#12660);
#12697 = SURFACE_STYLE_RENDERING_WITH_PROPERTIES(.NORMAL_SHADING.,#12660
  ,(#12698));
#12698 = SURFACE_STYLE_TRANSPARENT(0.);
#12699 = OVER_RIDING_STYLED_ITEM('overriding color',(#12700),#8604,
  #10400);
#12700 = PRESENTATION_STYLE_ASSIGNMENT((#12701));
#12701 = SURFACE_STYLE_USAGE(.BOTH.,#12702);
#12702 = SURFACE_SIDE_STYLE('',(#12703,#12706));
#12703 = SURFACE_STYLE_FILL_AREA(#12704);
#12704 = FILL_AREA_STYLE('',(#12705));
#12705 = FILL_AREA_STYLE_COLOUR('',#12660);
#12706 = SURFACE_STYLE_RENDERING_WITH_PROPERTIES(.NORMAL_SHADING.,#12660
  ,(#12707));
#12707 = SURFACE_STYLE_TRANSPARENT(0.);
#12708 = OVER_RIDING_STYLED_ITEM('overriding color',(#12709),#8621,
  #10400);
#12709 = PRESENTATION_STYLE_ASSIGNMENT((#12710));
#12710 = SURFACE_STYLE_USAGE(.BOTH.,#12711);
#12711 = SURFACE_SIDE_STYLE('',(#12712,#12715));
#12712 = SURFACE_STYLE_FILL_AREA(#12713);
#12713 = FILL_AREA_STYLE('',(#12714));
#12714 = FILL_AREA_STYLE_COLOUR('',#12660);
#12715 = SURFACE_STYLE_RENDERING_WITH_PROPERTIES(.NORMAL_SHADING.,#12660
  ,(#12716));
#12716 = SURFACE_STYLE_TRANSPARENT(0.);
#12717 = OVER_RIDING_STYLED_ITEM('overriding color',(#12718),#8677,
  #10400);
#12718 = PRESENTATION_STYLE_ASSIGNMENT((#12719));
#12719 = SURFACE_STYLE_USAGE(.BOTH.,#12720);
#12720 = SURFACE_SIDE_STYLE('',(#12721,#12724));
#12721 = SURFACE_STYLE_FILL_AREA(#12722);
#12722 = FILL_AREA_STYLE('',(#12723));
#12723 = FILL_AREA_STYLE_COLOUR('',#12660);
#12724 = SURFACE_STYLE_RENDERING_WITH_PROPERTIES(.NORMAL_SHADING.,#12660
  ,(#12725));
#12725 = SURFACE_STYLE_TRANSPARENT(0.);
#12726 = OVER_RIDING_STYLED_ITEM('overriding color',(#12727),#8701,
  #10400);
#12727 = PRESENTATION_STYLE_ASSIGNMENT((#12728));
#12728 = SURFACE_STYLE_USAGE(.BOTH.,#12729);
#12729 = SURFACE_SIDE_STYLE('',(#12730,#12733));
#12730 = SURFACE_STYLE_FILL_AREA(#12731);
#12731 = FILL_AREA_STYLE('',(#12732));
#12732 = FILL_AREA_STYLE_COLOUR('',#12660);
#12733 = SURFACE_STYLE_RENDERING_WITH_PROPERTIES(.NORMAL_SHADING.,#12660
  ,(#12734));
#12734 = SURFACE_STYLE_TRANSPARENT(0.);
#12735 = OVER_RIDING_STYLED_ITEM('overriding color',(#12736),#8750,
  #10400);
#12736 = PRESENTATION_STYLE_ASSIGNMENT((#12737));
#12737 = SURFACE_STYLE_USAGE(.BOTH.,#12738);
#12738 = SURFACE_SIDE_STYLE('',(#12739,#12742));
#12739 = SURFACE_STYLE_FILL_AREA(#12740);
#12740 = FILL_AREA_STYLE('',(#12741));
#12741 = FILL_AREA_STYLE_COLOUR('',#12660);
#12742 = SURFACE_STYLE_RENDERING_WITH_PROPERTIES(.NORMAL_SHADING.,#12660
  ,(#12743));
#12743 = SURFACE_STYLE_TRANSPARENT(0.);
#12744 = OVER_RIDING_STYLED_ITEM('overriding color',(#12745),#8767,
  #10400);
#12745 = PRESENTATION_STYLE_ASSIGNMENT((#12746));
#12746 = SURFACE_STYLE_USAGE(.BOTH.,#12747);
#12747 = SURFACE_SIDE_STYLE('',(#12748,#12751));
#12748 = SURFACE_STYLE_FILL_AREA(#12749);
#12749 = FILL_AREA_STYLE('',(#12750));
#12750 = FILL_AREA_STYLE_COLOUR('',#12660);
#12751 = SURFACE_STYLE_RENDERING_WITH_PROPERTIES(.NORMAL_SHADING.,#12660
  ,(#12752));
#12752 = SURFACE_STYLE_TRANSPARENT(0.);
#12753 = OVER_RIDING_STYLED_ITEM('overriding color',(#12754),#8784,
  #10400);
#12754 = PRESENTATION_STYLE_ASSIGNMENT((#12755));
#12755 = SURFACE_STYLE_USAGE(.BOTH.,#12756);
#12756 = SURFACE_SIDE_STYLE('',(#12757,#12760));
#12757 = SURFACE_STYLE_FILL_AREA(#12758);
#12758 = FILL_AREA_STYLE('',(#12759));
#12759 = FILL_AREA_STYLE_COLOUR('',#12660);
#12760 = SURFACE_STYLE_RENDERING_WITH_PROPERTIES(.NORMAL_SHADING.,#12660
  ,(#12761));
#12761 = SURFACE_STYLE_TRANSPARENT(0.);
#12762 = OVER_RIDING_STYLED_ITEM('overriding color',(#12763),#8801,
  #10400);
#12763 = PRESENTATION_STYLE_ASSIGNMENT((#12764));
#12764 = SURFACE_STYLE_USAGE(.BOTH.,#12765);
#12765 = SURFACE_SIDE_STYLE('',(#12766,#12769));
#12766 = SURFACE_STYLE_FILL_AREA(#12767);
#12767 = FILL_AREA_STYLE('',(#12768));
#12768 = FILL_AREA_STYLE_COLOUR('',#12660);
#12769 = SURFACE_STYLE_RENDERING_WITH_PROPERTIES(.NORMAL_SHADING.,#12660
  ,(#12770));
#12770 = SURFACE_STYLE_TRANSPARENT(0.);
#12771 = OVER_RIDING_STYLED_ITEM('overriding color',(#12772),#8857,
  #10400);
#12772 = PRESENTATION_STYLE_ASSIGNMENT((#12773));
#12773 = SURFACE_STYLE_USAGE(.BOTH.,#12774);
#12774 = SURFACE_SIDE_STYLE('',(#12775,#12778));
#12775 = SURFACE_STYLE_FILL_AREA(#12776);
#12776 = FILL_AREA_STYLE('',(#12777));
#12777 = FILL_AREA_STYLE_COLOUR('',#12660);
#12778 = SURFACE_STYLE_RENDERING_WITH_PROPERTIES(.NORMAL_SHADING.,#12660
  ,(#12779));
#12779 = SURFACE_STYLE_TRANSPARENT(0.);
#12780 = OVER_RIDING_STYLED_ITEM('overriding color',(#12781),#8881,
  #10400);
#12781 = PRESENTATION_STYLE_ASSIGNMENT((#12782));
#12782 = SURFACE_STYLE_USAGE(.BOTH.,#12783);
#12783 = SURFACE_SIDE_STYLE('',(#12784,#12787));
#12784 = SURFACE_STYLE_FILL_AREA(#12785);
#12785 = FILL_AREA_STYLE('',(#12786));
#12786 = FILL_AREA_STYLE_COLOUR('',#12660);
#12787 = SURFACE_STYLE_RENDERING_WITH_PROPERTIES(.NORMAL_SHADING.,#12660
  ,(#12788));
#12788 = SURFACE_STYLE_TRANSPARENT(0.);
#12789 = OVER_RIDING_STYLED_ITEM('overriding color',(#12790),#8930,
  #10400);
#12790 = PRESENTATION_STYLE_ASSIGNMENT((#12791));
#12791 = SURFACE_STYLE_USAGE(.BOTH.,#12792);
#12792 = SURFACE_SIDE_STYLE('',(#12793,#12796));
#12793 = SURFACE_STYLE_FILL_AREA(#12794);
#12794 = FILL_AREA_STYLE('',(#12795));
#12795 = FILL_AREA_STYLE_COLOUR('',#12660);
#12796 = SURFACE_STYLE_RENDERING_WITH_PROPERTIES(.NORMAL_SHADING.,#12660
  ,(#12797));
#12797 = SURFACE_STYLE_TRANSPARENT(0.);
#12798 = OVER_RIDING_STYLED_ITEM('overriding color',(#12799),#8947,
  #10400);
#12799 = PRESENTATION_STYLE_ASSIGNMENT((#12800));
#12800 = SURFACE_STYLE_USAGE(.BOTH.,#12801);
#12801 = SURFACE_SIDE_STYLE('',(#12802,#12805));
#12802 = SURFACE_STYLE_FILL_AREA(#12803);
#12803 = FILL_AREA_STYLE('',(#12804));
#12804 = FILL_AREA_STYLE_COLOUR('',#12660);
#12805 = SURFACE_STYLE_RENDERING_WITH_PROPERTIES(.NORMAL_SHADING.,#12660
  ,(#12806));
#12806 = SURFACE_STYLE_TRANSPARENT(0.);
#12807 = OVER_RIDING_STYLED_ITEM('overriding color',(#12808),#8964,
  #10400);
#12808 = PRESENTATION_STYLE_ASSIGNMENT((#12809));
#12809 = SURFACE_STYLE_USAGE(.BOTH.,#12810);
#12810 = SURFACE_SIDE_STYLE('',(#12811,#12814));
#12811 = SURFACE_STYLE_FILL_AREA(#12812);
#12812 = FILL_AREA_STYLE('',(#12813));
#12813 = FILL_AREA_STYLE_COLOUR('',#12660);
#12814 = SURFACE_STYLE_RENDERING_WITH_PROPERTIES(.NORMAL_SHADING.,#12660
  ,(#12815));
#12815 = SURFACE_STYLE_TRANSPARENT(0.);
#12816 = OVER_RIDING_STYLED_ITEM('overriding color',(#12817),#8981,
  #10400);
#12817 = PRESENTATION_STYLE_ASSIGNMENT((#12818));
#12818 = SURFACE_STYLE_USAGE(.BOTH.,#12819);
#12819 = SURFACE_SIDE_STYLE('',(#12820,#12823));
#12820 = SURFACE_STYLE_FILL_AREA(#12821);
#12821 = FILL_AREA_STYLE('',(#12822));
#12822 = FILL_AREA_STYLE_COLOUR('',#12660);
#12823 = SURFACE_STYLE_RENDERING_WITH_PROPERTIES(.NORMAL_SHADING.,#12660
  ,(#12824));
#12824 = SURFACE_STYLE_TRANSPARENT(0.);
#12825 = OVER_RIDING_STYLED_ITEM('overriding color',(#12826),#9037,
  #10400);
#12826 = PRESENTATION_STYLE_ASSIGNMENT((#12827));
#12827 = SURFACE_STYLE_USAGE(.BOTH.,#12828);
#12828 = SURFACE_SIDE_STYLE('',(#12829,#12832));
#12829 = SURFACE_STYLE_FILL_AREA(#12830);
#12830 = FILL_AREA_STYLE('',(#12831));
#12831 = FILL_AREA_STYLE_COLOUR('',#12660);
#12832 = SURFACE_STYLE_RENDERING_WITH_PROPERTIES(.NORMAL_SHADING.,#12660
  ,(#12833));
#12833 = SURFACE_STYLE_TRANSPARENT(0.);
#12834 = OVER_RIDING_STYLED_ITEM('overriding color',(#12835),#9061,
  #10400);
#12835 = PRESENTATION_STYLE_ASSIGNMENT((#12836));
#12836 = SURFACE_STYLE_USAGE(.BOTH.,#12837);
#12837 = SURFACE_SIDE_STYLE('',(#12838,#12841));
#12838 = SURFACE_STYLE_FILL_AREA(#12839);
#12839 = FILL_AREA_STYLE('',(#12840));
#12840 = FILL_AREA_STYLE_COLOUR('',#12660);
#12841 = SURFACE_STYLE_RENDERING_WITH_PROPERTIES(.NORMAL_SHADING.,#12660
  ,(#12842));
#12842 = SURFACE_STYLE_TRANSPARENT(0.);
#12843 = OVER_RIDING_STYLED_ITEM('overriding color',(#12844),#9110,
  #10400);
#12844 = PRESENTATION_STYLE_ASSIGNMENT((#12845));
#12845 = SURFACE_STYLE_USAGE(.BOTH.,#12846);
#12846 = SURFACE_SIDE_STYLE('',(#12847,#12850));
#12847 = SURFACE_STYLE_FILL_AREA(#12848);
#12848 = FILL_AREA_STYLE('',(#12849));
#12849 = FILL_AREA_STYLE_COLOUR('',#12660);
#12850 = SURFACE_STYLE_RENDERING_WITH_PROPERTIES(.NORMAL_SHADING.,#12660
  ,(#12851));
#12851 = SURFACE_STYLE_TRANSPARENT(0.);
#12852 = OVER_RIDING_STYLED_ITEM('overriding color',(#12853),#9127,
  #10400);
#12853 = PRESENTATION_STYLE_ASSIGNMENT((#12854));
#12854 = SURFACE_STYLE_USAGE(.BOTH.,#12855);
#12855 = SURFACE_SIDE_STYLE('',(#12856,#12859));
#12856 = SURFACE_STYLE_FILL_AREA(#12857);
#12857 = FILL_AREA_STYLE('',(#12858));
#12858 = FILL_AREA_STYLE_COLOUR('',#12660);
#12859 = SURFACE_STYLE_RENDERING_WITH_PROPERTIES(.NORMAL_SHADING.,#12660
  ,(#12860));
#12860 = SURFACE_STYLE_TRANSPARENT(0.);
#12861 = OVER_RIDING_STYLED_ITEM('overriding color',(#12862),#9144,
  #10400);
#12862 = PRESENTATION_STYLE_ASSIGNMENT((#12863));
#12863 = SURFACE_STYLE_USAGE(.BOTH.,#12864);
#12864 = SURFACE_SIDE_STYLE('',(#12865,#12868));
#12865 = SURFACE_STYLE_FILL_AREA(#12866);
#12866 = FILL_AREA_STYLE('',(#12867));
#12867 = FILL_AREA_STYLE_COLOUR('',#12660);
#12868 = SURFACE_STYLE_RENDERING_WITH_PROPERTIES(.NORMAL_SHADING.,#12660
  ,(#12869));
#12869 = SURFACE_STYLE_TRANSPARENT(0.);
#12870 = OVER_RIDING_STYLED_ITEM('overriding color',(#12871),#9161,
  #10400);
#12871 = PRESENTATION_STYLE_ASSIGNMENT((#12872));
#12872 = SURFACE_STYLE_USAGE(.BOTH.,#12873);
#12873 = SURFACE_SIDE_STYLE('',(#12874,#12877));
#12874 = SURFACE_STYLE_FILL_AREA(#12875);
#12875 = FILL_AREA_STYLE('',(#12876));
#12876 = FILL_AREA_STYLE_COLOUR('',#12660);
#12877 = SURFACE_STYLE_RENDERING_WITH_PROPERTIES(.NORMAL_SHADING.,#12660
  ,(#12878));
#12878 = SURFACE_STYLE_TRANSPARENT(0.);
#12879 = OVER_RIDING_STYLED_ITEM('overriding color',(#12880),#9173,
  #10400);
#12880 = PRESENTATION_STYLE_ASSIGNMENT((#12881));
#12881 = SURFACE_STYLE_USAGE(.BOTH.,#12882);
#12882 = SURFACE_SIDE_STYLE('',(#12883,#12886));
#12883 = SURFACE_STYLE_FILL_AREA(#12884);
#12884 = FILL_AREA_STYLE('',(#12885));
#12885 = FILL_AREA_STYLE_COLOUR('',#12660);
#12886 = SURFACE_STYLE_RENDERING_WITH_PROPERTIES(.NORMAL_SHADING.,#12660
  ,(#12887));
#12887 = SURFACE_STYLE_TRANSPARENT(0.);
#12888 = OVER_RIDING_STYLED_ITEM('overriding color',(#12889),#9185,
  #10400);
#12889 = PRESENTATION_STYLE_ASSIGNMENT((#12890));
#12890 = SURFACE_STYLE_USAGE(.BOTH.,#12891);
#12891 = SURFACE_SIDE_STYLE('',(#12892,#12895));
#12892 = SURFACE_STYLE_FILL_AREA(#12893);
#12893 = FILL_AREA_STYLE('',(#12894));
#12894 = FILL_AREA_STYLE_COLOUR('',#12660);
#12895 = SURFACE_STYLE_RENDERING_WITH_PROPERTIES(.NORMAL_SHADING.,#12660
  ,(#12896));
#12896 = SURFACE_STYLE_TRANSPARENT(0.);
#12897 = OVER_RIDING_STYLED_ITEM('overriding color',(#12898),#9197,
  #10400);
#12898 = PRESENTATION_STYLE_ASSIGNMENT((#12899));
#12899 = SURFACE_STYLE_USAGE(.BOTH.,#12900);
#12900 = SURFACE_SIDE_STYLE('',(#12901,#12904));
#12901 = SURFACE_STYLE_FILL_AREA(#12902);
#12902 = FILL_AREA_STYLE('',(#12903));
#12903 = FILL_AREA_STYLE_COLOUR('',#12660);
#12904 = SURFACE_STYLE_RENDERING_WITH_PROPERTIES(.NORMAL_SHADING.,#12660
  ,(#12905));
#12905 = SURFACE_STYLE_TRANSPARENT(0.);
#12906 = OVER_RIDING_STYLED_ITEM('overriding color',(#12907),#9209,
  #10400);
#12907 = PRESENTATION_STYLE_ASSIGNMENT((#12908));
#12908 = SURFACE_STYLE_USAGE(.BOTH.,#12909);
#12909 = SURFACE_SIDE_STYLE('',(#12910,#12913));
#12910 = SURFACE_STYLE_FILL_AREA(#12911);
#12911 = FILL_AREA_STYLE('',(#12912));
#12912 = FILL_AREA_STYLE_COLOUR('',#12660);
#12913 = SURFACE_STYLE_RENDERING_WITH_PROPERTIES(.NORMAL_SHADING.,#12660
  ,(#12914));
#12914 = SURFACE_STYLE_TRANSPARENT(0.);
#12915 = OVER_RIDING_STYLED_ITEM('overriding color',(#12916),#9221,
  #10400);
#12916 = PRESENTATION_STYLE_ASSIGNMENT((#12917));
#12917 = SURFACE_STYLE_USAGE(.BOTH.,#12918);
#12918 = SURFACE_SIDE_STYLE('',(#12919,#12922));
#12919 = SURFACE_STYLE_FILL_AREA(#12920);
#12920 = FILL_AREA_STYLE('',(#12921));
#12921 = FILL_AREA_STYLE_COLOUR('',#12660);
#12922 = SURFACE_STYLE_RENDERING_WITH_PROPERTIES(.NORMAL_SHADING.,#12660
  ,(#12923));
#12923 = SURFACE_STYLE_TRANSPARENT(0.);
#12924 = OVER_RIDING_STYLED_ITEM('overriding color',(#12925),#9233,
  #10400);
#12925 = PRESENTATION_STYLE_ASSIGNMENT((#12926));
#12926 = SURFACE_STYLE_USAGE(.BOTH.,#12927);
#12927 = SURFACE_SIDE_STYLE('',(#12928,#12931));
#12928 = SURFACE_STYLE_FILL_AREA(#12929);
#12929 = FILL_AREA_STYLE('',(#12930));
#12930 = FILL_AREA_STYLE_COLOUR('',#12660);
#12931 = SURFACE_STYLE_RENDERING_WITH_PROPERTIES(.NORMAL_SHADING.,#12660
  ,(#12932));
#12932 = SURFACE_STYLE_TRANSPARENT(0.);
#12933 = OVER_RIDING_STYLED_ITEM('overriding color',(#12934),#9245,
  #10400);
#12934 = PRESENTATION_STYLE_ASSIGNMENT((#12935));
#12935 = SURFACE_STYLE_USAGE(.BOTH.,#12936);
#12936 = SURFACE_SIDE_STYLE('',(#12937,#12940));
#12937 = SURFACE_STYLE_FILL_AREA(#12938);
#12938 = FILL_AREA_STYLE('',(#12939));
#12939 = FILL_AREA_STYLE_COLOUR('',#12660);
#12940 = SURFACE_STYLE_RENDERING_WITH_PROPERTIES(.NORMAL_SHADING.,#12660
  ,(#12941));
#12941 = SURFACE_STYLE_TRANSPARENT(0.);
#12942 = OVER_RIDING_STYLED_ITEM('overriding color',(#12943),#9257,
  #10400);
#12943 = PRESENTATION_STYLE_ASSIGNMENT((#12944));
#12944 = SURFACE_STYLE_USAGE(.BOTH.,#12945);
#12945 = SURFACE_SIDE_STYLE('',(#12946,#12949));
#12946 = SURFACE_STYLE_FILL_AREA(#12947);
#12947 = FILL_AREA_STYLE('',(#12948));
#12948 = FILL_AREA_STYLE_COLOUR('',#12660);
#12949 = SURFACE_STYLE_RENDERING_WITH_PROPERTIES(.NORMAL_SHADING.,#12660
  ,(#12950));
#12950 = SURFACE_STYLE_TRANSPARENT(0.);
#12951 = OVER_RIDING_STYLED_ITEM('overriding color',(#12952),#9337,
  #10400);
#12952 = PRESENTATION_STYLE_ASSIGNMENT((#12953));
#12953 = SURFACE_STYLE_USAGE(.BOTH.,#12954);
#12954 = SURFACE_SIDE_STYLE('',(#12955,#12958));
#12955 = SURFACE_STYLE_FILL_AREA(#12956);
#12956 = FILL_AREA_STYLE('',(#12957));
#12957 = FILL_AREA_STYLE_COLOUR('',#12660);
#12958 = SURFACE_STYLE_RENDERING_WITH_PROPERTIES(.NORMAL_SHADING.,#12660
  ,(#12959));
#12959 = SURFACE_STYLE_TRANSPARENT(0.);
#12960 = OVER_RIDING_STYLED_ITEM('overriding color',(#12961),#9368,
  #10400);
#12961 = PRESENTATION_STYLE_ASSIGNMENT((#12962));
#12962 = SURFACE_STYLE_USAGE(.BOTH.,#12963);
#12963 = SURFACE_SIDE_STYLE('',(#12964,#12967));
#12964 = SURFACE_STYLE_FILL_AREA(#12965);
#12965 = FILL_AREA_STYLE('',(#12966));
#12966 = FILL_AREA_STYLE_COLOUR('',#12660);
#12967 = SURFACE_STYLE_RENDERING_WITH_PROPERTIES(.NORMAL_SHADING.,#12660
  ,(#12968));
#12968 = SURFACE_STYLE_TRANSPARENT(0.);
#12969 = OVER_RIDING_STYLED_ITEM('overriding color',(#12970),#9426,
  #10400);
#12970 = PRESENTATION_STYLE_ASSIGNMENT((#12971));
#12971 = SURFACE_STYLE_USAGE(.BOTH.,#12972);
#12972 = SURFACE_SIDE_STYLE('',(#12973,#12976));
#12973 = SURFACE_STYLE_FILL_AREA(#12974);
#12974 = FILL_AREA_STYLE('',(#12975));
#12975 = FILL_AREA_STYLE_COLOUR('',#12660);
#12976 = SURFACE_STYLE_RENDERING_WITH_PROPERTIES(.NORMAL_SHADING.,#12660
  ,(#12977));
#12977 = SURFACE_STYLE_TRANSPARENT(0.);
#12978 = OVER_RIDING_STYLED_ITEM('overriding color',(#12979),#9450,
  #10400);
#12979 = PRESENTATION_STYLE_ASSIGNMENT((#12980));
#12980 = SURFACE_STYLE_USAGE(.BOTH.,#12981);
#12981 = SURFACE_SIDE_STYLE('',(#12982,#12985));
#12982 = SURFACE_STYLE_FILL_AREA(#12983);
#12983 = FILL_AREA_STYLE('',(#12984));
#12984 = FILL_AREA_STYLE_COLOUR('',#12660);
#12985 = SURFACE_STYLE_RENDERING_WITH_PROPERTIES(.NORMAL_SHADING.,#12660
  ,(#12986));
#12986 = SURFACE_STYLE_TRANSPARENT(0.);
#12987 = OVER_RIDING_STYLED_ITEM('overriding color',(#12988),#9501,
  #10400);
#12988 = PRESENTATION_STYLE_ASSIGNMENT((#12989));
#12989 = SURFACE_STYLE_USAGE(.BOTH.,#12990);
#12990 = SURFACE_SIDE_STYLE('',(#12991,#12994));
#12991 = SURFACE_STYLE_FILL_AREA(#12992);
#12992 = FILL_AREA_STYLE('',(#12993));
#12993 = FILL_AREA_STYLE_COLOUR('',#12660);
#12994 = SURFACE_STYLE_RENDERING_WITH_PROPERTIES(.NORMAL_SHADING.,#12660
  ,(#12995));
#12995 = SURFACE_STYLE_TRANSPARENT(0.);
#12996 = OVER_RIDING_STYLED_ITEM('overriding color',(#12997),#9518,
  #10400);
#12997 = PRESENTATION_STYLE_ASSIGNMENT((#12998));
#12998 = SURFACE_STYLE_USAGE(.BOTH.,#12999);
#12999 = SURFACE_SIDE_STYLE('',(#13000,#13003));
#13000 = SURFACE_STYLE_FILL_AREA(#13001);
#13001 = FILL_AREA_STYLE('',(#13002));
#13002 = FILL_AREA_STYLE_COLOUR('',#12660);
#13003 = SURFACE_STYLE_RENDERING_WITH_PROPERTIES(.NORMAL_SHADING.,#12660
  ,(#13004));
#13004 = SURFACE_STYLE_TRANSPARENT(0.);
#13005 = OVER_RIDING_STYLED_ITEM('overriding color',(#13006),#9535,
  #10400);
#13006 = PRESENTATION_STYLE_ASSIGNMENT((#13007));
#13007 = SURFACE_STYLE_USAGE(.BOTH.,#13008);
#13008 = SURFACE_SIDE_STYLE('',(#13009,#13012));
#13009 = SURFACE_STYLE_FILL_AREA(#13010);
#13010 = FILL_AREA_STYLE('',(#13011));
#13011 = FILL_AREA_STYLE_COLOUR('',#12660);
#13012 = SURFACE_STYLE_RENDERING_WITH_PROPERTIES(.NORMAL_SHADING.,#12660
  ,(#13013));
#13013 = SURFACE_STYLE_TRANSPARENT(0.);
#13014 = OVER_RIDING_STYLED_ITEM('overriding color',(#13015),#9552,
  #10400);
#13015 = PRESENTATION_STYLE_ASSIGNMENT((#13016));
#13016 = SURFACE_STYLE_USAGE(.BOTH.,#13017);
#13017 = SURFACE_SIDE_STYLE('',(#13018,#13021));
#13018 = SURFACE_STYLE_FILL_AREA(#13019);
#13019 = FILL_AREA_STYLE('',(#13020));
#13020 = FILL_AREA_STYLE_COLOUR('',#12660);
#13021 = SURFACE_STYLE_RENDERING_WITH_PROPERTIES(.NORMAL_SHADING.,#12660
  ,(#13022));
#13022 = SURFACE_STYLE_TRANSPARENT(0.);
#13023 = OVER_RIDING_STYLED_ITEM('overriding color',(#13024),#9569,
  #10400);
#13024 = PRESENTATION_STYLE_ASSIGNMENT((#13025));
#13025 = SURFACE_STYLE_USAGE(.BOTH.,#13026);
#13026 = SURFACE_SIDE_STYLE('',(#13027,#13030));
#13027 = SURFACE_STYLE_FILL_AREA(#13028);
#13028 = FILL_AREA_STYLE('',(#13029));
#13029 = FILL_AREA_STYLE_COLOUR('',#12660);
#13030 = SURFACE_STYLE_RENDERING_WITH_PROPERTIES(.NORMAL_SHADING.,#12660
  ,(#13031));
#13031 = SURFACE_STYLE_TRANSPARENT(0.);
#13032 = OVER_RIDING_STYLED_ITEM('overriding color',(#13033),#9581,
  #10400);
#13033 = PRESENTATION_STYLE_ASSIGNMENT((#13034));
#13034 = SURFACE_STYLE_USAGE(.BOTH.,#13035);
#13035 = SURFACE_SIDE_STYLE('',(#13036,#13039));
#13036 = SURFACE_STYLE_FILL_AREA(#13037);
#13037 = FILL_AREA_STYLE('',(#13038));
#13038 = FILL_AREA_STYLE_COLOUR('',#12660);
#13039 = SURFACE_STYLE_RENDERING_WITH_PROPERTIES(.NORMAL_SHADING.,#12660
  ,(#13040));
#13040 = SURFACE_STYLE_TRANSPARENT(0.);
#13041 = OVER_RIDING_STYLED_ITEM('overriding color',(#13042),#9612,
  #10400);
#13042 = PRESENTATION_STYLE_ASSIGNMENT((#13043));
#13043 = SURFACE_STYLE_USAGE(.BOTH.,#13044);
#13044 = SURFACE_SIDE_STYLE('',(#13045,#13048));
#13045 = SURFACE_STYLE_FILL_AREA(#13046);
#13046 = FILL_AREA_STYLE('',(#13047));
#13047 = FILL_AREA_STYLE_COLOUR('',#12660);
#13048 = SURFACE_STYLE_RENDERING_WITH_PROPERTIES(.NORMAL_SHADING.,#12660
  ,(#13049));
#13049 = SURFACE_STYLE_TRANSPARENT(0.);
#13050 = OVER_RIDING_STYLED_ITEM('overriding color',(#13051),#9670,
  #10400);
#13051 = PRESENTATION_STYLE_ASSIGNMENT((#13052));
#13052 = SURFACE_STYLE_USAGE(.BOTH.,#13053);
#13053 = SURFACE_SIDE_STYLE('',(#13054,#13057));
#13054 = SURFACE_STYLE_FILL_AREA(#13055);
#13055 = FILL_AREA_STYLE('',(#13056));
#13056 = FILL_AREA_STYLE_COLOUR('',#12660);
#13057 = SURFACE_STYLE_RENDERING_WITH_PROPERTIES(.NORMAL_SHADING.,#12660
  ,(#13058));
#13058 = SURFACE_STYLE_TRANSPARENT(0.);
#13059 = OVER_RIDING_STYLED_ITEM('overriding color',(#13060),#9694,
  #10400);
#13060 = PRESENTATION_STYLE_ASSIGNMENT((#13061));
#13061 = SURFACE_STYLE_USAGE(.BOTH.,#13062);
#13062 = SURFACE_SIDE_STYLE('',(#13063,#13066));
#13063 = SURFACE_STYLE_FILL_AREA(#13064);
#13064 = FILL_AREA_STYLE('',(#13065));
#13065 = FILL_AREA_STYLE_COLOUR('',#12660);
#13066 = SURFACE_STYLE_RENDERING_WITH_PROPERTIES(.NORMAL_SHADING.,#12660
  ,(#13067));
#13067 = SURFACE_STYLE_TRANSPARENT(0.);
#13068 = OVER_RIDING_STYLED_ITEM('overriding color',(#13069),#9719,
  #10400);
#13069 = PRESENTATION_STYLE_ASSIGNMENT((#13070));
#13070 = SURFACE_STYLE_USAGE(.BOTH.,#13071);
#13071 = SURFACE_SIDE_STYLE('',(#13072,#13075));
#13072 = SURFACE_STYLE_FILL_AREA(#13073);
#13073 = FILL_AREA_STYLE('',(#13074));
#13074 = FILL_AREA_STYLE_COLOUR('',#12660);
#13075 = SURFACE_STYLE_RENDERING_WITH_PROPERTIES(.NORMAL_SHADING.,#12660
  ,(#13076));
#13076 = SURFACE_STYLE_TRANSPARENT(0.);
#13077 = OVER_RIDING_STYLED_ITEM('overriding color',(#13078),#9762,
  #10400);
#13078 = PRESENTATION_STYLE_ASSIGNMENT((#13079));
#13079 = SURFACE_STYLE_USAGE(.BOTH.,#13080);
#13080 = SURFACE_SIDE_STYLE('',(#13081,#13084));
#13081 = SURFACE_STYLE_FILL_AREA(#13082);
#13082 = FILL_AREA_STYLE('',(#13083));
#13083 = FILL_AREA_STYLE_COLOUR('',#12660);
#13084 = SURFACE_STYLE_RENDERING_WITH_PROPERTIES(.NORMAL_SHADING.,#12660
  ,(#13085));
#13085 = SURFACE_STYLE_TRANSPARENT(0.);
#13086 = OVER_RIDING_STYLED_ITEM('overriding color',(#13087),#9779,
  #10400);
#13087 = PRESENTATION_STYLE_ASSIGNMENT((#13088));
#13088 = SURFACE_STYLE_USAGE(.BOTH.,#13089);
#13089 = SURFACE_SIDE_STYLE('',(#13090,#13093));
#13090 = SURFACE_STYLE_FILL_AREA(#13091);
#13091 = FILL_AREA_STYLE('',(#13092));
#13092 = FILL_AREA_STYLE_COLOUR('',#12660);
#13093 = SURFACE_STYLE_RENDERING_WITH_PROPERTIES(.NORMAL_SHADING.,#12660
  ,(#13094));
#13094 = SURFACE_STYLE_TRANSPARENT(0.);
#13095 = OVER_RIDING_STYLED_ITEM('overriding color',(#13096),#9796,
  #10400);
#13096 = PRESENTATION_STYLE_ASSIGNMENT((#13097));
#13097 = SURFACE_STYLE_USAGE(.BOTH.,#13098);
#13098 = SURFACE_SIDE_STYLE('',(#13099,#13102));
#13099 = SURFACE_STYLE_FILL_AREA(#13100);
#13100 = FILL_AREA_STYLE('',(#13101));
#13101 = FILL_AREA_STYLE_COLOUR('',#12660);
#13102 = SURFACE_STYLE_RENDERING_WITH_PROPERTIES(.NORMAL_SHADING.,#12660
  ,(#13103));
#13103 = SURFACE_STYLE_TRANSPARENT(0.);
#13104 = OVER_RIDING_STYLED_ITEM('overriding color',(#13105),#9813,
  #10400);
#13105 = PRESENTATION_STYLE_ASSIGNMENT((#13106));
#13106 = SURFACE_STYLE_USAGE(.BOTH.,#13107);
#13107 = SURFACE_SIDE_STYLE('',(#13108,#13111));
#13108 = SURFACE_STYLE_FILL_AREA(#13109);
#13109 = FILL_AREA_STYLE('',(#13110));
#13110 = FILL_AREA_STYLE_COLOUR('',#12660);
#13111 = SURFACE_STYLE_RENDERING_WITH_PROPERTIES(.NORMAL_SHADING.,#12660
  ,(#13112));
#13112 = SURFACE_STYLE_TRANSPARENT(0.);
#13113 = OVER_RIDING_STYLED_ITEM('overriding color',(#13114),#9825,
  #10400);
#13114 = PRESENTATION_STYLE_ASSIGNMENT((#13115));
#13115 = SURFACE_STYLE_USAGE(.BOTH.,#13116);
#13116 = SURFACE_SIDE_STYLE('',(#13117,#13120));
#13117 = SURFACE_STYLE_FILL_AREA(#13118);
#13118 = FILL_AREA_STYLE('',(#13119));
#13119 = FILL_AREA_STYLE_COLOUR('',#12660);
#13120 = SURFACE_STYLE_RENDERING_WITH_PROPERTIES(.NORMAL_SHADING.,#12660
  ,(#13121));
#13121 = SURFACE_STYLE_TRANSPARENT(0.);
#13122 = OVER_RIDING_STYLED_ITEM('overriding color',(#13123),#9905,
  #10400);
#13123 = PRESENTATION_STYLE_ASSIGNMENT((#13124));
#13124 = SURFACE_STYLE_USAGE(.BOTH.,#13125);
#13125 = SURFACE_SIDE_STYLE('',(#13126,#13129));
#13126 = SURFACE_STYLE_FILL_AREA(#13127);
#13127 = FILL_AREA_STYLE('',(#13128));
#13128 = FILL_AREA_STYLE_COLOUR('',#12660);
#13129 = SURFACE_STYLE_RENDERING_WITH_PROPERTIES(.NORMAL_SHADING.,#12660
  ,(#13130));
#13130 = SURFACE_STYLE_TRANSPARENT(0.);
#13131 = OVER_RIDING_STYLED_ITEM('overriding color',(#13132),#9936,
  #10400);
#13132 = PRESENTATION_STYLE_ASSIGNMENT((#13133));
#13133 = SURFACE_STYLE_USAGE(.BOTH.,#13134);
#13134 = SURFACE_SIDE_STYLE('',(#13135,#13138));
#13135 = SURFACE_STYLE_FILL_AREA(#13136);
#13136 = FILL_AREA_STYLE('',(#13137));
#13137 = FILL_AREA_STYLE_COLOUR('',#12660);
#13138 = SURFACE_STYLE_RENDERING_WITH_PROPERTIES(.NORMAL_SHADING.,#12660
  ,(#13139));
#13139 = SURFACE_STYLE_TRANSPARENT(0.);
#13140 = OVER_RIDING_STYLED_ITEM('overriding color',(#13141),#9994,
  #10400);
#13141 = PRESENTATION_STYLE_ASSIGNMENT((#13142));
#13142 = SURFACE_STYLE_USAGE(.BOTH.,#13143);
#13143 = SURFACE_SIDE_STYLE('',(#13144,#13147));
#13144 = SURFACE_STYLE_FILL_AREA(#13145);
#13145 = FILL_AREA_STYLE('',(#13146));
#13146 = FILL_AREA_STYLE_COLOUR('',#12660);
#13147 = SURFACE_STYLE_RENDERING_WITH_PROPERTIES(.NORMAL_SHADING.,#12660
  ,(#13148));
#13148 = SURFACE_STYLE_TRANSPARENT(0.);
#13149 = OVER_RIDING_STYLED_ITEM('overriding color',(#13150),#10018,
  #10400);
#13150 = PRESENTATION_STYLE_ASSIGNMENT((#13151));
#13151 = SURFACE_STYLE_USAGE(.BOTH.,#13152);
#13152 = SURFACE_SIDE_STYLE('',(#13153,#13156));
#13153 = SURFACE_STYLE_FILL_AREA(#13154);
#13154 = FILL_AREA_STYLE('',(#13155));
#13155 = FILL_AREA_STYLE_COLOUR('',#12660);
#13156 = SURFACE_STYLE_RENDERING_WITH_PROPERTIES(.NORMAL_SHADING.,#12660
  ,(#13157));
#13157 = SURFACE_STYLE_TRANSPARENT(0.);
#13158 = OVER_RIDING_STYLED_ITEM('overriding color',(#13159),#10069,
  #10400);
#13159 = PRESENTATION_STYLE_ASSIGNMENT((#13160));
#13160 = SURFACE_STYLE_USAGE(.BOTH.,#13161);
#13161 = SURFACE_SIDE_STYLE('',(#13162,#13165));
#13162 = SURFACE_STYLE_FILL_AREA(#13163);
#13163 = FILL_AREA_STYLE('',(#13164));
#13164 = FILL_AREA_STYLE_COLOUR('',#12660);
#13165 = SURFACE_STYLE_RENDERING_WITH_PROPERTIES(.NORMAL_SHADING.,#12660
  ,(#13166));
#13166 = SURFACE_STYLE_TRANSPARENT(0.);
#13167 = OVER_RIDING_STYLED_ITEM('overriding color',(#13168),#10086,
  #10400);
#13168 = PRESENTATION_STYLE_ASSIGNMENT((#13169));
#13169 = SURFACE_STYLE_USAGE(.BOTH.,#13170);
#13170 = SURFACE_SIDE_STYLE('',(#13171,#13174));
#13171 = SURFACE_STYLE_FILL_AREA(#13172);
#13172 = FILL_AREA_STYLE('',(#13173));
#13173 = FILL_AREA_STYLE_COLOUR('',#12660);
#13174 = SURFACE_STYLE_RENDERING_WITH_PROPERTIES(.NORMAL_SHADING.,#12660
  ,(#13175));
#13175 = SURFACE_STYLE_TRANSPARENT(0.);
#13176 = OVER_RIDING_STYLED_ITEM('overriding color',(#13177),#10103,
  #10400);
#13177 = PRESENTATION_STYLE_ASSIGNMENT((#13178));
#13178 = SURFACE_STYLE_USAGE(.BOTH.,#13179);
#13179 = SURFACE_SIDE_STYLE('',(#13180,#13183));
#13180 = SURFACE_STYLE_FILL_AREA(#13181);
#13181 = FILL_AREA_STYLE('',(#13182));
#13182 = FILL_AREA_STYLE_COLOUR('',#12660);
#13183 = SURFACE_STYLE_RENDERING_WITH_PROPERTIES(.NORMAL_SHADING.,#12660
  ,(#13184));
#13184 = SURFACE_STYLE_TRANSPARENT(0.);
#13185 = OVER_RIDING_STYLED_ITEM('overriding color',(#13186),#10120,
  #10400);
#13186 = PRESENTATION_STYLE_ASSIGNMENT((#13187));
#13187 = SURFACE_STYLE_USAGE(.BOTH.,#13188);
#13188 = SURFACE_SIDE_STYLE('',(#13189,#13192));
#13189 = SURFACE_STYLE_FILL_AREA(#13190);
#13190 = FILL_AREA_STYLE('',(#13191));
#13191 = FILL_AREA_STYLE_COLOUR('',#12660);
#13192 = SURFACE_STYLE_RENDERING_WITH_PROPERTIES(.NORMAL_SHADING.,#12660
  ,(#13193));
#13193 = SURFACE_STYLE_TRANSPARENT(0.);
#13194 = OVER_RIDING_STYLED_ITEM('overriding color',(#13195),#10137,
  #10400);
#13195 = PRESENTATION_STYLE_ASSIGNMENT((#13196));
#13196 = SURFACE_STYLE_USAGE(.BOTH.,#13197);
#13197 = SURFACE_SIDE_STYLE('',(#13198,#13201));
#13198 = SURFACE_STYLE_FILL_AREA(#13199);
#13199 = FILL_AREA_STYLE('',(#13200));
#13200 = FILL_AREA_STYLE_COLOUR('',#12660);
#13201 = SURFACE_STYLE_RENDERING_WITH_PROPERTIES(.NORMAL_SHADING.,#12660
  ,(#13202));
#13202 = SURFACE_STYLE_TRANSPARENT(0.);
#13203 = OVER_RIDING_STYLED_ITEM('overriding color',(#13204),#10149,
  #10400);
#13204 = PRESENTATION_STYLE_ASSIGNMENT((#13205));
#13205 = SURFACE_STYLE_USAGE(.BOTH.,#13206);
#13206 = SURFACE_SIDE_STYLE('',(#13207,#13210));
#13207 = SURFACE_STYLE_FILL_AREA(#13208);
#13208 = FILL_AREA_STYLE('',(#13209));
#13209 = FILL_AREA_STYLE_COLOUR('',#12660);
#13210 = SURFACE_STYLE_RENDERING_WITH_PROPERTIES(.NORMAL_SHADING.,#12660
  ,(#13211));
#13211 = SURFACE_STYLE_TRANSPARENT(0.);
#13212 = OVER_RIDING_STYLED_ITEM('overriding color',(#13213),#10180,
  #10400);
#13213 = PRESENTATION_STYLE_ASSIGNMENT((#13214));
#13214 = SURFACE_STYLE_USAGE(.BOTH.,#13215);
#13215 = SURFACE_SIDE_STYLE('',(#13216,#13219));
#13216 = SURFACE_STYLE_FILL_AREA(#13217);
#13217 = FILL_AREA_STYLE('',(#13218));
#13218 = FILL_AREA_STYLE_COLOUR('',#12660);
#13219 = SURFACE_STYLE_RENDERING_WITH_PROPERTIES(.NORMAL_SHADING.,#12660
  ,(#13220));
#13220 = SURFACE_STYLE_TRANSPARENT(0.);
#13221 = OVER_RIDING_STYLED_ITEM('overriding color',(#13222),#10238,
  #10400);
#13222 = PRESENTATION_STYLE_ASSIGNMENT((#13223));
#13223 = SURFACE_STYLE_USAGE(.BOTH.,#13224);
#13224 = SURFACE_SIDE_STYLE('',(#13225,#13228));
#13225 = SURFACE_STYLE_FILL_AREA(#13226);
#13226 = FILL_AREA_STYLE('',(#13227));
#13227 = FILL_AREA_STYLE_COLOUR('',#12660);
#13228 = SURFACE_STYLE_RENDERING_WITH_PROPERTIES(.NORMAL_SHADING.,#12660
  ,(#13229));
#13229 = SURFACE_STYLE_TRANSPARENT(0.);
#13230 = OVER_RIDING_STYLED_ITEM('overriding color',(#13231),#10262,
  #10400);
#13231 = PRESENTATION_STYLE_ASSIGNMENT((#13232));
#13232 = SURFACE_STYLE_USAGE(.BOTH.,#13233);
#13233 = SURFACE_SIDE_STYLE('',(#13234,#13237));
#13234 = SURFACE_STYLE_FILL_AREA(#13235);
#13235 = FILL_AREA_STYLE('',(#13236));
#13236 = FILL_AREA_STYLE_COLOUR('',#12660);
#13237 = SURFACE_STYLE_RENDERING_WITH_PROPERTIES(.NORMAL_SHADING.,#12660
  ,(#13238));
#13238 = SURFACE_STYLE_TRANSPARENT(0.);
#13239 = OVER_RIDING_STYLED_ITEM('overriding color',(#13240),#10287,
  #10400);
#13240 = PRESENTATION_STYLE_ASSIGNMENT((#13241));
#13241 = SURFACE_STYLE_USAGE(.BOTH.,#13242);
#13242 = SURFACE_SIDE_STYLE('',(#13243,#13246));
#13243 = SURFACE_STYLE_FILL_AREA(#13244);
#13244 = FILL_AREA_STYLE('',(#13245));
#13245 = FILL_AREA_STYLE_COLOUR('',#12660);
#13246 = SURFACE_STYLE_RENDERING_WITH_PROPERTIES(.NORMAL_SHADING.,#12660
  ,(#13247));
#13247 = SURFACE_STYLE_TRANSPARENT(0.);
#13248 = OVER_RIDING_STYLED_ITEM('overriding color',(#13249),#10330,
  #10400);
#13249 = PRESENTATION_STYLE_ASSIGNMENT((#13250));
#13250 = SURFACE_STYLE_USAGE(.BOTH.,#13251);
#13251 = SURFACE_SIDE_STYLE('',(#13252,#13255));
#13252 = SURFACE_STYLE_FILL_AREA(#13253);
#13253 = FILL_AREA_STYLE('',(#13254));
#13254 = FILL_AREA_STYLE_COLOUR('',#12660);
#13255 = SURFACE_STYLE_RENDERING_WITH_PROPERTIES(.NORMAL_SHADING.,#12660
  ,(#13256));
#13256 = SURFACE_STYLE_TRANSPARENT(0.);
#13257 = OVER_RIDING_STYLED_ITEM('overriding color',(#13258),#10347,
  #10400);
#13258 = PRESENTATION_STYLE_ASSIGNMENT((#13259));
#13259 = SURFACE_STYLE_USAGE(.BOTH.,#13260);
#13260 = SURFACE_SIDE_STYLE('',(#13261,#13264));
#13261 = SURFACE_STYLE_FILL_AREA(#13262);
#13262 = FILL_AREA_STYLE('',(#13263));
#13263 = FILL_AREA_STYLE_COLOUR('',#12660);
#13264 = SURFACE_STYLE_RENDERING_WITH_PROPERTIES(.NORMAL_SHADING.,#12660
  ,(#13265));
#13265 = SURFACE_STYLE_TRANSPARENT(0.);
#13266 = OVER_RIDING_STYLED_ITEM('overriding color',(#13267),#10364,
  #10400);
#13267 = PRESENTATION_STYLE_ASSIGNMENT((#13268));
#13268 = SURFACE_STYLE_USAGE(.BOTH.,#13269);
#13269 = SURFACE_SIDE_STYLE('',(#13270,#13273));
#13270 = SURFACE_STYLE_FILL_AREA(#13271);
#13271 = FILL_AREA_STYLE('',(#13272));
#13272 = FILL_AREA_STYLE_COLOUR('',#12660);
#13273 = SURFACE_STYLE_RENDERING_WITH_PROPERTIES(.NORMAL_SHADING.,#12660
  ,(#13274));
#13274 = SURFACE_STYLE_TRANSPARENT(0.);
#13275 = OVER_RIDING_STYLED_ITEM('overriding color',(#13276),#10381,
  #10400);
#13276 = PRESENTATION_STYLE_ASSIGNMENT((#13277));
#13277 = SURFACE_STYLE_USAGE(.BOTH.,#13278);
#13278 = SURFACE_SIDE_STYLE('',(#13279,#13282));
#13279 = SURFACE_STYLE_FILL_AREA(#13280);
#13280 = FILL_AREA_STYLE('',(#13281));
#13281 = FILL_AREA_STYLE_COLOUR('',#12660);
#13282 = SURFACE_STYLE_RENDERING_WITH_PROPERTIES(.NORMAL_SHADING.,#12660
  ,(#13283));
#13283 = SURFACE_STYLE_TRANSPARENT(0.);
ENDSEC;
END-ISO-10303-21;
